,chapter
0,01
1,01
2,01
3,01
4,01
5,01
6,01
7,01
8,01
9,01
10,01
11,01
12,01
13,01
14,01
15,01
16,01
17,01
18,01
19,01
20,01
21,01
22,01
23,01
24,01
25,01
26,01
27,01
28,01
29,01
30,01
31,01
32,01
33,01
34,01
35,01
36,01
37,01
38,01
39,01
40,01
41,01
42,01
43,01
44,01
45,01
46,01
47,01
48,01
49,01
50,01
51,01
52,01
53,01
54,01
55,01
56,01
57,01
58,01
59,01
60,01
61,01
62,01
63,01
64,01
65,01
66,01
67,01
68,01
69,01
70,01
71,01
72,01
73,01
74,01
75,01
76,01
77,01
78,01
79,01
80,01
81,01
82,01
83,01
84,02
85,02
86,02
87,02
88,02
89,02
90,02
91,02
92,02
93,02
94,02
95,02
96,02
97,02
98,02
99,02
100,02
101,02
102,02
103,02
104,02
105,02
106,02
107,02
108,02
109,02
110,02
111,02
112,02
113,02
114,02
115,02
116,02
117,02
118,02
119,02
120,02
121,02
122,02
123,02
124,02
125,02
126,02
127,02
128,02
129,02
130,02
131,02
132,02
133,02
134,02
135,02
136,02
137,02
138,02
139,02
140,02
141,02
142,02
143,02
144,02
145,02
146,02
147,02
148,02
149,02
150,02
151,02
152,02
153,02
154,02
155,02
156,02
157,02
158,02
159,02
160,02
161,02
162,02
163,02
165,02
166,02
167,02
168,02
169,02
170,02
171,02
172,02
173,02
174,02
175,02
176,02
177,02
178,02
179,02
180,02
181,02
182,02
183,02
184,02
185,02
186,02
187,02
188,02
189,02
190,02
191,02
192,02
193,02
194,02
195,02
196,02
197,02
198,02
199,02
200,02
201,02
202,02
203,02
204,02
205,02
206,02
207,02
208,02
209,02
210,02
211,02
212,02
213,02
214,02
215,02
216,02
217,02
218,02
219,02
220,02
221,02
222,02
223,02
224,02
225,02
226,02
227,02
228,02
229,02
230,02
231,02
232,02
233,02
234,02
235,02
236,02
237,02
238,02
239,02
240,02
241,02
242,02
243,02
244,02
245,02
246,02
247,02
248,02
249,02
250,02
251,02
252,02
253,02
254,02
255,02
256,02
257,02
258,02
259,02
260,02
261,02
262,02
263,02
264,02
265,02
266,02
267,02
268,02
269,02
270,02
271,02
272,02
273,02
274,02
275,02
276,02
277,02
278,02
279,02
280,02
281,02
282,02
283,02
284,02
285,02
286,02
287,02
288,02
289,02
290,02
291,02
292,02
293,02
294,02
295,02
296,02
297,02
298,02
299,02
300,02
301,02
302,02
303,02
304,02
305,02
306,02
307,02
308,02
309,02
310,02
311,02
312,02
313,02
314,02
315,02
316,02
317,02
318,02
319,02
320,02
321,02
322,02
323,02
324,02
325,02
326,02
327,02
328,02
329,02
330,02
331,02
332,02
333,02
334,02
335,02
336,02
337,02
338,02
339,02
340,02
341,02
342,02
343,02
344,02
345,02
346,02
347,02
348,02
349,02
350,02
351,02
352,02
353,02
354,02
355,02
356,02
357,02
358,02
359,02
360,02
361,02
362,02
363,02
364,02
365,02
366,02
367,02
368,02
369,02
370,02
371,02
372,02
373,02
374,02
375,02
376,02
377,02
378,02
379,02
380,02
381,02
382,02
383,02
384,03
385,03
386,03
387,03
388,03
389,03
390,03
391,03
392,03
393,03
394,03
395,03
396,03
397,03
398,03
399,03
400,03
401,03
402,03
403,03
404,03
405,03
406,03
407,03
408,03
409,03
410,03
411,03
412,03
413,03
414,03
415,03
416,03
417,03
418,03
419,03
420,03
421,03
422,03
423,03
424,03
425,03
426,03
427,03
428,03
429,03
430,03
431,03
432,03
433,03
434,03
435,03
436,03
437,03
438,03
439,03
440,03
441,03
442,03
443,03
444,03
445,03
446,03
447,03
448,03
449,03
450,03
451,03
452,03
453,03
454,03
455,03
456,03
457,03
458,03
459,03
460,03
461,03
462,03
463,03
464,03
465,03
466,03
467,03
468,03
469,03
470,03
471,03
472,03
473,03
474,03
475,03
476,03
477,03
478,03
479,03
480,03
481,03
482,03
483,03
484,03
485,03
486,03
487,03
488,03
489,03
490,03
491,03
492,03
493,03
494,03
495,03
496,03
497,03
498,03
499,03
500,03
501,03
502,03
503,03
504,03
505,03
506,03
507,03
508,03
509,03
510,03
511,03
512,03
513,03
514,03
515,03
516,03
517,03
518,03
519,03
520,03
521,03
522,03
523,03
524,03
525,03
526,03
527,03
528,03
529,03
530,03
531,03
532,03
533,03
534,03
535,03
536,03
537,03
538,03
539,03
540,03
541,03
542,03
543,03
544,03
545,03
546,03
547,03
548,03
549,03
550,03
551,03
552,03
553,03
554,03
555,03
556,03
557,03
558,03
559,03
560,03
561,03
562,03
563,03
564,03
565,03
566,03
567,03
568,03
569,03
570,03
571,03
572,03
573,03
574,03
575,03
576,03
577,03
578,03
579,03
580,03
581,03
582,03
583,03
584,03
585,03
586,03
587,03
588,03
589,03
590,03
591,03
592,03
593,03
594,03
595,03
596,03
597,03
598,03
599,03
600,03
601,03
602,03
603,03
604,03
605,03
606,03
607,03
608,03
609,03
610,03
611,03
612,03
613,03
614,03
615,03
616,03
617,03
618,03
619,03
620,03
621,03
622,03
623,03
624,03
625,03
626,03
627,03
628,03
629,03
630,03
631,03
632,03
633,03
634,03
635,03
636,03
637,03
638,03
639,03
640,03
641,03
642,03
643,03
644,03
645,03
646,03
647,03
648,03
649,03
650,03
651,03
652,03
653,03
654,03
655,03
656,03
657,03
658,03
659,03
660,03
661,03
662,03
663,03
664,03
665,03
666,03
667,03
668,03
669,03
670,03
671,03
672,03
673,03
674,03
675,03
676,03
677,03
678,03
679,03
680,03
681,03
682,03
683,04
684,04
685,04
686,04
687,04
688,04
689,04
690,04
691,04
692,04
693,04
694,04
695,04
696,04
697,04
698,04
699,04
700,04
701,04
702,04
703,04
704,04
705,04
706,04
707,04
708,04
709,04
710,04
711,04
712,04
713,04
714,04
715,04
716,04
717,04
718,04
719,04
720,04
721,04
722,04
723,04
724,04
725,04
726,04
727,04
728,04
729,04
730,04
731,04
732,04
733,04
734,04
735,04
736,04
737,04
738,04
739,04
740,04
741,04
742,04
743,04
744,04
745,04
746,04
747,04
748,04
749,04
750,04
751,04
752,04
753,04
754,04
755,04
756,04
757,04
758,04
759,04
760,04
761,04
762,04
763,04
764,04
765,04
766,04
767,04
768,04
769,04
770,04
771,04
772,04
773,04
774,04
775,04
776,04
777,04
778,04
779,04
780,04
781,04
782,04
783,04
784,04
785,04
786,04
787,04
788,04
789,04
790,04
791,04
792,04
793,04
794,04
795,04
796,04
797,04
798,04
799,04
800,04
801,04
802,04
803,04
804,04
805,04
806,04
807,04
808,04
809,04
810,04
811,04
812,04
813,04
814,04
815,04
816,04
817,04
818,04
819,04
820,04
821,04
822,04
823,04
824,04
825,04
826,04
827,04
828,04
829,04
830,04
831,04
832,04
833,04
834,04
835,04
836,04
837,04
838,04
839,04
840,04
841,04
842,04
843,04
844,04
845,04
846,04
847,04
848,04
849,04
850,04
851,04
852,04
853,04
854,04
855,04
856,04
857,04
858,04
859,04
860,04
861,04
862,04
863,04
864,04
865,04
866,04
867,04
868,04
869,04
870,04
871,04
872,04
873,04
874,04
875,04
876,04
877,04
878,04
879,04
880,04
881,04
882,04
883,04
884,04
885,04
886,04
888,04
890,04
892,05
893,05
894,05
895,05
897,05
898,05
899,05
900,05
901,05
902,05
903,05
904,05
905,05
906,05
907,05
908,05
910,05
912,05
913,05
914,05
915,05
916,05
917,05
918,05
919,05
920,05
921,05
922,05
923,06
924,06
925,06
926,06
927,06
928,06
929,06
930,06
931,06
932,06
933,06
934,06
935,06
936,06
937,06
938,06
939,06
940,06
941,06
942,06
943,06
944,06
945,06
946,06
947,06
948,06
949,06
950,06
951,06
952,06
953,06
954,06
955,06
956,06
957,06
958,06
959,06
960,06
961,06
962,06
963,06
964,06
965,06
966,06
967,06
968,06
969,06
970,06
971,06
972,06
973,06
974,06
975,06
976,06
977,06
978,06
979,06
980,06
981,07
982,07
983,07
984,07
985,07
986,07
988,07
989,07
990,07
991,07
992,07
993,07
994,07
995,07
996,07
997,07
998,07
999,07
1000,07
1001,07
1002,07
1003,07
1004,07
1005,07
1006,07
1007,07
1008,07
1009,07
1010,07
1011,07
1012,07
1014,07
1015,07
1016,07
1017,07
1018,07
1019,07
1020,07
1021,07
1022,07
1023,07
1024,07
1025,07
1026,07
1027,07
1028,07
1029,07
1030,07
1031,07
1032,07
1033,07
1034,07
1035,07
1036,07
1037,07
1038,07
1039,07
1040,07
1041,07
1042,07
1043,07
1044,07
1045,07
1046,07
1047,07
1048,07
1049,07
1050,07
1051,07
1052,07
1053,07
1054,07
1055,07
1056,07
1057,07
1058,07
1059,07
1060,07
1061,07
1062,07
1063,07
1064,07
1065,07
1066,07
1067,07
1068,07
1069,07
1070,07
1071,07
1072,07
1073,07
1074,07
1075,07
1076,07
1077,07
1078,07
1079,07
1080,07
1081,07
1082,07
1083,07
1084,07
1085,07
1086,07
1087,07
1088,07
1089,07
1090,07
1091,07
1092,07
1093,07
1094,07
1095,07
1096,07
1097,07
1098,07
1099,07
1100,07
1101,07
1102,07
1103,07
1104,07
1105,07
1106,07
1107,07
1108,07
1109,07
1110,07
1111,07
1112,07
1113,07
1114,07
1115,07
1116,07
1117,07
1118,07
1119,07
1120,07
1121,07
1122,07
1123,07
1124,08
1125,08
1126,08
1127,08
1128,08
1129,08
1130,08
1131,08
1132,08
1133,08
1134,08
1135,08
1136,08
1137,08
1138,08
1139,08
1140,08
1141,08
1142,08
1143,08
1144,08
1145,08
1146,08
1147,08
1148,08
1149,08
1150,08
1151,08
1152,08
1153,08
1154,08
1155,08
1156,08
1157,08
1158,08
1159,08
1160,08
1161,08
1162,08
1163,08
1164,08
1165,08
1166,08
1167,08
1168,08
1169,08
1170,08
1171,08
1172,08
1173,08
1174,08
1175,08
1176,08
1177,08
1178,08
1179,08
1180,08
1181,08
1182,08
1183,08
1184,08
1185,08
1186,08
1187,08
1188,08
1189,08
1190,08
1191,08
1192,08
1193,08
1194,08
1195,08
1196,08
1197,08
1198,08
1199,08
1200,08
1201,08
1202,08
1203,08
1204,08
1205,08
1206,08
1207,08
1208,08
1209,08
1210,08
1211,08
1212,08
1213,08
1214,08
1215,08
1216,08
1217,08
1218,08
1219,08
1220,08
1221,08
1222,08
1223,08
1224,08
1225,08
1226,08
1227,08
1228,08
1229,08
1230,08
1231,08
1232,08
1233,08
1234,08
1235,08
1236,08
1237,08
1238,08
1239,08
1240,08
1241,08
1242,08
1243,08
1244,08
1245,08
1246,08
1247,08
1248,08
1249,08
1250,08
1251,08
1252,08
1253,08
1254,08
1255,08
1256,08
1257,08
1258,08
1259,08
1260,08
1261,08
1262,08
1263,08
1264,08
1265,08
1266,08
1267,08
1268,08
1269,08
1270,08
1271,08
1272,08
1273,08
1274,08
1275,08
1276,08
1277,08
1278,08
1279,08
1280,08
1281,08
1282,08
1283,08
1284,08
1285,08
1287,08
1288,09
1289,09
1290,09
1291,09
1292,09
1293,09
1294,09
1295,09
1296,09
1297,09
1298,09
1299,09
1300,09
1302,09
1303,09
1304,09
1305,09
1306,09
1307,09
1308,09
1309,09
1310,09
1311,09
1312,09
1313,09
1314,09
1315,09
1316,09
1317,09
1318,09
1319,09
1320,09
1321,09
1322,09
1323,09
1324,09
1325,09
1326,09
1327,09
1328,09
1329,09
1330,09
1331,09
1332,09
1333,09
1334,09
1335,09
1336,09
1337,09
1338,09
1339,09
1340,09
1341,09
1342,09
1343,09
1344,09
1345,09
1346,09
1347,09
1348,09
1349,09
1350,09
1351,09
1352,09
1353,10
1354,10
1355,10
1356,10
1357,10
1358,10
1359,10
1360,10
1361,10
1362,10
1363,10
1364,10
1365,10
1366,10
1367,10
1368,10
1369,10
1370,10
1371,10
1372,10
1373,10
1374,10
1375,10
1376,10
1377,10
1378,10
1379,10
1380,10
1381,10
1382,10
1383,10
1384,10
1385,10
1386,10
1387,10
1388,10
1389,10
1390,10
1391,10
1392,10
1393,10
1394,10
1395,10
1396,10
1397,10
1398,10
1399,10
1400,10
1401,10
1402,10
1403,10
1404,10
1405,10
1406,10
1407,10
1408,10
1409,10
1410,10
1411,10
1412,10
1413,10
1414,10
1415,10
1416,10
1417,10
1418,10
1419,10
1420,10
1421,10
1422,10
1423,10
1424,10
1426,11
1427,11
1428,11
1429,11
1430,11
1431,11
1432,11
1433,11
1434,11
1435,11
1436,11
1437,11
1438,11
1439,11
1440,11
1441,11
1442,11
1443,11
1444,11
1445,11
1446,11
1447,11
1448,11
1449,11
1450,11
1451,11
1452,11
1453,11
1454,11
1455,11
1456,11
1457,11
1458,11
1459,11
1460,11
1461,11
1462,11
1463,11
1464,11
1465,11
1466,11
1467,11
1468,11
1469,11
1470,11
1471,11
1472,11
1473,11
1474,11
1475,11
1476,11
1477,11
1478,11
1479,11
1480,11
1481,11
1482,11
1483,11
1484,11
1485,11
1486,11
1487,11
1488,11
1489,11
1490,11
1491,11
1492,11
1493,11
1494,11
1495,11
1496,11
1497,11
1498,11
1499,11
1500,11
1501,11
1502,11
1503,11
1504,11
1505,11
1506,11
1507,11
1508,11
1509,11
1510,11
1511,11
1512,11
1513,11
1514,11
1515,11
1516,11
1517,11
1518,11
1519,11
1521,11
1522,12
1523,12
1524,12
1525,12
1526,12
1527,12
1528,12
1530,12
1532,12
1533,12
1534,12
1535,12
1536,12
1537,12
1538,12
1539,12
1541,12
1542,12
1543,12
1544,12
1545,12
1546,12
1547,12
1548,12
1549,12
1550,12
1551,12
1552,12
1553,12
1554,12
1555,12
1556,12
1557,12
1558,12
1559,12
1560,12
1561,12
1562,12
1563,12
1564,12
1565,12
1566,12
1567,12
1568,12
1569,12
1570,12
1571,12
1572,12
1573,12
1574,12
1575,12
1576,12
1577,12
1578,12
1579,12
1580,12
1581,12
1582,12
1583,12
1584,12
1585,12
1586,12
1587,12
1588,12
1589,12
1590,12
1591,12
1592,12
1593,12
1594,12
1595,12
1596,12
1597,12
1598,12
1599,12
1600,12
1601,12
1602,12
1603,12
1604,12
1605,12
1606,12
1607,12
1608,12
1609,12
1610,12
1611,12
1612,12
1613,12
1614,12
1615,12
1616,12
1617,12
1618,12
1619,12
1620,12
1622,12
1623,12
1624,12
1625,12
1626,12
1627,12
1628,13
1629,13
1630,13
1631,13
1632,13
1633,13
1634,13
1635,13
1636,13
1637,13
1638,13
1639,13
1640,13
1641,13
1642,13
1643,13
1644,13
1645,13
1646,13
1647,14
1648,14
1649,14
1650,14
1651,14
1652,14
1653,14
1654,15
1655,15
1656,15
1657,15
1658,15
1659,15
1660,15
1661,15
1662,15
1663,15
1664,15
1665,15
1666,15
1667,15
1668,15
1670,15
1671,15
1672,15
1673,15
1674,15
1675,15
1676,15
1677,15
1678,15
1679,15
1680,15
1681,15
1682,15
1683,15
1684,15
1685,15
1687,15
1688,15
1689,15
1691,15
1692,15
1693,15
1694,15
1695,15
1696,15
1697,15
1698,15
1699,15
1700,15
1701,15
1702,15
1703,15
1704,15
1705,15
1706,15
1707,15
1708,15
1709,15
1710,15
1711,15
1713,15
1714,15
1715,15
1716,15
1717,15
1718,15
1719,15
1720,15
1721,15
1722,15
1723,15
1724,15
1725,15
1726,15
1727,15
1728,15
1729,15
1730,15
1731,15
1732,15
1733,15
1734,15
1735,15
1736,15
1737,15
1738,15
1739,15
1740,15
1741,15
1742,15
1743,15
1744,15
1745,15
1746,15
1747,15
1748,15
1749,15
1750,15
1751,15
1752,15
1753,15
1754,15
1755,15
1756,15
1757,15
1758,15
1759,15
1760,15
1761,15
1762,15
1763,15
1764,15
1765,15
1766,15
1767,15
1768,15
1769,15
1770,15
1771,15
1772,15
1773,15
1774,15
1775,15
1776,15
1777,15
1778,15
1779,15
1780,15
1781,15
1782,15
1783,15
1784,15
1785,15
1786,15
1787,15
1788,15
1789,15
1790,15
1791,15
1792,15
1793,15
1794,15
1795,15
1796,15
1797,15
1798,15
1799,15
1800,15
1801,15
1802,15
1803,15
1804,15
1805,15
1806,15
1807,15
1808,15
1809,15
1810,15
1811,15
1812,15
1813,15
1814,15
1815,15
1816,15
1817,15
1818,15
1819,15
1820,15
1821,15
1822,15
1824,15
1825,15
1826,15
1827,15
1828,15
1829,15
1830,15
1832,15
1833,15
1834,15
1835,15
1836,15
1837,15
1838,15
1840,15
1841,15
1842,15
1843,15
1844,15
1845,15
1847,16
1848,16
1849,16
1850,16
1851,16
1852,16
1853,16
1854,16
1855,16
1856,16
1857,16
1858,16
1859,16
1860,16
1861,16
1862,16
1863,16
1864,16
1865,16
1866,16
1867,16
1868,16
1869,16
1870,16
1871,16
1872,16
1873,16
1874,16
1875,16
1876,16
1877,16
1878,16
1879,16
1880,16
1881,16
1882,16
1883,16
1884,16
1885,16
1886,16
1887,16
1888,16
1889,16
1890,16
1891,16
1892,16
1893,16
1894,16
1895,16
1897,16
1898,16
1899,16
1900,16
1901,16
1902,16
1903,16
1904,16
1905,16
1906,16
1907,16
1908,16
1909,16
1910,16
1911,16
1912,16
1913,16
1914,16
1915,16
1916,16
1917,16
1918,16
1919,16
1920,16
1921,16
1922,16
1923,16
1924,16
1925,16
1926,16
1927,16
1928,16
1929,16
1930,16
1931,16
1932,16
1933,16
1934,16
1935,16
1936,16
1937,16
1938,16
1939,16
1940,16
1941,16
1942,16
1943,16
1944,16
1945,16
1946,16
1947,16
1948,16
1949,16
1950,16
1951,16
1952,16
1953,16
1954,16
1955,16
1956,16
1957,16
1958,16
1959,16
1960,16
1961,16
1962,16
1963,16
1964,16
1965,16
1966,16
1967,16
1968,16
1969,16
1970,16
1971,16
1972,16
1973,16
1974,17
1975,17
1976,17
1977,17
1978,17
1979,17
1980,17
1981,17
1982,17
1983,17
1984,17
1985,17
1986,17
1987,17
1988,17
1989,17
1990,17
1991,17
1992,17
1993,17
1994,17
1995,17
1996,17
1997,17
1998,17
1999,17
2000,17
2001,17
2002,17
2003,17
2004,17
2005,17
2006,17
2007,17
2008,17
2009,17
2010,17
2011,17
2012,17
2013,17
2014,17
2015,17
2016,17
2017,17
2018,17
2019,17
2020,17
2021,17
2022,17
2023,17
2024,17
2025,17
2026,17
2027,17
2028,17
2029,17
2030,17
2031,17
2032,17
2034,18
2036,18
2037,18
2038,18
2039,18
2041,18
2043,18
2044,18
2045,18
2046,18
2047,18
2048,18
2049,18
2050,18
2051,18
2052,18
2053,18
2054,18
2055,18
2056,18
2057,18
2058,18
2059,18
2060,18
2061,18
2062,18
2063,18
2064,18
2065,18
2066,18
2067,18
2068,18
2069,18
2070,19
2071,19
2072,19
2073,19
2074,19
2075,19
2076,19
2077,19
2078,19
2079,19
2080,19
2081,19
2082,19
2083,19
2084,19
2085,19
2086,19
2087,19
2088,19
2089,19
2090,19
2091,19
2092,19
2093,19
2094,19
2096,19
2097,19
2098,19
2099,19
2100,19
2101,19
2102,19
2103,19
2104,19
2105,19
2106,19
2107,19
2108,19
2109,19
2110,19
2111,19
2112,19
2113,19
2114,19
2115,19
2116,19
2117,19
2118,19
2119,19
2120,19
2121,19
2122,19
2123,19
2124,19
2125,19
2126,19
2127,19
2128,19
2129,19
2130,19
2131,19
2132,19
2133,19
2134,19
2135,19
2136,19
2137,19
2138,19
2139,19
2140,20
2141,20
2142,20
2143,20
2144,20
2145,20
2146,20
2147,20
2148,20
2149,20
2150,20
2151,20
2152,20
2153,20
2154,20
2155,20
2156,20
2157,20
2158,20
2159,20
2160,20
2161,20
2162,20
2163,20
2164,20
2165,20
2166,20
2167,20
2168,20
2169,20
2170,20
2171,20
2172,20
2173,20
2174,20
2175,20
2176,20
2177,20
2178,20
2179,20
2180,20
2181,20
2182,20
2183,20
2184,20
2185,20
2186,20
2187,20
2188,20
2189,20
2190,20
2191,20
2192,20
2193,20
2194,20
2195,20
2196,20
2197,20
2198,20
2199,20
2200,20
2202,20
2203,20
2204,20
2205,20
2206,20
2207,20
2208,20
2209,20
2210,20
2211,20
2212,20
2213,20
2214,20
2215,20
2216,20
2217,20
2218,20
2219,20
2220,20
2221,20
2222,20
2223,20
2224,20
2225,20
2226,20
2227,20
2228,20
2229,20
2230,20
2231,20
2232,20
2233,20
2234,20
2235,20
2236,20
2237,20
2238,20
2239,20
2240,20
2241,20
2242,20
2243,20
2244,20
2245,20
2246,20
2247,20
2248,20
2249,20
2250,20
2251,20
2252,20
2253,20
2254,20
2255,20
2256,20
2257,20
2258,20
2259,20
2260,20
2261,20
2262,20
2263,20
2264,20
2265,20
2266,20
2267,20
2268,20
2269,20
2270,20
2271,20
2272,20
2273,20
2274,20
2275,20
2276,20
2277,20
2278,20
2279,20
2280,20
2281,20
2282,20
2283,20
2284,20
2285,20
2286,20
2287,20
2288,20
2289,20
2290,20
2291,20
2292,20
2293,20
2294,20
2295,20
2296,20
2297,20
2298,20
2299,20
2300,20
2301,20
2302,20
2303,20
2304,20
2305,20
2306,20
2307,20
2308,20
2309,20
2310,20
2311,20
2312,20
2313,20
2314,20
2315,20
2316,20
2317,20
2318,20
2319,20
2320,20
2321,20
2322,20
2323,20
2324,20
2325,20
2326,20
2327,20
2328,20
2329,20
2330,20
2331,20
2332,20
2333,20
2334,20
2335,20
2336,20
2337,20
2338,20
2339,20
2340,20
2341,20
2342,20
2343,20
2344,20
2345,20
2346,20
2347,20
2348,20
2349,20
2350,20
2351,20
2352,20
2353,20
2354,20
2355,20
2356,20
2357,20
2358,20
2359,20
2360,20
2361,20
2362,20
2363,20
2364,20
2365,20
2366,20
2367,20
2368,20
2369,20
2370,20
2371,20
2372,20
2373,20
2374,20
2375,20
2376,20
2377,20
2378,20
2379,20
2380,20
2381,20
2382,20
2383,20
2384,20
2385,20
2386,20
2387,20
2388,20
2389,20
2390,20
2391,20
2392,20
2393,20
2394,20
2395,20
2396,20
2397,20
2398,20
2399,20
2400,20
2401,20
2402,20
2403,20
2404,20
2405,20
2406,20
2407,20
2408,20
2409,20
2410,20
2411,20
2412,20
2413,20
2414,20
2415,20
2416,20
2417,20
2418,20
2419,20
2420,20
2421,20
2422,20
2423,20
2424,20
2425,20
2426,20
2427,20
2428,20
2429,20
2430,20
2431,20
2432,20
2433,20
2434,20
2435,20
2436,20
2437,20
2438,20
2439,20
2440,21
2441,21
2442,21
2443,21
2444,21
2445,21
2446,21
2447,21
2448,21
2449,21
2450,21
2451,21
2452,21
2453,21
2454,21
2455,21
2456,21
2457,21
2458,21
2459,21
2460,21
2461,21
2462,21
2463,21
2464,21
2465,21
2466,21
2467,21
2468,21
2469,21
2470,21
2471,21
2472,21
2473,21
2474,21
2475,21
2476,21
2477,21
2479,21
2480,21
2481,21
2482,21
2483,21
2484,21
2485,21
2486,21
2487,21
2488,21
2489,21
2490,21
2491,21
2492,21
2493,21
2494,21
2495,22
2496,22
2497,22
2498,22
2499,22
2500,22
2501,22
2502,22
2503,22
2504,22
2505,22
2506,22
2507,22
2508,22
2509,22
2510,22
2512,22
2513,22
2514,22
2515,22
2516,22
2517,22
2518,22
2519,22
2520,22
2521,22
2522,22
2523,22
2524,22
2525,22
2526,22
2527,22
2528,22
2529,22
2530,22
2531,22
2532,22
2533,22
2534,22
2535,22
2536,22
2537,22
2538,22
2539,22
2540,22
2541,22
2542,22
2543,22
2544,22
2545,22
2546,22
2547,22
2548,22
2549,22
2550,22
2551,22
2552,22
2553,22
2554,22
2555,22
2556,22
2557,22
2558,22
2559,22
2560,22
2561,22
2562,22
2563,22
2564,22
2565,22
2566,22
2567,22
2568,22
2569,22
2570,22
2571,22
2572,22
2573,22
2574,22
2575,22
2576,22
2577,22
2578,22
2579,22
2580,22
2581,22
2582,22
2583,22
2584,22
2585,22
2586,22
2587,22
2588,22
2589,22
2590,22
2591,22
2592,22
2593,22
2594,22
2595,22
2596,22
2597,22
2598,22
2599,22
2600,22
2601,22
2602,22
2603,22
2604,22
2605,22
2606,22
2607,22
2608,22
2609,22
2610,22
2611,22
2612,22
2613,22
2614,22
2615,22
2616,22
2617,22
2618,22
2619,22
2620,22
2621,22
2622,22
2623,22
2624,22
2625,22
2626,22
2627,22
2628,22
2629,22
2630,22
2631,22
2632,22
2633,22
2634,22
2635,22
2636,22
2637,22
2638,22
2639,22
2640,22
2641,22
2642,22
2643,22
2644,22
2645,22
2646,22
2647,22
2648,22
2649,22
2650,22
2651,22
2652,22
2653,22
2654,22
2656,22
2657,22
2658,22
2659,22
2660,22
2661,22
2662,22
2663,22
2664,22
2665,22
2666,22
2667,22
2668,22
2669,22
2670,22
2671,22
2672,22
2673,22
2674,22
2675,22
2676,22
2677,22
2678,22
2679,22
2680,22
2681,22
2682,22
2683,22
2684,22
2685,22
2686,22
2687,22
2688,22
2689,22
2690,22
2691,22
2692,22
2693,22
2694,22
2695,22
2696,22
2697,22
2698,22
2699,22
2700,22
2701,22
2702,22
2703,22
2704,22
2705,22
2706,22
2707,22
2708,22
2709,22
2710,22
2711,22
2712,22
2713,22
2714,22
2715,22
2716,22
2717,22
2718,22
2719,22
2720,22
2721,22
2722,22
2723,22
2724,22
2725,22
2726,22
2727,22
2728,22
2729,22
2731,22
2732,22
2733,22
2734,22
2735,22
2736,23
2737,23
2738,23
2739,23
2740,23
2741,23
2742,23
2743,23
2744,23
2745,23
2746,23
2747,23
2748,23
2749,23
2750,23
2751,23
2752,23
2753,23
2754,23
2755,23
2756,23
2757,23
2758,23
2759,23
2760,23
2762,23
2764,23
2765,23
2766,23
2767,23
2768,23
2769,23
2770,23
2771,23
2772,23
2773,23
2774,23
2775,23
2776,23
2777,23
2779,23
2780,23
2781,23
2782,23
2784,23
2785,23
2786,23
2787,23
2788,23
2789,23
2790,23
2791,23
2792,23
2793,23
2794,23
2795,23
2796,23
2797,23
2798,23
2799,23
2800,23
2801,23
2802,23
2803,23
2804,23
2805,23
2806,23
2807,23
2808,23
2809,23
2810,23
2811,23
2812,23
2813,23
2814,23
2815,23
2816,23
2817,23
2818,23
2819,24
2820,24
2821,24
2822,24
2823,24
2824,24
2825,24
2826,24
2827,24
2828,24
2829,24
2830,24
2831,24
2832,24
2833,24
2834,24
2835,24
2836,24
2837,24
2838,24
2839,24
2840,24
2841,24
2842,24
2843,24
2844,24
2845,24
2846,24
2847,24
2849,25
2850,25
2851,25
2852,25
2853,25
2854,25
2856,25
2858,25
2859,25
2860,25
2861,25
2862,25
2863,25
2864,25
2865,25
2866,25
2867,25
2868,25
2869,25
2871,25
2872,25
2873,25
2874,25
2875,25
2876,25
2877,25
2878,25
2879,25
2880,25
2882,25
2883,25
2884,25
2885,25
2886,25
2887,25
2888,25
2890,25
2891,25
2892,25
2893,25
2895,25
2896,25
2897,25
2898,25
2899,25
2900,25
2901,25
2902,25
2903,25
2904,25
2905,25
2906,25
2907,25
2908,25
2909,25
2910,25
2911,25
2912,25
2913,25
2914,25
2915,25
2916,25
2917,25
2918,25
2919,25
2920,25
2921,25
2922,25
2923,25
2924,25
2925,25
2926,25
2928,25
2929,25
2930,25
2931,25
2932,25
2933,25
2934,25
2935,25
2936,25
2937,25
2938,25
2939,25
2940,25
2941,25
2942,25
2943,25
2944,25
2945,25
2946,25
2947,25
2948,25
2950,25
2951,25
2952,25
2953,25
2954,25
2955,25
2956,25
2957,25
2958,25
2959,25
2960,26
2961,26
2962,26
2963,26
2965,26
2967,26
2969,26
2971,26
2973,26
2975,26
2977,26
2979,26
2981,26
2983,26
2984,26
2985,26
2986,26
2987,26
2988,26
2989,26
2990,26
2991,26
2992,26
2993,26
2995,26
2996,26
2997,26
2998,26
2999,26
3000,26
3001,26
3002,26
3003,26
3004,26
3006,26
3008,26
3009,26
3010,26
3011,26
3012,26
3013,26
3014,26
3015,26
3016,26
3017,26
3018,26
3019,26
3020,26
3021,26
3022,26
3023,26
3024,26
3025,26
3026,26
3027,26
3028,26
3029,27
3030,27
3031,27
3032,27
3033,27
3034,27
3035,27
3036,27
3037,27
3038,27
3040,27
3042,27
3043,27
3044,27
3045,27
3047,27
3049,27
3050,27
3051,27
3052,27
3053,27
3054,27
3055,27
3056,27
3057,27
3058,27
3059,27
3060,27
3061,27
3062,27
3063,27
3064,27
3065,27
3066,27
3067,27
3069,27
3070,27
3071,27
3072,27
3073,27
3074,27
3075,27
3076,27
3077,27
3078,27
3079,27
3080,27
3081,27
3082,27
3083,27
3084,27
3085,27
3086,27
3087,27
3088,27
3089,27
3090,27
3091,27
3092,27
3093,27
3094,27
3095,27
3096,27
3097,27
3098,27
3099,27
3100,27
3101,27
3102,27
3103,27
3104,27
3105,27
3106,27
3107,27
3108,27
3109,27
3110,27
3111,27
3112,27
3113,27
3114,27
3115,27
3116,27
3117,27
3118,27
3119,27
3120,27
3121,27
3122,27
3123,27
3124,27
3125,27
3126,27
3127,27
3128,27
3129,27
3130,27
3131,27
3132,27
3133,27
3134,27
3135,27
3136,27
3137,27
3138,27
3139,27
3140,27
3141,27
3142,27
3143,27
3144,27
3145,27
3146,27
3147,27
3148,27
3149,27
3150,27
3151,27
3152,27
3153,27
3154,27
3155,27
3156,27
3157,27
3158,27
3159,27
3160,27
3161,27
3162,27
3164,27
3166,27
3167,28
3168,28
3169,28
3170,28
3171,28
3172,28
3174,28
3176,28
3177,28
3178,28
3179,28
3180,28
3181,28
3182,28
3183,28
3184,28
3185,28
3186,28
3187,28
3188,28
3189,28
3190,28
3191,28
3192,28
3193,28
3194,28
3195,28
3196,28
3197,28
3198,28
3199,28
3200,28
3201,28
3202,28
3203,28
3204,28
3205,28
3206,28
3207,28
3208,28
3209,28
3210,28
3212,28
3214,28
3215,28
3216,28
3217,28
3219,28
3220,28
3221,28
3222,28
3223,28
3224,28
3225,28
3226,28
3227,28
3228,28
3229,28
3230,28
3231,28
3232,28
3233,28
3234,28
3235,28
3236,28
3237,28
3238,28
3239,28
3240,28
3241,28
3242,28
3243,28
3244,28
3245,28
3246,28
3247,28
3248,28
3249,28
3250,28
3251,28
3252,28
3253,28
3254,28
3255,28
3256,28
3257,28
3258,28
3259,28
3260,28
3261,28
3262,28
3264,28
3265,28
3266,28
3267,28
3268,28
3269,28
3270,28
3271,28
3272,28
3273,28
3274,28
3275,28
3276,28
3277,28
3278,28
3279,28
3280,28
3281,28
3282,28
3283,28
3284,28
3285,28
3287,28
3289,28
3290,28
3291,28
3292,28
3293,28
3294,28
3295,28
3296,28
3297,28
3298,28
3299,28
3300,28
3301,28
3302,28
3303,28
3304,28
3305,28
3306,28
3307,28
3308,28
3309,28
3310,28
3311,28
3312,28
3313,28
3314,28
3315,28
3316,28
3317,28
3318,28
3319,28
3320,28
3321,28
3322,28
3323,28
3324,28
3325,28
3326,28
3327,28
3328,28
3329,28
3330,28
3331,28
3332,28
3333,28
3334,28
3335,28
3336,28
3337,28
3338,28
3339,28
3340,28
3341,28
3342,28
3343,28
3344,28
3345,28
3346,28
3347,28
3348,28
3349,28
3350,28
3351,28
3352,28
3353,28
3354,28
3355,28
3356,28
3357,28
3358,28
3359,28
3360,28
3361,28
3362,28
3363,28
3364,28
3365,28
3366,28
3367,28
3368,28
3369,28
3370,28
3371,28
3372,28
3373,28
3374,28
3375,28
3376,28
3377,28
3378,28
3379,28
3380,28
3381,28
3382,28
3383,28
3384,28
3385,28
3386,28
3387,28
3388,28
3389,28
3390,28
3391,28
3392,28
3393,28
3394,28
3395,28
3396,28
3397,28
3398,28
3399,28
3400,28
3401,28
3402,28
3403,28
3404,28
3405,28
3406,28
3407,28
3408,28
3409,28
3410,28
3411,28
3412,28
3413,28
3414,28
3415,28
3416,28
3417,28
3418,28
3419,28
3420,28
3421,28
3422,28
3423,28
3424,28
3425,28
3426,28
3427,28
3428,28
3429,28
3430,28
3431,28
3432,28
3433,28
3434,28
3435,28
3436,28
3437,28
3438,28
3439,28
3440,28
3441,28
3442,28
3443,28
3444,28
3445,28
3446,28
3447,28
3448,28
3449,28
3450,28
3451,28
3452,28
3453,28
3454,28
3455,28
3456,28
3457,28
3458,28
3459,28
3460,28
3461,28
3462,28
3463,28
3464,28
3465,28
3466,28
3467,28
3468,28
3469,28
3471,28
3472,28
3473,28
3474,29
3475,29
3476,29
3477,29
3478,29
3479,29
3480,29
3481,29
3482,29
3483,29
3484,29
3485,29
3486,29
3487,29
3488,29
3489,29
3490,29
3491,29
3492,29
3493,29
3494,29
3495,29
3496,29
3497,29
3498,29
3499,29
3500,29
3501,29
3502,29
3503,29
3504,29
3505,29
3506,29
3507,29
3508,29
3509,29
3510,29
3511,29
3512,29
3513,29
3514,29
3515,29
3516,29
3517,29
3518,29
3519,29
3520,29
3521,29
3522,29
3523,29
3524,29
3525,29
3526,29
3527,29
3528,29
3529,29
3530,29
3531,29
3532,29
3533,29
3534,29
3535,29
3536,29
3537,29
3538,29
3539,29
3540,29
3541,29
3542,29
3543,29
3544,29
3545,29
3546,29
3547,29
3548,29
3549,29
3550,29
3551,29
3552,29
3553,29
3554,29
3555,29
3556,29
3557,29
3558,29
3559,29
3560,29
3561,29
3562,29
3563,29
3564,29
3565,29
3566,29
3567,29
3568,29
3569,29
3570,29
3571,29
3572,29
3573,29
3574,29
3575,29
3576,29
3577,29
3578,29
3579,29
3580,29
3581,29
3582,29
3583,29
3584,29
3585,29
3586,29
3587,29
3588,29
3589,29
3590,29
3591,29
3592,29
3593,29
3594,29
3595,29
3596,29
3597,29
3598,29
3599,29
3600,29
3601,29
3602,29
3603,29
3604,29
3605,29
3606,29
3607,29
3608,29
3609,29
3610,29
3611,29
3612,29
3613,29
3614,29
3615,29
3616,29
3617,29
3618,29
3619,29
3620,29
3621,29
3622,29
3623,29
3624,29
3625,29
3626,29
3627,29
3628,29
3629,29
3630,29
3631,29
3632,29
3633,29
3634,29
3635,29
3636,29
3637,29
3638,29
3639,29
3640,29
3641,29
3642,29
3643,29
3644,29
3645,29
3646,29
3647,29
3648,29
3649,29
3650,29
3651,29
3652,29
3653,29
3654,29
3655,29
3657,29
3658,29
3659,29
3660,29
3661,29
3662,29
3663,29
3664,29
3665,29
3666,29
3667,29
3668,29
3670,29
3671,29
3672,29
3673,29
3674,29
3675,29
3676,29
3677,29
3678,29
3679,29
3680,29
3681,29
3682,29
3683,29
3684,29
3685,29
3686,29
3687,29
3688,29
3689,29
3690,29
3691,29
3692,29
3693,29
3694,29
3695,29
3696,29
3697,29
3698,29
3699,29
3700,29
3701,29
3702,29
3703,29
3704,29
3705,29
3706,29
3707,29
3708,29
3709,29
3710,29
3711,29
3712,29
3713,29
3714,29
3715,29
3716,29
3717,29
3718,29
3719,29
3720,29
3721,29
3722,29
3723,29
3724,29
3725,29
3726,29
3727,29
3728,29
3729,29
3730,29
3731,29
3732,29
3733,29
3734,29
3735,29
3736,29
3737,29
3738,29
3740,29
3741,29
3742,29
3743,29
3744,29
3745,29
3746,29
3747,29
3748,29
3749,29
3750,29
3751,29
3752,29
3753,29
3754,29
3755,29
3756,29
3757,29
3758,29
3759,29
3760,29
3761,29
3762,29
3763,29
3764,29
3765,29
3766,29
3767,29
3768,29
3769,29
3770,29
3771,30
3772,30
3773,30
3774,30
3775,30
3776,30
3777,30
3778,30
3779,30
3780,30
3781,30
3782,30
3783,30
3784,30
3785,30
3786,30
3787,30
3788,30
3789,30
3790,30
3791,30
3792,30
3793,30
3794,30
3795,30
3796,30
3797,30
3798,30
3799,30
3800,30
3801,30
3802,30
3803,30
3804,30
3805,30
3806,30
3807,30
3808,30
3809,30
3810,30
3811,30
3812,30
3813,30
3814,30
3815,30
3816,30
3817,30
3818,30
3819,30
3820,30
3821,30
3822,30
3823,30
3824,30
3825,30
3826,30
3827,30
3828,30
3829,30
3830,30
3831,30
3832,30
3833,30
3834,30
3835,30
3836,30
3838,31
3839,31
3840,31
3841,31
3842,31
3843,31
3844,31
3845,31
3846,31
3847,31
3848,31
3849,31
3850,31
3851,31
3852,31
3853,31
3854,31
3855,31
3856,31
3857,31
3858,31
3859,31
3860,31
3861,31
3862,31
3863,31
3864,31
3865,31
3866,31
3867,31
3868,31
3869,31
3870,31
3871,31
3872,31
3873,31
3874,31
3875,31
3876,31
3877,31
3878,31
3879,32
3880,32
3881,32
3882,32
3883,32
3884,32
3885,32
3886,32
3887,32
3889,32
3890,32
3891,32
3892,32
3893,32
3894,32
3895,32
3896,32
3897,32
3898,32
3899,32
3900,32
3901,32
3902,32
3904,32
3905,32
3906,32
3907,32
3908,32
3909,32
3910,32
3911,32
3912,32
3913,32
3914,32
3915,32
3916,32
3917,32
3918,32
3919,32
3920,32
3921,32
3922,32
3923,32
3924,32
3925,32
3926,32
3927,32
3928,32
3929,32
3930,32
3931,32
3932,32
3933,32
3934,32
3935,32
3936,32
3937,32
3938,32
3939,32
3941,32
3942,32
3943,32
3945,32
3946,32
3947,32
3948,32
3949,32
3950,32
3951,32
3952,32
3953,32
3954,32
3955,32
3956,32
3957,32
3958,32
3959,32
3960,32
3961,32
3962,32
3963,33
3964,33
3965,33
3966,33
3967,33
3968,33
3969,33
3970,33
3971,33
3972,33
3973,33
3974,33
3975,33
3976,33
3977,33
3978,33
3979,33
3980,33
3981,33
3982,33
3983,33
3984,33
3985,33
3986,33
3987,33
3988,33
3989,33
3990,33
3991,33
3992,33
3993,33
3994,33
3995,33
3996,33
3997,33
3998,33
3999,33
4000,33
4001,33
4003,33
4004,33
4005,33
4006,33
4007,33
4008,33
4009,33
4010,33
4011,33
4012,33
4013,33
4014,33
4015,33
4016,33
4017,33
4018,33
4019,33
4020,33
4021,33
4022,33
4023,33
4024,33
4025,33
4026,33
4027,33
4028,34
4029,34
4030,34
4031,34
4032,34
4033,34
4034,34
4035,34
4036,34
4037,34
4038,34
4039,34
4040,34
4041,34
4042,34
4043,34
4044,34
4045,34
4046,34
4047,34
4048,34
4049,34
4050,34
4051,34
4052,34
4053,34
4054,34
4055,34
4056,34
4057,34
4058,34
4059,34
4060,34
4061,34
4062,34
4063,34
4064,34
4065,34
4066,34
4068,34
4070,34
4071,35
4072,35
4073,35
4074,35
4075,35
4076,35
4077,35
4078,35
4079,35
4080,35
4081,35
4082,35
4083,35
4084,35
4085,35
4086,35
4087,35
4088,35
4089,35
4090,35
4091,35
4092,35
4093,35
4095,35
4096,35
4097,35
4099,35
4100,35
4101,35
4102,35
4103,35
4104,35
4105,35
4106,35
4107,35
4108,35
4109,35
4110,35
4111,35
4112,35
4113,35
4114,35
4115,35
4116,35
4117,35
4118,35
4119,35
4120,35
4121,35
4122,35
4124,36
4126,36
4128,36
4129,36
4130,36
4131,36
4132,36
4133,36
4134,36
4135,36
4136,36
4137,36
4139,36
4140,36
4141,36
4142,36
4143,36
4144,36
4145,37
4146,37
4147,37
4148,37
4149,37
4150,37
4151,37
4152,37
4153,37
4154,37
4155,37
4156,37
4157,37
4158,37
4159,37
4160,37
4161,37
4162,37
4163,37
4164,37
4165,37
4166,37
4167,37
4168,37
4169,37
4170,37
4171,37
4172,37
4173,37
4174,37
4175,37
4176,37
4177,37
4178,37
4179,37
4180,37
4182,37
4183,37
4184,37
4186,37
4187,37
4188,37
4189,37
4190,37
4191,37
4192,37
4193,37
4194,37
4195,37
4196,37
4197,37
4198,37
4199,37
4200,37
4201,37
4202,38
4203,38
4204,38
4205,38
4206,38
4207,38
4208,38
4209,38
4210,38
4211,38
4213,38
4214,38
4215,38
4217,38
4218,38
4219,38
4220,38
4221,38
4222,38
4223,38
4224,38
4225,38
4226,38
4227,38
4228,38
4229,38
4230,38
4232,38
4233,38
4234,38
4235,38
4236,38
4237,38
4238,38
4239,38
4240,38
4241,38
4242,38
4243,38
4244,38
4245,38
4246,38
4247,38
4248,38
4249,38
4250,38
4251,38
4252,38
4253,38
4254,38
4255,38
4256,38
4257,38
4258,38
4259,38
4260,38
4261,38
4262,38
4263,38
4264,38
4265,38
4266,38
4267,38
4268,38
4269,38
4270,38
4271,38
4272,38
4273,38
4274,38
4275,38
4276,38
4277,38
4278,38
4279,38
4280,38
4281,38
4282,38
4283,38
4284,38
4285,38
4286,38
4287,38
4288,38
4289,38
4290,38
4291,38
4292,38
4293,38
4294,38
4295,38
4296,38
4297,38
4298,38
4299,38
4300,38
4301,38
4302,38
4304,38
4306,38
4307,38
4308,38
4309,38
4310,38
4311,38
4312,38
4313,38
4314,38
4315,38
4316,38
4317,38
4319,38
4321,38
4322,38
4323,38
4325,38
4326,38
4327,38
4329,38
4331,38
4333,38
4335,38
4336,38
4337,38
4338,38
4339,38
4340,38
4341,38
4342,38
4343,38
4344,38
4345,38
4346,38
4347,38
4348,38
4349,38
4350,38
4351,38
4352,38
4353,38
4354,38
4355,38
4356,38
4357,38
4358,38
4359,38
4360,38
4361,38
4362,38
4363,38
4364,38
4365,38
4366,38
4367,38
4368,38
4369,38
4370,38
4371,38
4372,38
4373,38
4374,38
4375,38
4376,38
4377,38
4378,38
4379,38
4380,38
4381,38
4382,38
4383,38
4384,38
4385,38
4386,38
4387,38
4388,38
4389,38
4390,38
4391,38
4392,38
4393,38
4394,38
4395,38
4396,38
4397,38
4398,38
4399,38
4400,38
4401,38
4402,38
4403,38
4404,38
4405,38
4406,38
4407,38
4408,38
4409,38
4410,38
4411,38
4412,38
4413,38
4414,38
4415,38
4416,38
4418,38
4419,38
4420,38
4421,39
4422,39
4423,39
4424,39
4425,39
4426,39
4427,39
4428,39
4429,39
4430,39
4431,39
4432,39
4433,39
4434,39
4435,39
4436,39
4437,39
4438,39
4439,39
4440,39
4441,39
4442,39
4443,39
4444,39
4445,39
4446,39
4447,39
4448,39
4449,39
4450,39
4451,39
4452,39
4453,39
4454,39
4455,39
4456,39
4457,39
4458,39
4459,39
4460,39
4461,39
4462,39
4463,39
4464,39
4465,39
4466,39
4467,39
4468,39
4469,39
4470,39
4471,39
4472,39
4473,39
4474,39
4475,39
4476,39
4477,39
4478,39
4479,39
4480,39
4481,39
4482,39
4483,39
4484,39
4485,39
4486,39
4487,39
4488,39
4489,39
4490,39
4491,39
4492,39
4493,39
4494,39
4495,39
4496,39
4497,39
4498,39
4499,39
4500,39
4501,39
4502,39
4503,39
4504,39
4505,39
4506,39
4507,39
4508,39
4509,39
4510,39
4511,39
4512,39
4513,39
4514,39
4515,39
4516,39
4518,39
4519,39
4520,39
4521,39
4522,39
4523,39
4524,39
4525,39
4526,39
4527,39
4528,39
4529,39
4530,39
4531,39
4532,39
4533,39
4534,39
4535,39
4536,39
4537,39
4538,39
4539,39
4540,39
4541,39
4542,39
4543,39
4545,39
4546,39
4547,39
4548,39
4549,39
4550,39
4551,39
4552,39
4553,39
4554,39
4555,39
4556,39
4557,39
4558,39
4559,39
4560,39
4561,39
4562,39
4563,39
4564,39
4565,39
4566,39
4567,39
4568,39
4569,39
4570,39
4571,39
4572,39
4573,39
4574,39
4575,39
4576,39
4577,39
4578,39
4579,39
4580,39
4581,39
4582,39
4583,39
4584,39
4585,39
4586,39
4587,39
4588,39
4589,39
4590,39
4591,39
4592,39
4593,39
4594,39
4595,39
4596,39
4597,39
4598,39
4599,39
4600,39
4601,39
4602,39
4603,39
4604,39
4605,39
4606,39
4607,39
4608,39
4609,39
4610,39
4611,39
4612,39
4613,39
4614,39
4615,39
4616,39
4617,39
4618,39
4619,39
4620,39
4621,39
4622,39
4623,39
4624,39
4625,39
4626,39
4627,39
4628,39
4629,39
4630,39
4631,39
4632,39
4633,39
4634,39
4635,39
4636,39
4637,39
4638,39
4639,39
4640,39
4641,39
4642,39
4643,39
4644,39
4645,39
4646,39
4647,39
4648,39
4649,39
4650,39
4651,39
4652,39
4653,39
4654,39
4655,39
4656,39
4657,39
4658,39
4659,39
4660,39
4661,39
4662,39
4663,39
4664,39
4665,39
4666,39
4667,39
4668,39
4669,39
4670,39
4671,39
4672,39
4673,39
4674,39
4675,39
4676,39
4677,39
4678,39
4679,39
4680,39
4681,39
4682,39
4683,39
4684,39
4685,39
4686,39
4687,39
4688,39
4689,39
4690,39
4691,39
4692,39
4693,39
4694,39
4695,39
4696,39
4697,39
4698,39
4699,39
4700,40
4701,40
4702,40
4703,40
4704,40
4705,40
4706,40
4707,40
4708,40
4709,40
4710,40
4711,40
4712,40
4713,40
4714,40
4715,40
4716,40
4717,40
4718,40
4719,40
4720,40
4721,40
4722,40
4723,40
4724,40
4725,40
4726,40
4728,40
4730,40
4731,40
4732,40
4733,40
4734,40
4735,40
4736,40
4737,40
4738,40
4740,40
4741,40
4742,40
4743,40
4744,40
4745,40
4746,40
4747,40
4748,40
4749,40
4750,40
4751,40
4752,40
4753,40
4754,40
4755,40
4756,40
4757,40
4758,40
4759,40
4760,40
4761,40
4762,40
4763,40
4764,40
4765,40
4766,40
4767,40
4768,40
4769,40
4770,40
4771,40
4772,40
4773,40
4774,40
4775,40
4776,40
4777,40
4778,40
4779,40
4780,40
4781,40
4782,40
4783,40
4784,40
4785,40
4786,40
4787,40
4788,40
4789,40
4790,40
4791,40
4792,40
4793,40
4794,40
4795,40
4796,40
4797,40
4798,40
4799,40
4800,40
4801,40
4802,40
4803,40
4804,40
4805,40
4806,40
4807,40
4808,40
4809,40
4810,40
4811,40
4813,40
4814,41
4815,41
4816,41
4817,41
4818,41
4819,41
4820,41
4821,41
4822,41
4823,41
4824,41
4825,41
4826,41
4827,41
4828,41
4829,41
4830,41
4831,41
4832,41
4833,41
4834,41
4835,41
4836,41
4837,41
4838,41
4839,41
4840,41
4841,41
4842,41
4843,41
4844,41
4845,41
4846,41
4847,41
4848,41
4849,41
4850,41
4851,41
4852,41
4853,41
4854,41
4855,41
4856,41
4857,41
4858,41
4859,41
4860,41
4861,41
4862,41
4863,41
4864,41
4865,41
4866,41
4867,41
4868,41
4869,41
4870,41
4871,41
4872,41
4873,41
4874,41
4875,41
4876,41
4877,41
4878,41
4879,41
4880,41
4881,41
4882,41
4883,41
4884,41
4885,41
4886,41
4887,41
4888,41
4889,41
4890,41
4891,41
4892,41
4893,41
4894,41
4895,41
4896,41
4897,41
4899,41
4900,41
4901,41
4902,41
4903,41
4904,41
4905,41
4906,41
4907,41
4908,41
4909,41
4910,41
4911,41
4912,41
4914,42
4915,42
4916,42
4917,42
4918,42
4919,42
4920,42
4921,42
4922,42
4923,42
4924,42
4925,42
4926,42
4927,42
4928,42
4929,42
4930,42
4931,42
4932,42
4933,42
4934,42
4935,42
4936,42
4937,42
4938,42
4939,42
4940,42
4941,42
4942,42
4943,42
4944,42
4945,42
4946,42
4947,42
4948,42
4949,42
4950,42
4951,42
4952,42
4953,42
4954,42
4955,42
4957,42
4958,42
4959,42
4960,42
4962,42
4963,43
4964,43
4965,43
4966,43
4967,43
4968,43
4969,43
4970,43
4971,43
4972,43
4973,43
4974,43
4975,43
4976,43
4978,na
4979,43
4980,43
4981,43
4982,43
4983,43
4984,43
4985,43
4986,43
4987,43
4988,43
4989,43
4990,43
4991,43
4993,43
4994,44
4995,44
4996,44
4997,44
4998,44
4999,44
5000,44
5001,44
5002,44
5003,44
5004,44
5005,44
5006,44
5007,44
5008,44
5009,44
5010,44
5011,44
5012,44
5013,44
5014,44
5015,44
5016,44
5017,44
5018,44
5019,44
5020,44
5021,44
5022,44
5023,44
5024,44
5025,44
5026,44
5027,44
5028,44
5029,44
5030,44
5031,44
5032,44
5033,44
5034,44
5035,44
5036,44
5037,44
5038,44
5039,44
5041,44
5042,44
5043,44
5044,44
5045,44
5046,44
5047,44
5048,44
5049,44
5050,44
5051,44
5052,44
5053,44
5054,44
5055,44
5056,44
5057,44
5058,44
5059,44
5060,44
5061,44
5062,44
5063,44
5064,44
5065,44
5066,44
5067,44
5068,44
5069,44
5070,44
5071,44
5072,44
5073,44
5074,44
5075,44
5076,44
5077,44
5078,44
5079,44
5080,44
5081,44
5082,44
5083,44
5084,44
5085,44
5086,44
5087,44
5088,44
5089,44
5090,44
5091,44
5092,44
5093,44
5094,44
5095,44
5096,44
5097,44
5098,44
5099,44
5100,44
5101,44
5102,44
5103,44
5104,44
5105,44
5106,44
5107,44
5108,44
5109,44
5110,44
5111,44
5112,44
5113,44
5114,44
5115,44
5116,44
5117,44
5118,44
5119,44
5120,44
5121,44
5122,44
5123,44
5124,44
5125,44
5126,44
5127,44
5128,44
5129,44
5130,44
5131,44
5132,44
5133,44
5134,44
5135,44
5136,44
5137,44
5138,44
5139,44
5140,44
5141,44
5142,44
5143,44
5144,44
5145,44
5146,44
5147,44
5148,44
5149,44
5150,44
5151,44
5152,44
5153,44
5154,44
5155,44
5156,44
5157,44
5158,44
5159,44
5160,44
5161,44
5162,44
5163,44
5164,44
5165,44
5166,44
5167,44
5168,44
5169,44
5170,44
5171,44
5172,44
5173,44
5174,44
5175,44
5176,44
5177,44
5178,44
5179,44
5180,44
5181,44
5182,44
5183,44
5184,44
5185,44
5186,44
5187,44
5188,44
5189,44
5190,44
5191,44
5192,44
5193,44
5194,44
5195,44
5196,44
5197,44
5198,44
5199,44
5200,44
5201,44
5202,44
5203,44
5205,44
5207,44
5208,44
5209,44
5210,44
5211,44
5212,44
5213,44
5214,44
5215,44
5216,44
5218,44
5220,44
5221,44
5222,44
5223,44
5224,44
5225,44
5226,44
5227,44
5228,44
5229,44
5230,44
5231,44
5232,44
5233,44
5234,44
5235,44
5236,44
5237,44
5238,44
5239,44
5240,44
5241,44
5242,44
5243,44
5244,44
5245,44
5246,44
5247,44
5248,44
5249,44
5250,44
5251,44
5252,44
5253,44
5254,44
5255,44
5256,44
5257,44
5258,44
5259,44
5260,44
5261,44
5262,44
5263,44
5264,44
5265,45
5266,45
5267,45
5269,45
5270,45
5271,45
5272,45
5273,45
5274,45
5275,45
5276,45
5277,45
5278,45
5279,45
5280,45
5281,45
5282,45
5283,45
5284,46
5285,46
5286,46
5287,46
5288,46
5289,46
5290,46
5291,46
5292,46
5293,46
5294,46
5295,46
5296,46
5297,46
5298,46
5299,46
5300,46
5301,46
5302,46
5303,46
5304,46
5305,46
5306,46
5307,46
5308,46
5309,46
5310,46
5311,46
5312,46
5313,46
5314,46
5315,46
5316,46
5318,47
5319,47
5320,47
5322,47
5323,47
5324,47
5325,47
5326,47
5327,47
5328,47
5329,47
5330,47
5331,47
5332,47
5334,47
5335,47
5336,47
5337,47
5338,47
5339,47
5340,47
5341,47
5342,47
5343,47
5344,47
5345,47
5346,47
5347,47
5348,47
5349,47
5350,47
5352,48
5353,48
5354,48
5355,48
5356,48
5357,48
5358,48
5359,48
5360,48
5361,48
5362,48
5363,48
5364,48
5365,48
5366,48
5367,48
5368,48
5369,48
5370,48
5371,48
5372,48
5373,48
5374,48
5375,48
5376,48
5378,48
5379,48
5380,48
5381,48
5382,48
5383,48
5384,48
5385,48
5386,48
5387,48
5388,48
5389,48
5390,48
5391,48
5392,48
5393,48
5394,48
5395,48
5396,48
5397,48
5398,48
5399,48
5400,48
5401,48
5402,48
5403,48
5404,48
5405,48
5406,48
5407,48
5408,48
5409,48
5410,48
5411,48
5412,48
5413,48
5414,48
5415,48
5416,48
5417,48
5418,48
5419,48
5420,48
5421,48
5422,48
5423,48
5424,48
5425,48
5426,48
5427,48
5428,48
5429,48
5430,48
5431,48
5432,48
5433,48
5434,48
5435,48
5436,48
5437,48
5438,48
5439,48
5440,48
5442,48
5443,48
5444,48
5445,48
5446,48
5447,48
5448,48
5449,48
5450,48
5451,48
5452,48
5453,48
5454,48
5455,48
5456,48
5457,48
5458,48
5459,48
5460,48
5461,48
5462,48
5463,48
5464,48
5465,48
5466,48
5467,48
5468,48
5469,48
5470,48
5471,48
5472,48
5473,48
5474,48
5475,48
5476,48
5477,48
5478,48
5479,48
5480,48
5481,48
5483,48
5484,48
5485,48
5486,48
5487,48
5488,48
5489,48
5490,48
5491,48
5492,48
5493,48
5494,48
5495,48
5496,48
5497,48
5498,48
5499,48
5500,48
5501,48
5502,48
5503,48
5504,48
5505,48
5506,48
5507,48
5508,48
5509,48
5510,48
5511,48
5512,48
5513,48
5514,48
5515,48
5516,48
5517,48
5518,48
5519,48
5520,48
5521,48
5522,48
5523,48
5524,48
5525,48
5526,48
5527,48
5528,48
5529,48
5530,48
5531,48
5532,48
5533,48
5534,48
5535,48
5536,48
5537,48
5538,48
5539,48
5540,48
5541,48
5542,48
5543,48
5544,48
5545,48
5546,48
5547,48
5548,48
5549,48
5550,48
5551,48
5552,48
5553,48
5554,48
5555,48
5556,49
5557,49
5558,49
5559,49
5560,49
5561,49
5562,49
5564,49
5566,49
5567,49
5568,49
5569,49
5570,49
5572,49
5574,49
5575,49
5576,49
5577,49
5578,49
5579,49
5580,49
5582,49
5584,49
5585,49
5586,49
5587,49
5588,49
5589,49
5590,49
5592,50
5594,50
5596,50
5598,50
5599,50
5600,50
5602,50
5603,50
5604,50
5606,50
5607,50
5608,50
5609,50
5610,50
5611,50
5612,50
5613,50
5614,50
5615,50
5616,50
5617,50
5618,50
5619,50
5620,50
5621,50
5622,50
5623,50
5624,50
5625,50
5626,50
5627,50
5628,51
5629,51
5630,51
5631,51
5632,51
5633,51
5634,51
5635,51
5636,51
5637,51
5638,51
5639,51
5640,51
5641,51
5642,51
5643,51
5644,51
5645,51
5646,51
5647,51
5649,51
5650,51
5651,51
5652,51
5653,51
5654,51
5655,51
5656,51
5657,51
5658,51
5659,51
5660,51
5661,51
5662,51
5663,51
5664,51
5665,51
5666,51
5667,51
5668,51
5669,51
5670,51
5671,51
5672,51
5673,51
5674,51
5675,51
5676,51
5677,51
5678,51
5679,51
5680,51
5681,51
5682,51
5683,51
5684,51
5685,51
5686,51
5687,51
5689,51
5690,51
5691,51
5692,51
5693,51
5694,51
5695,51
5696,51
5697,51
5698,51
5699,51
5700,51
5701,51
5702,51
5703,51
5704,51
5705,51
5706,51
5707,51
5708,51
5709,51
5710,51
5711,51
5713,51
5715,52
5716,52
5717,52
5718,52
5719,52
5720,52
5721,52
5723,52
5724,52
5725,52
5726,52
5727,52
5728,52
5729,52
5730,52
5731,52
5732,52
5733,52
5734,52
5735,52
5736,52
5737,52
5738,52
5739,52
5740,52
5741,52
5742,52
5743,52
5744,52
5745,52
5746,52
5747,52
5748,52
5749,52
5750,52
5751,52
5752,52
5753,52
5754,52
5755,52
5756,52
5757,52
5758,52
5759,52
5760,52
5761,52
5762,52
5763,52
5764,52
5765,52
5766,52
5767,52
5768,52
5769,52
5770,52
5771,52
5772,52
5773,52
5774,52
5775,52
5776,52
5777,52
5778,52
5779,52
5780,52
5781,52
5782,52
5783,52
5784,52
5785,52
5786,52
5787,52
5788,52
5789,52
5790,52
5791,52
5792,52
5793,52
5794,52
5795,52
5796,52
5797,52
5798,52
5799,52
5800,52
5801,52
5802,52
5803,52
5804,52
5805,52
5806,52
5807,52
5808,52
5809,52
5810,52
5811,52
5812,52
5813,52
5814,52
5815,52
5816,52
5817,52
5818,52
5819,52
5820,52
5821,52
5822,52
5823,52
5824,52
5825,52
5826,52
5827,52
5828,52
5829,52
5830,52
5831,52
5832,52
5833,52
5834,52
5835,52
5836,52
5837,52
5838,52
5839,52
5840,52
5841,52
5842,52
5843,52
5844,52
5845,52
5846,52
5847,52
5848,52
5849,52
5850,52
5851,52
5852,52
5853,52
5854,52
5855,52
5856,52
5857,52
5858,52
5859,52
5860,52
5861,52
5862,52
5863,52
5864,52
5865,52
5866,52
5867,52
5868,52
5869,52
5870,52
5871,52
5872,52
5873,52
5874,52
5875,52
5876,52
5877,52
5878,52
5879,52
5880,52
5881,52
5882,52
5883,52
5884,52
5885,52
5886,52
5887,52
5888,52
5889,52
5890,52
5891,52
5892,52
5893,52
5894,53
5895,53
5896,53
5897,53
5898,53
5899,53
5900,53
5901,53
5902,53
5903,53
5904,53
5906,53
5907,53
5908,53
5909,53
5910,53
5911,53
5912,53
5913,53
5914,53
5915,53
5916,53
5917,53
5918,53
5919,53
5920,53
5921,53
5922,53
5923,53
5924,53
5925,53
5926,53
5927,53
5928,53
5929,53
5930,53
5931,53
5932,53
5933,53
5934,53
5935,53
5936,53
5937,53
5938,53
5939,53
5940,53
5942,53
5943,53
5944,53
5945,54
5946,54
5947,54
5948,54
5949,54
5950,54
5951,54
5952,54
5953,54
5954,54
5955,54
5956,54
5957,54
5958,54
5959,54
5960,54
5961,54
5962,54
5963,54
5964,54
5965,54
5966,54
5967,54
5968,54
5969,54
5970,54
5971,54
5972,54
5973,54
5974,54
5975,54
5976,54
5977,54
5978,54
5979,54
5980,54
5981,54
5982,54
5983,54
5984,54
5985,54
5986,54
5987,54
5988,54
5989,54
5990,54
5991,54
5992,54
5993,54
5995,54
5997,54
5998,54
5999,54
6000,54
6001,54
6002,54
6003,54
6004,54
6005,54
6006,54
6007,54
6008,54
6009,54
6010,54
6011,54
6012,54
6013,54
6014,54
6015,54
6016,54
6017,54
6018,54
6019,54
6020,54
6021,54
6022,54
6023,54
6024,54
6025,54
6026,54
6027,54
6028,54
6029,54
6030,54
6031,54
6032,54
6033,54
6034,54
6035,54
6036,54
6037,54
6038,54
6039,54
6040,54
6041,54
6042,54
6043,54
6044,54
6045,55
6046,55
6047,55
6048,55
6049,55
6050,55
6051,55
6052,55
6053,55
6054,55
6055,55
6056,55
6057,55
6058,55
6059,55
6060,55
6061,55
6062,55
6063,55
6064,55
6065,55
6066,55
6067,55
6068,55
6069,55
6070,55
6071,55
6072,55
6073,55
6074,55
6075,55
6076,55
6077,55
6079,55
6080,55
6081,55
6082,55
6083,55
6084,55
6085,55
6086,55
6087,55
6088,55
6089,55
6090,55
6091,55
6092,55
6093,55
6094,55
6095,55
6096,55
6097,55
6098,55
6099,55
6100,55
6101,55
6102,55
6103,55
6104,55
6105,55
6106,55
6107,55
6108,55
6109,55
6110,55
6111,55
6112,55
6113,55
6114,55
6115,55
6116,55
6117,55
6118,55
6119,55
6120,55
6121,55
6122,55
6123,55
6124,55
6125,55
6126,55
6127,55
6128,55
6129,55
6130,55
6131,55
6132,55
6133,55
6134,55
6135,55
6136,55
6137,55
6138,55
6139,55
6140,55
6141,55
6142,55
6143,55
6144,55
6145,55
6146,55
6147,55
6148,55
6149,55
6150,55
6151,55
6152,55
6153,55
6154,55
6155,55
6156,55
6157,55
6158,55
6159,55
6160,55
6161,55
6162,55
6163,55
6164,55
6165,55
6166,55
6167,55
6168,55
6169,55
6170,55
6171,55
6172,55
6173,55
6174,55
6175,55
6176,55
6177,55
6178,55
6179,55
6180,55
6181,55
6182,55
6183,55
6184,55
6185,55
6186,55
6187,55
6188,55
6189,55
6190,55
6191,55
6192,55
6193,55
6194,55
6195,55
6196,55
6197,55
6198,55
6199,55
6200,55
6201,55
6202,55
6203,55
6204,55
6205,55
6206,55
6207,55
6208,55
6209,55
6210,55
6211,55
6212,55
6213,55
6214,55
6215,55
6216,55
6217,55
6218,55
6219,55
6220,55
6221,55
6222,55
6223,56
6224,56
6225,56
6226,56
6227,56
6228,56
6229,56
6230,56
6231,56
6232,56
6233,56
6234,56
6235,56
6236,56
6237,56
6238,56
6239,56
6240,56
6241,56
6242,56
6243,56
6244,56
6245,56
6246,56
6247,56
6248,56
6249,56
6250,56
6251,56
6252,56
6253,56
6254,56
6255,56
6256,56
6257,56
6258,56
6259,56
6260,56
6261,56
6262,56
6263,56
6264,56
6265,56
6266,56
6267,56
6268,56
6269,56
6270,56
6271,56
6273,56
6275,56
6276,56
6277,56
6278,56
6279,56
6280,56
6281,56
6282,56
6283,56
6284,56
6285,56
6286,56
6287,56
6288,56
6289,56
6290,56
6291,56
6292,56
6293,56
6294,56
6295,56
6296,56
6297,56
6298,56
6299,56
6300,56
6301,56
6302,56
6303,56
6304,56
6306,56
6307,57
6308,57
6309,57
6310,57
6311,57
6312,57
6313,57
6314,57
6315,57
6316,57
6317,57
6318,57
6319,57
6320,57
6321,57
6322,57
6323,57
6324,57
6325,57
6326,57
6327,57
6328,57
6329,57
6330,57
6331,57
6332,57
6333,57
6334,57
6335,57
6336,57
6337,57
6338,57
6339,57
6340,57
6341,57
6342,57
6343,57
6344,57
6345,57
6346,57
6347,57
6348,57
6349,57
6350,57
6351,57
6352,57
6353,57
6354,57
6355,57
6357,57
6358,57
6359,57
6360,58
6361,58
6362,58
6363,58
6364,58
6365,58
6366,58
6367,58
6368,58
6369,58
6370,58
6371,58
6372,58
6373,58
6374,58
6375,58
6376,58
6377,58
6378,58
6379,58
6381,58
6382,58
6383,58
6384,58
6385,58
6386,58
6387,58
6388,58
6389,58
6390,58
6391,58
6393,58
6394,58
6395,58
6396,58
6397,58
6398,58
6399,58
6400,58
6401,58
6402,58
6403,58
6404,58
6405,58
6406,58
6407,58
6408,58
6409,58
6410,58
6411,58
6412,58
6414,58
6415,58
6416,58
6417,58
6418,58
6419,58
6420,58
6421,58
6422,58
6423,58
6424,58
6425,58
6426,58
6427,58
6429,58
6430,59
6431,59
6432,59
6433,59
6434,59
6435,59
6436,59
6437,59
6438,59
6439,59
6440,59
6441,59
6442,59
6443,59
6444,59
6445,59
6446,59
6447,59
6448,59
6449,59
6450,59
6451,59
6452,59
6453,59
6454,59
6455,59
6456,59
6458,59
6459,59
6460,59
6461,59
6462,59
6463,59
6464,59
6465,59
6466,59
6467,59
6468,59
6469,59
6471,59
6473,59
6475,59
6476,59
6477,59
6479,59
6480,59
6481,59
6482,59
6483,59
6484,59
6485,59
6486,59
6487,59
6488,59
6489,59
6490,59
6491,59
6492,59
6493,59
6494,59
6495,59
6496,60
6497,60
6498,60
6499,60
6500,60
6501,60
6502,60
6503,60
6504,60
6505,60
6506,60
6507,60
6508,60
6509,60
6510,60
6511,60
6512,60
6513,60
6514,60
6515,60
6516,60
6517,60
6518,60
6519,60
6520,60
6521,60
6522,60
6523,60
6524,60
6525,60
6526,60
6527,60
6528,60
6529,60
6530,60
6531,60
6532,60
6533,60
6534,60
6535,60
6536,60
6537,60
6538,60
6539,60
6540,60
6541,60
6542,60
6543,60
6544,60
6545,60
6546,60
6547,60
6548,60
6549,60
6550,61
6551,61
6552,61
6553,61
6554,61
6555,61
6556,61
6557,61
6558,61
6559,61
6560,61
6561,61
6562,61
6563,61
6564,61
6565,61
6566,61
6567,61
6568,61
6569,61
6570,61
6571,61
6572,61
6573,61
6574,61
6575,61
6576,61
6577,61
6578,61
6579,61
6580,61
6581,61
6582,61
6583,61
6584,61
6585,61
6586,61
6587,61
6588,61
6589,61
6590,61
6591,61
6592,61
6593,61
6594,61
6595,61
6596,61
6597,61
6598,61
6599,61
6600,61
6601,61
6602,61
6603,61
6604,61
6605,61
6606,61
6607,61
6608,61
6609,61
6610,61
6611,61
6612,61
6613,61
6614,61
6615,61
6616,61
6617,61
6618,61
6619,61
6620,61
6621,61
6622,61
6623,61
6624,61
6625,61
6626,61
6627,61
6628,61
6629,61
6630,61
6631,61
6632,61
6633,61
6634,61
6635,61
6636,61
6637,61
6638,61
6639,61
6640,61
6641,61
6642,61
6643,61
6644,61
6645,61
6646,61
6647,61
6648,61
6649,61
6650,61
6651,61
6652,61
6653,61
6654,61
6655,61
6656,61
6657,61
6658,61
6659,61
6660,61
6661,61
6662,61
6663,61
6664,61
6665,61
6666,61
6667,61
6668,61
6669,61
6670,61
6671,61
6672,61
6673,61
6674,61
6675,61
6676,61
6677,61
6678,61
6679,61
6680,61
6681,61
6682,61
6683,61
6684,61
6685,61
6686,61
6687,61
6688,61
6689,61
6690,61
6691,61
6692,61
6693,61
6694,61
6695,61
6696,61
6697,61
6698,61
6699,61
6700,61
6701,61
6702,61
6703,61
6704,61
6705,61
6706,61
6708,61
6709,61
6710,61
6711,61
6712,61
6713,61
6714,61
6715,61
6716,61
6717,61
6718,61
6719,61
6720,61
6721,61
6722,61
6723,61
6724,61
6725,61
6726,61
6727,61
6728,61
6729,61
6730,61
6731,61
6732,61
6733,61
6734,61
6735,61
6736,61
6737,61
6738,61
6739,61
6740,61
6741,61
6742,61
6743,61
6744,61
6745,61
6746,61
6747,62
6748,62
6749,62
6750,62
6751,62
6752,62
6753,62
6754,62
6755,62
6756,62
6757,62
6758,62
6759,62
6760,62
6761,62
6762,62
6763,62
6764,62
6765,62
6766,62
6767,62
6768,62
6769,62
6770,62
6771,62
6772,62
6773,62
6774,62
6775,62
6776,62
6777,62
6778,62
6779,62
6780,62
6781,62
6782,62
6783,62
6784,62
6785,62
6786,62
6787,62
6788,62
6789,62
6790,62
6791,62
6792,62
6793,62
6794,62
6795,62
6796,62
6797,62
6798,62
6799,62
6800,62
6801,62
6802,62
6803,62
6804,62
6805,62
6806,62
6807,62
6808,62
6809,62
6810,62
6811,62
6812,62
6813,62
6814,62
6815,62
6816,62
6817,62
6818,62
6819,62
6820,62
6821,62
6822,62
6823,62
6824,62
6825,62
6826,62
6827,62
6828,62
6829,62
6830,62
6831,62
6832,62
6833,62
6834,62
6835,62
6836,62
6837,62
6838,62
6839,62
6840,62
6841,62
6842,62
6843,62
6844,62
6845,62
6846,62
6847,62
6848,62
6849,62
6850,62
6851,62
6852,62
6853,62
6854,62
6855,62
6856,62
6857,62
6858,62
6859,62
6860,62
6861,62
6862,62
6863,62
6864,62
6865,62
6866,62
6867,62
6868,62
6869,62
6870,62
6871,62
6872,62
6873,62
6874,62
6875,62
6876,62
6877,62
6878,62
6879,62
6880,62
6881,62
6882,62
6883,62
6884,62
6885,62
6886,62
6887,62
6888,62
6889,62
6890,62
6891,62
6892,62
6893,62
6894,62
6895,62
6896,62
6897,62
6898,62
6899,62
6900,62
6901,62
6902,62
6903,62
6904,62
6905,62
6906,62
6907,62
6908,62
6909,62
6910,62
6911,62
6912,62
6913,62
6914,62
6915,62
6916,62
6917,62
6918,62
6919,62
6920,62
6921,62
6922,62
6923,62
6924,62
6925,62
6926,62
6927,62
6928,62
6929,62
6930,62
6931,62
6932,62
6933,62
6934,62
6935,62
6936,62
6937,62
6938,62
6939,62
6940,62
6941,62
6942,62
6943,62
6944,62
6945,62
6946,62
6947,62
6948,62
6949,62
6950,62
6951,62
6952,62
6953,62
6954,62
6955,62
6956,62
6957,62
6958,62
6959,62
6960,62
6961,62
6962,62
6963,62
6964,62
6965,62
6966,62
6967,62
6968,62
6969,62
6970,62
6971,62
6972,62
6973,62
6974,62
6975,62
6976,62
6977,62
6978,62
6979,62
6980,62
6981,62
6982,62
6983,62
6984,62
6985,62
6986,62
6987,62
6988,62
6989,62
6990,62
6992,62
6993,62
6994,62
6995,62
6996,63
6997,63
6998,63
6999,63
7000,63
7001,63
7002,63
7003,63
7004,63
7005,63
7006,63
7007,63
7008,63
7009,63
7010,63
7011,63
7012,63
7013,63
7014,63
7015,63
7016,63
7017,63
7018,63
7019,63
7020,63
7021,63
7022,63
7023,63
7024,63
7025,63
7026,63
7027,63
7028,63
7029,63
7030,63
7031,63
7032,63
7033,63
7034,63
7035,63
7036,63
7037,63
7038,63
7039,63
7040,63
7041,63
7042,63
7043,63
7044,63
7045,63
7046,63
7047,63
7048,63
7049,63
7050,63
7051,63
7052,63
7053,63
7054,63
7055,63
7056,63
7057,63
7058,63
7059,63
7060,63
7061,63
7062,63
7063,63
7064,63
7065,63
7066,63
7067,63
7068,63
7069,63
7070,63
7071,63
7072,63
7073,63
7074,63
7075,63
7076,63
7077,63
7078,63
7079,63
7080,63
7081,63
7082,63
7083,63
7084,63
7085,63
7086,63
7087,63
7088,63
7089,63
7090,63
7091,63
7092,63
7093,63
7094,63
7095,63
7097,63
7099,63
7100,63
7101,63
7102,63
7103,64
7104,64
7105,64
7106,64
7107,64
7108,64
7109,64
7110,64
7111,64
7112,64
7113,64
7114,64
7115,64
7116,64
7117,64
7118,64
7119,64
7120,64
7121,64
7122,64
7123,64
7124,64
7125,64
7126,64
7127,64
7128,64
7129,64
7130,64
7131,64
7132,64
7133,64
7134,64
7135,64
7136,64
7137,64
7138,64
7139,64
7140,64
7141,64
7142,64
7143,64
7144,64
7145,64
7146,64
7147,64
7148,64
7149,64
7150,64
7151,64
7152,64
7153,64
7154,64
7155,64
7156,64
7157,64
7158,64
7159,64
7160,64
7161,64
7162,64
7163,64
7164,64
7165,64
7166,64
7167,64
7168,64
7169,64
7170,64
7171,64
7172,64
7173,64
7174,64
7175,64
7176,64
7177,64
7178,64
7179,64
7180,64
7181,64
7182,64
7183,64
7184,64
7185,64
7186,64
7187,64
7188,64
7189,64
7190,64
7191,64
7192,64
7193,64
7194,64
7195,64
7196,64
7197,64
7198,64
7199,64
7200,64
7201,64
7203,65
7205,65
7207,65
7209,65
7210,65
7211,65
7212,65
7213,65
7214,65
7215,65
7216,65
7217,65
7218,65
7219,65
7220,65
7222,65
7223,66
7224,66
7225,66
7226,66
7227,66
7228,66
7230,66
7231,66
7232,66
7233,66
7234,66
7235,66
7237,67
7238,67
7239,67
7240,67
7242,67
7243,67
7244,67
7245,67
7246,67
7247,67
7249,68
7250,68
7251,68
7252,68
7253,68
7254,68
7255,68
7256,68
7257,68
7258,68
7259,68
7260,68
7261,68
7262,68
7264,68
7265,68
7266,68
7267,68
7268,68
7269,68
7270,68
7271,68
7272,68
7273,68
7274,68
7275,68
7276,68
7277,68
7278,68
7279,68
7280,68
7281,68
7282,68
7283,68
7284,68
7285,68
7286,68
7287,68
7288,68
7289,68
7290,68
7292,68
7293,68
7294,68
7295,68
7296,68
7297,68
7298,68
7299,68
7300,68
7301,68
7302,68
7303,68
7304,68
7305,68
7306,68
7307,68
7308,68
7309,68
7310,68
7311,68
7312,68
7313,68
7314,68
7315,68
7316,68
7317,68
7318,68
7319,68
7320,68
7321,68
7322,68
7323,68
7324,68
7325,68
7326,68
7327,68
7328,68
7329,68
7330,68
7331,68
7332,68
7334,69
7335,69
7336,69
7337,69
7338,69
7339,69
7340,69
7341,69
7342,69
7343,69
7344,69
7345,69
7346,69
7347,69
7348,69
7349,69
7350,69
7351,69
7352,69
7353,69
7354,69
7355,69
7357,69
7358,69
7359,69
7360,69
7361,69
7362,69
7363,69
7364,69
7365,69
7366,69
7367,69
7368,69
7369,69
7370,69
7371,69
7372,69
7373,69
7374,69
7376,69
7377,69
7378,69
7379,69
7380,69
7381,69
7382,69
7383,69
7384,69
7385,69
7386,69
7387,69
7388,69
7389,69
7390,69
7391,69
7392,69
7393,69
7395,70
7396,70
7397,70
7398,70
7399,70
7400,70
7401,70
7402,70
7403,70
7404,70
7405,70
7406,70
7407,70
7408,70
7409,70
7410,70
7411,70
7412,70
7413,70
7414,70
7415,70
7416,70
7417,70
7418,70
7419,70
7420,70
7421,70
7422,70
7423,70
7424,70
7425,70
7426,70
7427,70
7428,70
7429,70
7430,70
7431,70
7432,70
7433,70
7434,70
7435,70
7436,70
7437,70
7438,70
7439,70
7441,70
7442,70
7443,70
7444,70
7445,70
7446,70
7447,70
7448,70
7449,70
7450,70
7451,70
7452,70
7453,70
7454,70
7455,70
7457,70
7458,70
7459,70
7460,70
7461,70
7462,70
7463,70
7464,70
7465,70
7466,70
7467,70
7468,70
7469,70
7470,70
7471,70
7472,70
7473,70
7474,70
7475,70
7476,70
7477,70
7478,70
7479,70
7480,70
7481,70
7482,70
7483,70
7484,70
7485,70
7486,70
7487,70
7488,70
7489,70
7490,70
7491,70
7492,70
7493,70
7494,70
7495,70
7496,70
7497,70
7498,70
7499,70
7500,70
7501,70
7502,70
7503,70
7504,70
7505,70
7506,70
7507,70
7508,70
7509,70
7510,70
7511,70
7512,70
7513,70
7514,70
7515,70
7516,70
7517,70
7518,70
7519,70
7520,70
7522,70
7523,70
7524,70
7525,70
7526,70
7527,70
7528,70
7529,70
7530,70
7531,70
7532,70
7533,70
7534,70
7535,70
7536,70
7537,70
7538,70
7539,70
7540,70
7541,70
7542,70
7543,70
7544,70
7545,70
7546,70
7547,70
7548,70
7549,70
7550,70
7551,70
7552,70
7553,70
7554,70
7555,70
7556,70
7557,70
7558,70
7559,70
7560,70
7561,70
7563,70
7564,70
7565,70
7566,70
7567,70
7568,70
7569,70
7570,71
7571,71
7572,71
7573,71
7574,71
7575,71
7576,71
7577,71
7578,71
7579,71
7580,71
7581,71
7582,71
7583,71
7584,71
7585,71
7586,71
7587,71
7588,71
7589,71
7590,71
7591,71
7592,71
7593,71
7594,71
7595,71
7596,71
7597,71
7598,71
7600,71
7601,71
7602,71
7603,71
7604,71
7605,71
7606,71
7607,71
7609,71
7610,71
7611,71
7612,71
7613,71
7614,71
7615,71
7616,71
7617,71
7618,71
7619,71
7620,71
7622,71
7623,71
7624,71
7625,71
7626,71
7627,71
7628,71
7629,71
7630,71
7631,71
7632,71
7633,71
7634,71
7635,71
7636,71
7637,71
7638,71
7639,71
7640,71
7641,71
7642,71
7643,71
7644,71
7645,71
7646,71
7647,71
7648,71
7649,71
7650,71
7651,72
7652,72
7653,72
7654,72
7655,72
7656,72
7657,72
7658,72
7659,72
7660,72
7661,72
7662,72
7663,72
7664,72
7665,72
7666,72
7667,72
7668,72
7669,72
7670,72
7671,72
7672,72
7673,72
7674,72
7675,72
7676,72
7677,72
7678,72
7679,72
7680,72
7681,72
7682,72
7683,72
7684,72
7685,72
7686,72
7687,72
7688,72
7689,72
7690,72
7691,72
7692,72
7693,72
7694,72
7695,72
7696,72
7697,72
7698,72
7699,72
7700,72
7701,72
7702,72
7703,72
7704,72
7705,72
7706,72
7707,72
7708,72
7709,72
7710,72
7711,72
7712,72
7713,72
7714,72
7715,72
7716,72
7717,72
7718,72
7719,72
7720,72
7721,72
7722,72
7723,72
7724,72
7725,72
7726,72
7727,72
7728,72
7729,72
7730,72
7731,72
7732,72
7733,72
7734,72
7735,72
7736,72
7737,72
7738,72
7739,72
7740,72
7741,72
7742,72
7743,72
7744,72
7745,72
7746,72
7747,72
7748,72
7749,72
7750,72
7751,72
7752,72
7753,72
7754,72
7755,72
7756,72
7757,72
7758,72
7759,72
7760,72
7761,72
7762,72
7763,72
7764,72
7765,72
7766,72
7767,72
7768,72
7769,72
7770,72
7771,72
7772,72
7773,72
7774,72
7775,72
7776,72
7777,72
7778,72
7779,72
7780,72
7781,72
7782,72
7783,72
7784,72
7785,72
7786,72
7787,72
7788,72
7789,72
7790,72
7791,72
7792,72
7793,72
7794,72
7795,72
7796,72
7797,72
7798,72
7799,72
7800,72
7801,72
7802,72
7803,72
7804,72
7805,72
7806,72
7807,72
7808,72
7809,72
7810,72
7811,72
7812,72
7813,72
7814,72
7815,72
7816,72
7817,72
7818,72
7819,72
7820,72
7821,72
7822,72
7823,72
7824,72
7825,72
7826,72
7827,72
7828,72
7829,72
7830,72
7831,72
7832,72
7833,72
7834,72
7835,72
7836,72
7837,72
7838,72
7839,72
7840,72
7841,72
7842,72
7843,72
7844,72
7845,72
7846,72
7847,72
7848,72
7849,72
7850,72
7851,72
7852,72
7853,72
7854,72
7855,72
7856,72
7857,72
7858,72
7859,72
7860,72
7861,72
7862,72
7863,72
7864,72
7865,72
7866,72
7867,72
7868,72
7869,72
7870,72
7871,72
7872,72
7873,72
7874,72
7875,72
7876,72
7877,72
7878,72
7879,72
7880,72
7881,72
7882,72
7883,72
7884,72
7885,72
7886,72
7887,72
7888,72
7889,72
7890,72
7891,72
7892,72
7893,72
7894,72
7895,72
7896,72
7897,72
7898,72
7899,72
7900,72
7901,72
7902,72
7903,72
7904,72
7905,72
7906,72
7907,72
7908,72
7909,72
7910,72
7911,72
7912,72
7913,72
7914,72
7915,72
7916,72
7917,72
7919,72
7920,72
7921,72
7922,72
7923,72
7924,72
7925,72
7927,72
7928,72
7929,72
7930,72
7931,72
7932,72
7933,72
7934,72
7935,72
7936,72
7937,72
7938,72
7939,72
7940,72
7941,72
7942,72
7943,72
7944,72
7945,72
7946,72
7947,72
7948,72
7949,72
7950,72
7951,72
7952,73
7953,73
7954,73
7955,73
7956,73
7957,73
7958,73
7959,73
7960,73
7961,73
7962,73
7963,73
7964,73
7965,73
7967,73
7968,73
7969,73
7970,73
7971,73
7972,73
7973,73
7974,73
7975,73
7976,73
7977,73
7978,73
7979,73
7980,73
7981,73
7982,73
7983,73
7984,73
7985,73
7986,73
7987,73
7988,73
7989,73
7990,73
7991,73
7992,73
7993,73
7994,73
7995,73
7996,73
7997,73
7998,73
7999,73
8000,73
8001,73
8002,73
8003,73
8004,73
8005,73
8006,73
8007,73
8008,73
8009,73
8010,73
8011,73
8012,73
8013,73
8014,73
8015,73
8016,73
8017,73
8018,73
8019,73
8020,73
8021,73
8022,73
8023,73
8024,73
8025,73
8026,73
8027,73
8028,73
8029,73
8030,73
8031,73
8032,73
8033,73
8034,73
8035,73
8036,73
8037,73
8038,73
8039,73
8040,73
8041,73
8042,73
8043,73
8044,73
8045,73
8046,73
8047,73
8048,73
8049,73
8050,73
8051,73
8052,73
8053,73
8054,73
8055,73
8056,73
8057,73
8058,73
8059,73
8060,73
8061,73
8062,73
8063,73
8064,73
8065,73
8066,73
8067,73
8068,73
8069,73
8070,73
8071,73
8072,73
8073,73
8074,73
8075,73
8076,73
8077,73
8078,73
8079,73
8080,73
8081,73
8082,73
8083,73
8084,73
8085,73
8086,73
8087,73
8088,73
8090,73
8091,73
8092,73
8093,73
8094,73
8095,73
8096,73
8097,73
8098,73
8099,73
8100,73
8101,73
8102,73
8103,73
8104,73
8105,73
8107,73
8108,73
8109,73
8110,73
8111,73
8112,73
8113,73
8114,73
8115,73
8116,73
8117,73
8118,73
8119,73
8120,73
8121,73
8122,73
8123,73
8124,73
8125,73
8126,73
8127,73
8129,73
8130,73
8131,73
8132,73
8133,73
8134,73
8135,73
8136,73
8137,73
8138,73
8139,73
8140,73
8141,73
8142,73
8143,73
8144,73
8145,73
8146,73
8147,73
8148,73
8149,73
8150,73
8151,73
8152,73
8153,73
8155,73
8157,73
8158,73
8159,73
8160,73
8161,73
8162,73
8163,73
8164,73
8165,73
8166,73
8167,73
8168,73
8169,73
8170,73
8171,73
8172,73
8173,73
8174,73
8175,73
8176,73
8177,73
8178,73
8179,73
8180,73
8181,73
8182,73
8183,73
8184,73
8185,73
8186,73
8187,73
8188,73
8189,73
8190,73
8191,73
8192,73
8193,73
8194,73
8195,73
8196,73
8197,73
8198,73
8199,73
8200,73
8201,73
8202,73
8203,73
8204,73
8205,73
8206,73
8207,73
8208,73
8209,73
8210,73
8211,73
8212,73
8213,73
8214,73
8215,73
8216,73
8217,73
8218,73
8219,73
8220,73
8221,73
8222,73
8223,73
8224,73
8225,73
8226,73
8227,73
8228,73
8229,73
8230,73
8231,73
8232,73
8233,73
8234,73
8235,73
8236,73
8237,73
8238,73
8239,73
8240,73
8241,73
8242,73
8243,73
8244,73
8245,73
8246,73
8247,73
8248,73
8249,73
8250,73
8251,73
8252,73
8253,73
8254,73
8255,73
8256,73
8258,74
8260,74
8261,74
8262,74
8263,74
8264,74
8265,74
8266,74
8267,74
8268,74
8270,74
8271,74
8272,74
8273,74
8275,74
8276,74
8277,74
8278,74
8279,74
8280,74
8281,74
8282,74
8283,74
8284,74
8285,74
8286,74
8287,74
8288,74
8289,74
8290,74
8291,74
8292,74
8293,74
8294,74
8295,74
8296,74
8297,74
8298,74
8299,74
8300,74
8301,74
8302,74
8303,74
8304,74
8305,74
8306,74
8307,74
8308,74
8309,74
8310,74
8311,74
8312,74
8313,74
8314,74
8315,74
8316,74
8317,74
8318,74
8320,74
8321,74
8322,74
8323,74
8324,74
8325,74
8326,74
8327,74
8328,74
8329,74
8330,74
8331,74
8332,74
8333,74
8334,74
8335,74
8336,74
8337,74
8338,74
8339,75
8340,75
8341,75
8342,75
8343,75
8344,75
8346,75
8347,75
8348,75
8350,75
8351,75
8352,75
8353,75
8354,75
8355,75
8356,75
8357,75
8358,75
8359,75
8360,75
8361,75
8362,75
8363,75
8364,75
8365,75
8366,76
8367,76
8368,76
8369,76
8370,76
8372,76
8373,76
8374,76
8375,76
8376,76
8377,76
8378,76
8379,76
8380,76
8381,76
8382,76
8383,76
8384,76
8385,76
8386,76
8387,76
8388,76
8389,76
8390,76
8391,76
8392,76
8393,76
8394,76
8395,76
8396,76
8397,76
8398,76
8399,76
8400,76
8401,76
8402,76
8403,76
8404,76
8405,76
8406,76
8407,76
8408,76
8409,76
8410,76
8411,76
8412,76
8413,76
8414,76
8415,76
8416,76
8417,76
8418,76
8419,76
8420,76
8421,76
8422,76
8423,76
8425,76
8426,76
8427,76
8428,76
8429,76
8430,76
8432,76
8433,76
8434,76
8435,76
8436,76
8437,76
8438,76
8440,76
8441,76
8442,76
8443,76
8444,76
8445,76
8446,76
8447,76
8448,76
8449,76
8450,76
8451,76
8452,76
8453,76
8454,76
8455,76
8456,78
8457,78
8458,78
8459,78
8460,78
8461,78
8463,78
8464,78
8465,78
8466,78
8467,78
8469,78
8470,78
8471,78
8472,79
8473,79
8474,79
8475,79
8476,79
8477,79
8478,79
8480,79
8481,79
8482,79
8483,79
8485,79
8487,79
8489,79
8490,80
8491,80
8492,80
8494,80
8496,80
8498,80
8499,80
8500,80
8501,81
8502,81
8503,81
8504,81
8505,81
8506,81
8507,81
8508,81
8509,81
8510,81
8511,81
8512,81
8513,81
8514,81
8515,81
8516,81
8517,81
8518,81
8519,81
8520,81
8521,81
8522,81
8523,81
8524,81
8525,81
8526,81
8527,81
8528,81
8529,81
8530,81
8531,81
8533,81
8534,81
8535,81
8536,81
8537,81
8538,81
8539,81
8540,81
8541,81
8542,81
8543,81
8544,81
8545,81
8546,81
8547,81
8548,81
8549,81
8550,81
8551,81
8552,81
8553,81
8554,81
8555,81
8557,81
8558,81
8559,81
8560,81
8561,81
8562,81
8563,81
8564,81
8565,81
8566,81
8567,81
8568,81
8569,81
8570,81
8571,81
8572,81
8573,81
8574,81
8575,81
8576,81
8577,81
8578,81
8579,81
8580,81
8581,81
8582,81
8583,81
8584,81
8586,81
8587,81
8588,81
8589,81
8590,82
8591,82
8592,82
8593,82
8594,82
8595,82
8596,82
8597,82
8598,82
8599,82
8600,82
8601,82
8602,82
8603,82
8604,82
8605,82
8606,82
8607,82
8608,82
8609,82
8610,82
8611,82
8612,82
8613,82
8614,82
8615,82
8616,82
8617,82
8618,82
8619,82
8620,82
8621,82
8622,82
8623,82
8624,82
8625,82
8626,82
8627,82
8628,82
8629,82
8631,82
8632,82
8633,82
8634,82
8635,82
8636,82
8637,82
8638,82
8639,82
8640,82
8641,82
8642,82
8643,82
8644,82
8645,82
8646,82
8647,82
8648,82
8649,82
8650,82
8651,82
8652,82
8653,82
8654,82
8655,82
8656,82
8657,82
8658,82
8659,82
8660,82
8661,82
8662,82
8663,82
8664,82
8665,82
8666,82
8667,82
8668,82
8669,82
8670,82
8671,82
8672,82
8673,82
8674,82
8675,82
8676,82
8677,82
8678,82
8679,82
8680,82
8681,82
8682,82
8684,82
8685,82
8686,82
8688,82
8689,82
8690,82
8691,82
8692,82
8693,82
8694,82
8695,82
8696,82
8697,82
8698,82
8699,82
8700,82
8701,82
8703,82
8704,82
8705,82
8706,82
8707,82
8708,82
8709,82
8710,82
8711,82
8712,82
8713,82
8714,82
8715,82
8716,82
8717,82
8718,82
8719,82
8720,83
8721,83
8722,83
8723,83
8724,83
8725,83
8726,83
8727,83
8728,83
8729,83
8730,83
8731,83
8732,83
8733,83
8734,83
8735,83
8736,83
8737,83
8738,83
8739,83
8740,83
8741,83
8742,83
8744,83
8745,83
8746,83
8748,83
8749,83
8750,83
8751,83
8752,83
8753,83
8754,83
8755,83
8756,83
8757,83
8758,83
8759,83
8760,83
8761,83
8762,83
8763,83
8764,83
8765,83
8766,83
8767,83
8768,83
8769,83
8771,83
8772,83
8773,83
8774,83
8775,83
8776,83
8777,84
8778,84
8779,84
8780,84
8781,84
8782,84
8783,84
8784,84
8785,84
8786,84
8787,84
8788,84
8789,84
8790,84
8791,84
8792,84
8793,84
8794,84
8795,84
8796,84
8797,84
8798,84
8799,84
8800,84
8801,84
8802,84
8803,84
8804,84
8805,84
8806,84
8807,84
8808,84
8809,84
8810,84
8811,84
8812,84
8813,84
8814,84
8815,84
8816,84
8817,84
8818,84
8819,84
8820,84
8821,84
8822,84
8823,84
8824,84
8825,84
8826,84
8827,84
8828,84
8829,84
8830,84
8831,84
8832,84
8833,84
8834,84
8835,84
8836,84
8837,84
8838,84
8839,84
8840,84
8841,84
8842,84
8843,84
8844,84
8845,84
8846,84
8847,84
8848,84
8849,84
8850,84
8851,84
8852,84
8853,84
8854,84
8855,84
8856,84
8857,84
8858,84
8859,84
8860,84
8861,84
8862,84
8863,84
8864,84
8865,84
8866,84
8867,84
8868,84
8869,84
8870,84
8871,84
8872,84
8873,84
8874,84
8875,84
8876,84
8877,84
8878,84
8879,84
8880,84
8881,84
8882,84
8883,84
8884,84
8885,84
8886,84
8887,84
8888,84
8889,84
8890,84
8891,84
8892,84
8893,84
8894,84
8895,84
8896,84
8897,84
8898,84
8899,84
8900,84
8901,84
8902,84
8903,84
8904,84
8905,84
8906,84
8907,84
8908,84
8909,84
8910,84
8911,84
8912,84
8913,84
8914,84
8915,84
8916,84
8917,84
8918,84
8919,84
8920,84
8921,84
8922,84
8923,84
8924,84
8925,84
8926,84
8927,84
8928,84
8929,84
8930,84
8931,84
8932,84
8933,84
8934,84
8935,84
8936,84
8937,84
8938,84
8939,84
8940,84
8941,84
8942,84
8943,84
8944,84
8945,84
8946,84
8947,84
8948,84
8950,84
8951,84
8952,84
8953,84
8954,84
8955,84
8956,84
8957,84
8958,84
8959,84
8960,84
8961,84
8962,84
8963,84
8964,84
8965,84
8966,84
8967,84
8968,84
8969,84
8970,84
8971,84
8972,84
8973,84
8974,84
8975,84
8976,84
8977,84
8978,84
8979,84
8980,84
8981,84
8982,84
8983,84
8984,84
8985,84
8986,84
8987,84
8988,84
8989,84
8990,84
8991,84
8992,84
8993,84
8994,84
8995,84
8996,84
8997,84
8998,84
8999,84
9000,84
9001,84
9002,84
9003,84
9004,84
9005,84
9006,84
9007,84
9008,84
9009,84
9010,84
9011,84
9012,84
9013,84
9014,84
9015,84
9016,84
9017,84
9018,84
9019,84
9020,84
9021,84
9022,84
9023,84
9024,84
9025,84
9026,84
9027,84
9028,84
9029,84
9030,84
9031,84
9032,84
9033,84
9034,84
9035,84
9036,84
9037,84
9038,84
9039,84
9040,84
9041,84
9042,84
9043,84
9044,84
9045,84
9046,84
9047,84
9048,84
9049,84
9050,84
9051,84
9052,84
9053,84
9054,84
9055,84
9056,84
9057,84
9058,84
9059,84
9060,85
9061,85
9062,85
9063,85
9064,85
9065,85
9066,85
9067,85
9068,85
9069,85
9070,85
9071,85
9072,85
9073,85
9074,85
9075,85
9076,85
9077,85
9078,85
9079,85
9080,85
9081,85
9082,85
9083,85
9084,85
9085,85
9086,85
9087,85
9088,85
9089,85
9090,85
9091,85
9092,85
9093,85
9094,85
9095,85
9096,85
9097,85
9098,85
9099,85
9100,85
9101,85
9102,85
9103,85
9104,85
9105,85
9106,85
9107,85
9108,85
9110,85
9111,85
9112,85
9113,85
9114,85
9115,85
9116,85
9117,85
9118,85
9119,85
9120,85
9121,85
9122,85
9123,85
9124,85
9125,85
9126,85
9127,85
9128,85
9129,85
9130,85
9131,85
9132,85
9133,85
9134,85
9135,85
9136,85
9137,85
9138,85
9139,85
9140,85
9141,85
9142,85
9143,85
9144,85
9145,85
9146,85
9147,85
9148,85
9149,85
9150,85
9151,85
9152,85
9153,85
9154,85
9155,85
9156,85
9157,85
9158,85
9159,85
9160,85
9161,85
9162,85
9163,85
9164,85
9165,85
9166,85
9167,85
9168,85
9169,85
9170,85
9171,85
9172,85
9173,85
9174,85
9175,85
9176,85
9177,85
9178,85
9179,85
9180,85
9181,85
9182,85
9183,85
9184,85
9185,85
9186,85
9187,85
9188,85
9189,85
9190,85
9191,85
9192,85
9193,85
9194,85
9195,85
9196,85
9197,85
9198,85
9199,85
9200,85
9201,85
9202,85
9203,85
9204,85
9205,85
9206,85
9207,85
9208,85
9209,85
9210,85
9211,85
9212,85
9213,85
9214,85
9215,85
9216,85
9217,85
9218,85
9219,85
9220,85
9221,85
9222,85
9223,85
9224,85
9225,85
9226,85
9227,85
9228,85
9229,85
9230,85
9231,85
9232,85
9233,85
9234,85
9235,85
9236,85
9237,85
9238,85
9239,85
9240,85
9241,85
9242,85
9243,85
9244,85
9245,85
9246,85
9247,85
9248,85
9249,85
9250,85
9251,85
9252,85
9253,85
9254,85
9255,85
9256,85
9257,85
9258,85
9259,85
9260,85
9261,85
9262,85
9263,85
9264,85
9265,85
9266,85
9267,85
9268,85
9269,85
9270,85
9271,85
9272,85
9273,85
9274,85
9275,85
9276,85
9277,85
9278,85
9279,85
9280,85
9281,85
9282,85
9283,85
9284,85
9285,85
9286,85
9287,85
9288,85
9289,85
9290,85
9291,85
9292,85
9293,85
9294,85
9295,85
9296,85
9297,85
9298,85
9299,85
9300,85
9301,85
9302,85
9303,85
9304,85
9305,85
9307,85
9308,85
9309,85
9310,85
9311,85
9312,85
9313,85
9314,85
9315,85
9316,85
9317,85
9318,85
9319,85
9320,85
9321,85
9322,85
9323,85
9324,85
9325,85
9326,85
9327,85
9328,85
9329,85
9330,85
9331,85
9332,85
9333,85
9334,85
9335,85
9336,85
9337,85
9338,85
9339,85
9340,85
9341,85
9342,85
9343,85
9344,85
9345,85
9346,85
9347,85
9348,85
9349,85
9350,85
9351,85
9352,85
9353,85
9354,85
9355,85
9356,86
9357,86
9358,86
9359,86
9360,86
9361,86
9362,86
9363,86
9364,86
9366,86
9368,86
9369,86
9370,86
9371,86
9372,86
9373,86
9374,86
9375,86
9376,86
9377,86
9378,86
9379,86
9380,86
9381,86
9382,86
9383,86
9384,86
9385,86
9386,86
9387,86
9388,86
9389,86
9390,86
9391,86
9392,86
9393,86
9395,86
9397,86
9398,86
9399,86
9400,87
9401,87
9402,87
9403,87
9404,87
9405,87
9406,87
9407,87
9408,87
9409,87
9410,87
9411,87
9412,87
9413,87
9414,87
9415,87
9416,87
9417,87
9418,87
9419,87
9420,87
9421,87
9422,87
9423,87
9424,87
9425,87
9426,87
9427,87
9428,87
9429,87
9430,87
9431,87
9432,87
9433,87
9434,87
9435,87
9436,87
9437,87
9438,87
9439,87
9440,87
9441,87
9442,87
9443,87
9444,87
9445,87
9446,87
9447,87
9448,87
9449,87
9450,87
9451,87
9452,87
9453,87
9454,87
9455,87
9456,87
9457,87
9458,87
9459,87
9460,87
9461,87
9462,87
9463,87
9464,87
9465,87
9466,87
9467,87
9468,87
9469,87
9470,87
9471,87
9472,87
9473,87
9474,87
9475,87
9476,87
9477,87
9478,87
9479,87
9480,87
9481,87
9482,87
9483,87
9484,87
9485,87
9486,87
9487,87
9488,87
9489,87
9490,87
9491,87
9492,87
9493,87
9494,87
9495,87
9496,87
9497,87
9498,87
9499,87
9500,87
9501,87
9502,87
9503,87
9504,87
9505,87
9506,87
9507,87
9508,87
9509,87
9510,87
9511,87
9512,87
9513,87
9514,87
9515,87
9516,87
9518,87
9519,87
9520,87
9521,87
9522,87
9523,87
9524,87
9525,87
9526,87
9527,87
9528,87
9529,87
9530,87
9531,87
9532,87
9533,87
9534,87
9535,87
9536,87
9537,87
9538,87
9539,87
9540,87
9541,87
9542,87
9543,87
9544,87
9545,87
9546,87
9547,87
9548,87
9549,87
9550,87
9551,87
9552,87
9553,87
9554,87
9555,87
9556,87
9557,87
9558,87
9559,87
9560,87
9561,87
9562,87
9563,87
9564,87
9565,87
9566,87
9567,87
9568,87
9569,87
9570,87
9571,87
9572,87
9573,87
9574,87
9575,87
9576,87
9577,87
9578,87
9579,87
9580,87
9581,87
9582,87
9583,87
9584,87
9585,87
9586,87
9587,87
9588,87
9589,87
9590,87
9591,87
9592,87
9593,87
9594,87
9595,87
9596,87
9597,87
9598,87
9599,87
9601,87
9602,87
9603,87
9604,87
9605,87
9606,87
9607,87
9608,87
9609,87
9610,87
9611,87
9612,87
9613,87
9614,87
9615,87
9616,87
9618,87
9619,87
9620,87
9621,87
9622,87
9623,87
9624,87
9625,87
9626,87
9627,87
9628,87
9629,87
9630,87
9631,87
9632,87
9633,87
9634,87
9635,87
9636,87
9637,87
9638,87
9639,87
9640,87
9641,87
9642,87
9643,87
9644,87
9645,87
9646,87
9647,87
9648,87
9649,87
9650,87
9651,87
9652,87
9653,87
9655,87
9656,87
9657,87
9658,87
9659,87
9660,87
9661,87
9662,87
9663,87
9664,87
9665,87
9666,87
9667,87
9668,87
9669,87
9670,87
9671,87
9672,87
9673,87
9674,87
9675,87
9677,88
9678,88
9679,88
9680,88
9681,88
9682,88
9683,88
9684,88
9685,88
9686,88
9687,88
9688,88
9689,88
9690,88
9691,88
9692,88
9693,88
9694,88
9695,88
9696,88
9697,88
9698,88
9699,88
9701,88
9702,88
9703,88
9704,88
9705,88
9706,88
9707,88
9708,89
9709,89
9710,89
9711,89
9712,89
9713,89
9714,89
9715,89
9716,89
9717,89
9718,89
9719,89
9720,89
9722,89
9723,89
9724,89
9725,89
9726,89
9727,89
9728,89
9729,89
9730,89
9731,89
9732,89
9733,89
9734,89
9735,89
9736,89
9737,89
9738,89
9739,89
9741,89
9742,89
9743,89
9744,89
9745,89
9746,89
9747,89
9748,89
9749,89
9750,89
9751,89
9752,89
9753,89
9754,89
9755,89
9756,89
9757,89
9758,89
9759,89
9760,89
9761,89
9763,89
9764,90
9765,90
9766,90
9767,90
9768,90
9769,90
9770,90
9771,90
9772,90
9773,90
9774,90
9775,90
9776,90
9777,90
9778,90
9779,90
9780,90
9781,90
9782,90
9783,90
9784,90
9785,90
9786,90
9787,90
9788,90
9789,90
9790,90
9791,90
9792,90
9793,90
9794,90
9795,90
9796,90
9797,90
9798,90
9799,90
9800,90
9801,90
9802,90
9803,90
9804,90
9805,90
9806,90
9807,90
9808,90
9809,90
9810,90
9811,90
9812,90
9813,90
9814,90
9815,90
9816,90
9817,90
9818,90
9819,90
9820,90
9821,90
9822,90
9823,90
9824,90
9825,90
9826,90
9827,90
9828,90
9829,90
9830,90
9831,90
9832,90
9833,90
9834,90
9835,90
9836,90
9837,90
9838,90
9839,90
9840,90
9841,90
9842,90
9843,90
9844,90
9845,90
9846,90
9847,90
9848,90
9849,90
9850,90
9851,90
9852,90
9853,90
9854,90
9855,90
9856,90
9857,90
9858,90
9859,90
9860,90
9861,90
9862,90
9863,90
9864,90
9865,90
9866,90
9867,90
9868,90
9869,90
9870,90
9871,90
9873,90
9874,90
9875,90
9876,90
9877,90
9878,90
9879,90
9880,90
9881,90
9882,90
9883,90
9884,90
9885,90
9886,90
9887,90
9888,90
9889,90
9890,90
9891,90
9892,90
9893,90
9894,90
9895,90
9896,90
9897,90
9898,90
9899,90
9900,90
9901,90
9902,90
9903,90
9904,90
9905,90
9906,90
9907,90
9908,90
9909,90
9910,90
9911,90
9912,90
9913,90
9914,90
9915,90
9916,90
9917,90
9918,90
9919,90
9920,90
9921,90
9922,90
9923,90
9924,90
9925,90
9926,90
9928,90
9929,90
9930,90
9931,90
9932,90
9933,90
9934,90
9935,90
9936,90
9937,90
9938,90
9939,90
9940,90
9941,90
9942,90
9943,90
9944,90
9945,90
9946,90
9947,90
9948,90
9949,90
9950,90
9951,90
9952,90
9953,90
9954,90
9955,90
9956,90
9958,90
9959,90
9960,90
9961,90
9962,90
9963,90
9964,90
9965,90
9966,90
9967,90
9968,90
9969,90
9970,90
9971,90
9972,90
9973,90
9974,90
9975,90
9976,90
9977,90
9978,90
9979,90
9980,90
9981,90
9982,90
9983,90
9984,90
9985,90
9986,90
9987,90
9988,90
9989,90
9990,90
9991,90
9992,90
9993,90
9994,90
9995,90
9996,90
9997,90
9998,90
9999,90
10000,90
10001,90
10002,90
10003,90
10004,90
10005,90
10006,90
10007,90
10008,90
10009,90
10010,90
10011,90
10012,90
10013,90
10014,90
10015,90
10016,90
10017,90
10018,90
10019,90
10020,90
10021,90
10022,90
10023,90
10024,90
10025,90
10026,90
10027,90
10028,90
10029,90
10030,90
10031,90
10032,90
10033,90
10034,90
10035,90
10036,90
10037,90
10038,90
10039,90
10040,90
10041,90
10042,90
10043,90
10044,90
10045,90
10046,90
10047,90
10048,90
10049,90
10050,90
10051,90
10052,90
10053,90
10055,90
10056,90
10057,90
10058,91
10059,91
10060,91
10061,91
10062,91
10063,91
10064,91
10065,91
10066,91
10067,91
10068,91
10069,91
10070,91
10071,91
10072,91
10073,91
10074,91
10075,91
10077,91
10078,91
10079,91
10080,91
10081,91
10082,91
10083,91
10084,91
10085,91
10086,91
10087,91
10089,91
10090,91
10091,91
10092,91
10093,91
10094,91
10095,91
10096,91
10097,91
10098,91
10099,91
10100,91
10101,91
10102,91
10103,91
10104,91
10105,91
10106,91
10107,91
10108,91
10109,91
10110,91
10111,91
10112,91
10113,91
10114,91
10115,91
10116,91
10117,91
10118,91
10119,91
10120,91
10121,91
10122,91
10123,91
10124,91
10125,92
10126,92
10127,92
10128,92
10129,92
10130,92
10131,92
10132,92
10133,92
10134,92
10135,92
10136,92
10137,92
10138,92
10139,92
10140,92
10141,92
10142,92
10143,92
10144,92
10146,92
10147,92
10148,92
10149,92
10150,92
10151,92
10152,92
10153,92
10154,92
10155,92
10156,92
10157,92
10158,92
10159,92
10160,92
10161,92
10162,92
10163,92
10164,92
10165,92
10166,92
10167,92
10168,92
10169,93
10170,93
10171,93
10172,93
10174,93
10175,93
10176,93
10177,93
10178,93
10179,93
10180,93
10181,93
10183,93
10184,93
10185,93
10186,93
10187,93
10188,93
10189,93
10190,93
10191,93
10192,93
10193,93
10194,93
10195,93
10196,93
10197,93
10198,93
10200,93
10201,94
10202,94
10203,94
10204,94
10205,94
10206,94
10207,94
10208,94
10209,94
10210,94
10211,94
10212,94
10213,94
10214,94
10215,94
10216,94
10217,94
10218,94
10219,94
10220,94
10221,94
10222,94
10223,94
10224,94
10225,94
10226,94
10227,94
10228,94
10229,94
10230,94
10231,94
10232,94
10233,94
10234,94
10235,94
10236,94
10237,94
10238,94
10239,94
10240,94
10241,94
10242,94
10243,94
10244,94
10245,94
10246,94
10247,94
10248,94
10249,94
10250,94
10251,94
10252,94
10253,94
10254,94
10255,94
10256,94
10257,94
10258,94
10259,94
10260,94
10261,94
10262,94
10263,94
10264,94
10265,94
10266,94
10267,94
10268,94
10269,94
10270,94
10271,94
10272,94
10273,94
10274,94
10275,94
10276,94
10277,94
10278,94
10279,94
10280,94
10281,94
10282,94
10283,94
10284,94
10285,94
10286,94
10287,94
10288,94
10289,94
10290,94
10291,94
10292,94
10293,94
10294,94
10295,94
10296,94
10297,94
10298,94
10299,94
10300,94
10301,94
10303,95
10304,95
10305,95
10306,95
10307,95
10308,95
10309,95
10310,95
10311,95
10312,95
10313,95
10314,95
10315,95
10316,95
10317,95
10318,95
10319,95
10320,95
10321,95
10322,95
10323,95
10324,95
10325,95
10326,95
10327,95
10328,95
10329,95
10330,95
10331,95
10332,95
10333,95
10334,95
10335,95
10336,95
10337,95
10338,95
10339,95
10340,95
10341,95
10342,95
10343,95
10344,95
10345,95
10346,95
10347,95
10348,95
10349,95
10350,95
10351,95
10352,95
10353,95
10354,95
10355,95
10356,95
10357,95
10358,95
10359,95
10360,95
10361,95
10362,95
10363,95
10364,95
10365,95
10366,95
10367,95
10368,95
10369,95
10370,95
10371,95
10372,95
10373,95
10374,95
10375,95
10376,95
10377,95
10378,95
10379,95
10380,95
10381,95
10382,96
10383,96
10384,96
10386,96
10387,96
10388,96
10389,96
10390,96
10391,96
10392,96
10393,96
10394,96
10395,96
10396,96
10397,96
10398,96
10399,96
10400,96
10401,96
10402,96
10403,96
10405,96
10407,96
10408,96
10409,96
10410,96
10411,96
10412,96
10413,96
10414,96
10415,96
10416,96
10417,96
10418,96
10419,96
10420,96
10421,96
10422,96
10423,96
10424,96
10425,96
10426,96
10427,96
10428,96
10429,96
10430,96
10431,96
10432,96
10433,96
10434,96
10435,96
10436,96
10437,96
10438,96
10439,96
10441,96
10443,96
10444,96
10445,96
10446,96
10447,96
10448,96
10449,96
10450,96
10451,96
10452,96
10453,96
10454,96
10456,96
10457,96
10458,96
10459,96
10460,96
10461,96
10462,96
10463,96
10464,96
10465,96
10466,96
10467,96
10469,96
10471,96
10473,96
10474,96
10475,96
10476,96
10477,96
10478,96
10479,96
10480,96
10481,96
10483,96
10484,96
10485,96
10486,96
