mapping_id,parent_id,depth
0,1,1
1,1,2
2,1,2
3,1,2
4,1,2
5,1,2
6,1,2
7,1,2
8,1,2
9,1,2
10,1,2
11,1,2
12,1,2
13,1,2
14,1,2
15,1,2
16,1,2
17,1,2
18,1,2
19,1,2
20,1,2
21,1,2
22,1,2
23,1,2
24,1,2
25,1,2
26,1,2
27,1,2
28,1,2
29,1,2
30,1,2
31,1,2
32,1,2
33,1,2
34,1,2
35,1,2
36,1,2
37,1,2
38,1,2
39,1,2
40,1,2
41,1,2
42,1,2
43,1,2
44,1,2
45,1,2
46,1,2
47,1,2
48,1,2
49,1,2
50,2,1
51,2,2
52,2,2
53,2,2
54,2,2
55,2,2
56,2,2
57,2,2
58,2,2
59,2,2
60,2,2
61,2,2
62,2,2
63,2,2
64,2,2
65,2,2
66,2,2
67,2,2
68,2,2
69,2,2
70,2,2
71,2,2
72,2,2
73,2,2
74,2,2
75,2,2
76,2,2
77,2,2
78,2,2
79,2,2
80,2,2
81,2,2
82,2,2
83,2,2
84,2,2
85,2,2
86,2,2
87,2,2
88,2,2
89,2,2
90,2,2
91,2,2
92,2,2
93,2,2
94,2,2
95,2,2
96,2,2
97,2,2
98,2,2
99,2,2
100,2,2
101,2,2
102,2,2
103,2,2
104,2,2
105,2,2
106,2,2
107,2,2
108,2,2
109,2,2
110,2,2
111,2,2
112,2,2
113,2,2
114,2,2
115,2,2
116,2,2
117,2,2
118,2,2
119,2,2
120,2,2
121,2,2
122,2,2
123,2,2
124,2,2
125,2,2
126,2,2
127,2,2
128,2,2
129,2,2
130,2,2
131,2,2
132,2,2
133,2,2
134,2,2
135,2,2
136,2,2
137,2,2
138,3,1
139,3,2
140,3,2
141,3,2
142,3,2
143,3,2
144,3,2
145,3,2
146,3,2
147,3,2
148,3,2
149,3,2
150,3,2
151,3,2
152,3,2
153,3,2
154,3,2
155,3,2
156,3,2
157,3,2
158,3,2
159,3,2
160,3,2
161,3,2
162,3,2
163,3,2
164,3,2
165,3,2
166,3,2
167,3,2
168,3,2
169,3,2
170,3,2
171,3,2
172,3,2
173,3,2
174,3,2
175,3,2
176,3,2
177,3,2
178,3,2
179,3,2
180,3,2
181,3,2
182,3,2
183,3,2
184,3,2
185,3,2
186,3,2
187,3,2
188,3,2
189,3,2
190,3,2
191,3,2
192,3,2
193,3,2
194,3,2
195,3,2
196,3,2
197,3,2
198,3,2
199,3,2
200,3,2
201,3,2
202,3,2
203,3,2
204,3,2
205,3,2
206,3,2
207,3,2
208,3,2
209,3,2
210,3,2
211,3,2
212,3,2
213,3,2
214,3,2
215,3,2
216,3,2
217,3,2
218,3,2
219,3,2
220,3,2
221,3,2
222,3,2
223,3,2
224,3,2
225,3,2
226,3,2
227,3,2
228,3,2
229,3,2
230,3,2
231,3,2
232,3,2
233,3,2
234,3,2
235,3,2
236,3,2
237,3,2
238,3,2
239,3,2
240,3,2
241,3,2
242,3,2
243,3,2
244,3,2
245,3,2
246,3,2
247,3,2
248,3,2
249,3,2
250,3,2
251,3,2
252,3,2
253,3,2
254,3,2
255,3,2
256,3,2
257,3,2
258,3,2
259,3,2
260,3,2
261,3,2
262,3,2
263,3,2
264,3,2
265,3,2
266,3,2
267,3,2
268,3,2
269,3,2
270,3,2
271,3,2
272,3,2
273,3,2
274,3,2
275,3,2
276,3,2
277,3,2
278,3,2
279,3,2
280,3,2
281,3,2
282,3,2
283,3,2
284,3,2
285,3,2
286,3,2
287,3,2
288,3,2
289,3,2
290,3,2
291,3,2
292,3,2
293,3,2
294,3,2
295,3,2
296,3,2
297,3,2
298,3,2
299,3,2
300,3,2
301,3,2
302,3,2
303,3,2
304,3,2
305,3,2
306,3,2
307,3,2
308,3,2
309,3,2
310,3,2
311,3,2
312,3,2
313,3,2
314,3,2
315,3,2
316,3,2
317,3,2
318,3,2
319,3,2
320,3,2
321,3,2
322,3,2
323,3,2
324,3,2
325,3,2
326,3,2
327,3,2
328,3,2
329,3,2
330,3,2
331,3,2
332,3,2
333,3,2
334,3,2
335,3,2
336,3,2
337,3,2
338,3,2
339,3,2
340,3,2
341,3,2
342,3,2
343,3,2
344,3,2
345,3,2
346,3,2
347,3,2
348,3,2
349,3,2
350,3,2
351,3,2
352,3,2
353,3,2
354,3,2
355,3,2
356,3,2
357,3,2
358,3,2
359,3,2
360,3,2
361,3,2
362,3,2
363,3,2
364,3,2
365,3,2
366,3,2
367,3,2
368,3,2
369,3,2
370,3,2
371,3,2
372,3,2
373,3,2
374,3,2
375,3,2
376,4,1
377,4,2
378,4,2
379,4,2
380,4,2
381,4,2
382,4,2
383,4,2
384,4,2
385,4,2
386,4,2
387,4,2
388,4,2
389,4,2
390,4,2
391,4,2
392,4,2
393,4,2
394,4,2
395,4,2
396,4,2
397,4,2
398,4,2
399,4,2
400,4,2
401,4,2
402,4,2
403,4,2
404,4,2
405,4,2
406,4,2
407,4,2
408,4,2
409,4,2
410,4,2
411,4,2
412,4,2
413,4,2
414,4,2
415,4,2
416,4,2
417,4,2
418,4,2
419,4,2
420,4,2
421,4,2
422,4,2
423,4,2
424,4,2
425,4,2
426,4,2
427,5,1
428,5,2
429,5,2
430,5,2
431,5,2
432,5,2
433,5,2
434,5,2
435,5,2
436,5,2
437,5,2
438,5,2
439,5,2
440,5,2
441,5,2
442,5,2
443,5,2
444,5,2
445,5,2
446,5,2
447,5,2
448,5,2
449,5,2
450,5,2
451,6,1
452,6,2
453,6,2
454,6,2
455,6,2
456,6,2
457,6,2
458,6,2
459,6,2
460,6,2
461,6,2
462,0,2
463,6,2
464,6,2
465,6,2
466,6,2
467,6,2
468,6,2
469,6,2
470,6,2
471,6,2
472,6,2
473,7,1
474,7,2
475,7,2
476,7,2
477,7,2
478,7,2
479,7,2
480,7,2
481,7,2
482,7,2
483,7,2
484,7,2
485,7,2
486,7,2
487,7,2
488,7,2
489,7,2
490,7,2
491,7,2
492,7,2
493,7,2
494,7,2
495,7,2
496,7,2
497,7,2
498,7,2
499,7,2
500,7,2
501,7,2
502,7,2
503,7,2
504,7,2
505,7,2
506,7,2
507,7,2
508,7,2
509,7,2
510,7,2
511,7,2
512,7,2
513,7,2
514,7,2
515,7,2
516,7,2
517,7,2
518,7,2
519,7,2
520,7,2
521,7,2
522,7,2
523,7,2
524,7,2
525,7,2
526,7,2
527,7,2
528,7,2
529,7,2
530,7,2
531,7,2
532,7,2
533,7,2
534,7,2
535,7,2
536,7,2
537,7,2
538,7,2
539,7,2
540,7,2
541,7,2
542,7,2
543,7,2
544,7,2
545,7,2
546,7,2
547,7,2
548,7,2
549,7,2
550,7,2
551,7,2
552,7,2
553,7,2
554,7,2
555,7,2
556,7,2
557,7,2
558,7,2
559,7,2
560,7,2
561,7,2
562,7,2
563,7,2
564,7,2
565,7,2
566,7,2
567,7,2
568,7,2
569,7,2
570,7,2
571,7,2
572,7,2
573,7,2
574,7,2
575,8,1
576,8,2
577,8,2
578,8,2
579,8,2
580,8,2
581,8,2
582,8,2
583,8,2
584,8,2
585,8,2
586,8,2
587,8,2
588,8,2
589,8,2
590,8,2
591,8,2
592,8,2
593,8,2
594,8,2
595,8,2
596,8,2
597,8,2
598,8,2
599,8,2
600,8,2
601,8,2
602,8,2
603,8,2
604,8,2
605,8,2
606,8,2
607,8,2
608,8,2
609,8,2
610,8,2
611,8,2
612,8,2
613,8,2
614,8,2
615,8,2
616,8,2
617,8,2
618,8,2
619,8,2
620,8,2
621,8,2
622,8,2
623,8,2
624,8,2
625,8,2
626,8,2
627,8,2
628,8,2
629,8,2
630,8,2
631,8,2
632,8,2
633,8,2
634,8,2
635,8,2
636,8,2
637,8,2
638,8,2
639,8,2
640,8,2
641,8,2
642,8,2
643,8,2
644,8,2
645,8,2
646,8,2
647,8,2
648,8,2
649,8,2
650,8,2
651,8,2
652,8,2
653,8,2
654,8,2
655,8,2
656,8,2
657,8,2
658,8,2
659,8,2
660,8,2
661,8,2
662,8,2
663,8,2
664,8,2
665,8,2
666,9,1
667,9,2
668,9,2
669,9,2
670,9,2
671,9,2
672,9,2
673,9,2
674,9,2
675,9,2
676,9,2
677,9,2
678,9,2
679,9,2
680,9,2
681,9,2
682,9,2
683,9,2
684,9,2
685,9,2
686,9,2
687,9,2
688,9,2
689,9,2
690,9,2
691,9,2
692,9,2
693,9,2
694,9,2
695,9,2
696,9,2
697,9,2
698,9,2
699,9,2
700,9,2
701,9,2
702,9,2
703,9,2
704,9,2
705,9,2
706,9,2
707,9,2
708,9,2
709,9,2
710,9,2
711,9,2
712,9,2
713,9,2
714,9,2
715,9,2
716,9,2
717,9,2
718,9,2
719,9,2
720,9,2
721,9,2
722,9,2
723,9,2
724,9,2
725,9,2
726,9,2
727,9,2
728,10,1
729,10,2
730,10,2
731,10,2
732,10,2
733,10,2
734,10,2
735,10,2
736,10,2
737,10,2
738,10,2
739,10,2
740,10,2
741,10,2
742,10,2
743,10,2
744,10,2
745,10,2
746,10,2
747,10,2
748,10,2
749,10,2
750,10,2
751,10,2
752,10,2
753,10,2
754,10,2
755,10,2
756,10,2
757,10,2
758,10,2
759,10,2
760,10,2
761,10,2
762,10,2
763,10,2
764,10,2
765,10,2
766,11,1
767,11,2
768,11,2
769,11,2
770,11,2
771,11,2
772,11,2
773,11,2
774,11,2
775,11,2
776,11,2
777,11,2
778,11,2
779,11,2
780,11,2
781,11,2
782,11,2
783,11,2
784,11,2
785,11,2
786,11,2
787,11,2
788,11,2
789,11,2
790,11,2
791,11,2
792,11,2
793,11,2
794,11,2
795,11,2
796,11,2
797,11,2
798,11,2
799,11,2
800,11,2
801,11,2
802,11,2
803,11,2
804,11,2
805,12,1
806,12,2
807,12,2
808,12,2
809,12,2
810,12,2
811,12,2
812,12,2
813,12,2
814,12,2
815,12,2
816,12,2
817,12,2
818,12,2
819,12,2
820,12,2
821,12,2
822,12,2
823,12,2
824,12,2
825,12,2
826,12,2
827,12,2
828,12,2
829,12,2
830,12,2
831,12,2
832,12,2
833,12,2
834,12,2
835,12,2
836,12,2
837,12,2
838,12,2
839,12,2
840,12,2
841,12,2
842,12,2
843,12,2
844,12,2
845,12,2
846,12,2
847,12,2
848,12,2
849,12,2
850,12,2
851,12,2
852,12,2
853,12,2
854,12,2
855,12,2
856,12,2
857,12,2
858,12,2
859,12,2
860,12,2
861,12,2
862,12,2
863,12,2
864,12,2
865,12,2
866,12,2
867,12,2
868,12,2
869,12,2
870,12,2
871,12,2
872,12,2
873,12,2
874,12,2
875,13,1
876,13,2
877,13,2
878,13,2
879,13,2
880,13,2
881,13,2
882,13,2
883,13,2
884,13,2
885,13,2
886,13,2
887,13,2
888,13,2
889,13,2
890,13,2
891,13,2
892,14,1
893,14,2
894,14,2
895,14,2
896,14,2
897,14,2
898,14,2
899,14,2
900,15,1
901,15,2
902,15,2
903,15,2
904,15,2
905,15,2
906,15,2
907,15,2
908,15,2
909,15,2
910,15,2
911,15,2
912,15,2
913,15,2
914,15,2
915,15,2
916,15,2
917,15,2
918,15,2
919,15,2
920,15,2
921,15,2
922,15,2
923,15,2
924,15,2
925,15,2
926,15,2
927,15,2
928,15,2
929,15,2
930,15,2
931,15,2
932,15,2
933,15,2
934,15,2
935,15,2
936,15,2
937,15,2
938,15,2
939,15,2
940,15,2
941,15,2
942,15,2
943,15,2
944,15,2
945,15,2
946,15,2
947,15,2
948,15,2
949,15,2
950,15,2
951,15,2
952,15,2
953,15,2
954,15,2
955,15,2
956,15,2
957,15,2
958,15,2
959,15,2
960,15,2
961,15,2
962,15,2
963,15,2
964,15,2
965,15,2
966,15,2
967,15,2
968,15,2
969,15,2
970,15,2
971,15,2
972,15,2
973,16,1
974,16,2
975,16,2
976,16,2
977,16,2
978,16,2
979,16,2
980,16,2
981,16,2
982,16,2
983,16,2
984,16,2
985,16,2
986,16,2
987,16,2
988,16,2
989,16,2
990,16,2
991,16,2
992,16,2
993,16,2
994,16,2
995,16,2
996,16,2
997,16,2
998,16,2
999,16,2
1000,16,2
1001,16,2
1002,16,2
1003,16,2
1004,16,2
1005,16,2
1006,16,2
1007,16,2
1008,16,2
1009,16,2
1010,16,2
1011,16,2
1012,16,2
1013,16,2
1014,16,2
1015,16,2
1016,16,2
1017,16,2
1018,16,2
1019,16,2
1020,16,2
1021,16,2
1022,16,2
1023,16,2
1024,16,2
1025,17,2
1026,17,2
1027,17,2
1028,17,2
1029,17,2
1030,17,2
1031,17,2
1032,17,2
1033,17,2
1034,17,2
1035,17,2
1036,17,2
1037,17,2
1038,17,2
1039,17,2
1040,17,2
1041,17,2
1042,17,2
1043,17,2
1044,17,2
1045,17,2
1046,17,2
1047,17,2
1048,17,2
1049,17,2
1050,17,2
1051,18,1
1052,18,2
1053,18,2
1054,18,2
1055,18,2
1056,18,2
1057,18,2
1058,18,2
1059,18,2
1060,18,2
1061,18,2
1062,18,2
1063,18,2
1064,18,2
1065,18,2
1066,19,1
1067,19,2
1068,19,2
1069,19,2
1070,19,2
1071,19,2
1072,19,2
1073,19,2
1074,19,2
1075,19,2
1076,19,2
1077,19,2
1078,19,2
1079,19,2
1080,19,2
1081,19,2
1082,19,2
1083,19,2
1084,19,2
1085,19,2
1086,19,2
1087,19,2
1088,19,2
1089,19,2
1090,19,2
1091,19,2
1092,19,2
1093,19,2
1094,20,1
1095,20,2
1096,20,2
1097,20,2
1098,20,2
1099,20,2
1100,20,2
1101,20,2
1102,20,2
1103,20,2
1104,20,2
1105,20,2
1106,20,2
1107,20,2
1108,20,2
1109,20,2
1110,20,2
1111,20,2
1112,20,2
1113,20,2
1114,20,2
1115,20,2
1116,20,2
1117,20,2
1118,20,2
1119,20,2
1120,20,2
1121,20,2
1122,20,2
1123,20,2
1124,20,2
1125,20,2
1126,20,2
1127,20,2
1128,20,2
1129,20,2
1130,20,2
1131,20,2
1132,20,2
1133,20,2
1134,20,2
1135,20,2
1136,20,2
1137,20,2
1138,20,2
1139,20,2
1140,20,2
1141,20,2
1142,20,2
1143,20,2
1144,20,2
1145,20,2
1146,20,2
1147,20,2
1148,20,2
1149,20,2
1150,20,2
1151,20,2
1152,20,2
1153,20,2
1154,20,2
1155,20,2
1156,20,2
1157,20,2
1158,20,2
1159,20,2
1160,20,2
1161,20,2
1162,20,2
1163,20,2
1164,20,2
1165,20,2
1166,20,2
1167,20,2
1168,20,2
1169,20,2
1170,20,2
1171,20,2
1172,20,2
1173,20,2
1174,20,2
1175,20,2
1176,20,2
1177,20,2
1178,20,2
1179,20,2
1180,20,2
1181,20,2
1182,20,2
1183,20,2
1184,21,1
1185,21,2
1186,21,2
1187,21,2
1188,21,2
1189,21,2
1190,21,2
1191,21,2
1192,21,2
1193,21,2
1194,21,2
1195,21,2
1196,21,2
1197,21,2
1198,21,2
1199,21,2
1200,21,2
1201,21,2
1202,21,2
1203,21,2
1204,21,2
1205,21,2
1206,21,2
1207,21,2
1208,21,2
1209,21,2
1210,21,2
1211,21,2
1212,22,1
1213,22,2
1214,22,2
1215,22,2
1216,22,2
1217,22,2
1218,22,2
1219,22,2
1220,22,2
1221,22,2
1222,22,2
1223,22,2
1224,22,2
1225,22,2
1226,22,2
1227,22,2
1228,22,2
1229,22,2
1230,22,2
1231,22,2
1232,22,2
1233,22,2
1234,22,2
1235,22,2
1236,22,2
1237,22,2
1238,22,2
1239,22,2
1240,22,2
1241,22,2
1242,22,2
1243,22,2
1244,22,2
1245,22,2
1246,22,2
1247,22,2
1248,22,2
1249,22,2
1250,22,2
1251,22,2
1252,22,2
1253,22,2
1254,22,2
1255,22,2
1256,22,2
1257,22,2
1258,22,2
1259,22,2
1260,22,2
1261,22,2
1262,22,2
1263,22,2
1264,22,2
1265,22,2
1266,22,2
1267,22,2
1268,22,2
1269,22,2
1270,22,2
1271,22,2
1272,22,2
1273,22,2
1274,22,2
1275,22,2
1276,22,2
1277,22,2
1278,22,2
1279,22,2
1280,22,2
1281,22,2
1282,22,2
1283,22,2
1284,22,2
1285,22,2
1286,22,2
1287,22,2
1288,22,2
1289,22,2
1290,22,2
1291,22,2
1292,22,2
1293,22,2
1294,22,2
1295,22,2
1296,22,2
1297,22,2
1298,22,2
1299,22,2
1300,22,2
1301,22,2
1302,22,2
1303,22,2
1304,22,2
1305,22,2
1306,22,2
1307,22,2
1308,22,2
1309,22,2
1310,22,2
1311,22,2
1312,22,2
1313,22,2
1314,22,2
1315,22,2
1316,22,2
1317,22,2
1318,22,2
1319,22,2
1320,22,2
1321,22,2
1322,22,2
1323,23,1
1324,23,2
1325,23,2
1326,23,2
1327,23,2
1328,23,2
1329,23,2
1330,23,2
1331,23,2
1332,23,2
1333,23,2
1334,23,2
1335,23,2
1336,23,2
1337,23,2
1338,23,2
1339,23,2
1340,23,2
1341,23,2
1342,23,2
1343,23,2
1344,23,2
1345,23,2
1346,23,2
1347,23,2
1348,23,2
1349,23,2
1350,23,2
1351,23,2
1352,23,2
1353,24,1
1354,24,2
1355,24,2
1356,24,2
1357,24,2
1358,24,2
1359,24,2
1360,24,2
1361,24,2
1362,24,2
1363,24,2
1364,24,2
1365,24,2
1366,24,2
1367,24,2
1368,24,2
1369,24,2
1370,24,2
1371,24,2
1372,24,2
1373,24,2
1374,24,2
1375,24,2
1376,24,2
1377,25,1
1378,25,2
1379,25,2
1380,25,2
1381,25,2
1382,25,2
1383,25,2
1384,25,2
1385,25,2
1386,25,2
1387,25,2
1388,25,2
1389,25,2
1390,25,2
1391,25,2
1392,25,2
1393,25,2
1394,25,2
1395,25,2
1396,25,2
1397,25,2
1398,25,2
1399,25,2
1400,25,2
1401,25,2
1402,25,2
1403,25,2
1404,25,2
1405,25,2
1406,25,2
1407,25,2
1408,25,2
1409,25,2
1410,25,2
1411,25,2
1412,25,2
1413,25,2
1414,25,2
1415,25,2
1416,25,2
1417,25,2
1418,25,2
1419,25,2
1420,25,2
1421,25,2
1422,25,2
1423,25,2
1424,25,2
1425,25,2
1426,25,2
1427,25,2
1428,25,2
1429,25,2
1430,25,2
1431,25,2
1432,25,2
1433,25,2
1434,25,2
1435,25,2
1436,25,2
1437,25,2
1438,25,2
1439,25,2
1440,25,2
1441,25,2
1442,25,2
1443,25,2
1444,25,2
1445,25,2
1446,25,2
1447,25,2
1448,25,2
1449,25,2
1450,25,2
1451,25,2
1452,25,2
1453,25,2
1454,25,2
1455,25,2
1456,25,2
1457,25,2
1458,25,2
1459,25,2
1460,25,2
1461,25,2
1462,25,2
1463,25,2
1464,25,2
1465,25,2
1466,25,2
1467,25,2
1468,25,2
1469,25,2
1470,25,2
1471,25,2
1472,25,2
1473,26,1
1474,26,2
1475,26,2
1476,26,2
1477,26,2
1478,26,2
1479,26,2
1480,26,2
1481,26,2
1482,26,2
1483,26,2
1484,26,2
1485,26,2
1486,26,2
1487,26,2
1488,26,2
1489,26,2
1490,26,2
1491,26,2
1492,26,2
1493,26,2
1494,26,2
1495,26,2
1496,26,2
1497,26,2
1498,26,2
1499,26,2
1500,26,2
1501,26,2
1502,26,2
1503,26,2
1504,26,2
1505,26,2
1506,26,2
1507,26,2
1508,26,2
1509,26,2
1510,26,2
1511,26,2
1512,26,2
1513,26,2
1514,26,2
1515,26,2
1516,26,2
1517,26,2
1518,26,2
1519,26,2
1520,26,2
1521,26,2
1522,26,2
1523,27,1
1524,27,2
1525,27,2
1526,27,2
1527,27,2
1528,27,2
1529,27,2
1530,27,2
1531,27,2
1532,27,2
1533,27,2
1534,27,2
1535,27,2
1536,27,2
1537,27,2
1538,27,2
1539,27,2
1540,27,2
1541,27,2
1542,27,2
1543,27,2
1544,27,2
1545,27,2
1546,27,2
1547,27,2
1548,27,2
1549,27,2
1550,27,2
1551,27,2
1552,27,2
1553,27,2
1554,27,2
1555,27,2
1556,27,2
1557,27,2
1558,27,2
1559,27,2
1560,27,2
1561,27,2
1562,27,2
1563,27,2
1564,27,2
1565,27,2
1566,27,2
1567,27,2
1568,27,2
1569,27,2
1570,27,2
1571,27,2
1572,27,2
1573,27,2
1574,27,2
1575,27,2
1576,27,2
1577,27,2
1578,27,2
1579,27,2
1580,27,2
1581,27,2
1582,27,2
1583,27,2
1584,27,2
1585,27,2
1586,27,2
1587,27,2
1588,27,2
1589,27,2
1590,27,2
1591,27,2
1592,27,2
1593,27,2
1594,27,2
1595,27,2
1596,27,2
1597,27,2
1598,27,2
1599,27,2
1600,27,2
1601,27,2
1602,27,2
1603,27,2
1604,27,2
1605,27,2
1606,27,2
1607,27,2
1608,27,2
1609,27,2
1610,27,2
1611,27,2
1612,27,2
1613,27,2
1614,27,2
1615,27,2
1616,27,2
1617,27,2
1618,27,2
1619,27,2
1620,27,2
1621,27,2
1622,27,2
1623,27,2
1624,27,2
1625,27,2
1626,27,2
1627,27,2
1628,27,2
1629,27,2
1630,27,2
1631,27,2
1632,27,2
1633,27,2
1634,27,2
1635,27,2
1636,27,2
1637,27,2
1638,27,2
1639,27,2
1640,27,2
1641,27,2
1642,27,2
1643,27,2
1644,27,2
1645,27,2
1646,27,2
1647,27,2
1648,27,2
1649,27,2
1650,27,2
1651,27,2
1652,27,2
1653,27,2
1654,27,2
1655,27,2
1656,28,1
1657,28,2
1658,28,2
1659,28,2
1660,28,2
1661,28,2
1662,28,2
1663,28,2
1664,28,2
1665,28,2
1666,28,2
1667,28,2
1668,28,2
1669,28,2
1670,28,2
1671,28,2
1672,28,2
1673,28,2
1674,28,2
1675,28,2
1676,28,2
1677,28,2
1678,28,2
1679,28,2
1680,28,2
1681,28,2
1682,28,2
1683,28,2
1684,28,2
1685,28,2
1686,28,2
1687,28,2
1688,28,2
1689,28,2
1690,28,2
1691,28,2
1692,28,2
1693,28,2
1694,28,2
1695,28,2
1696,28,2
1697,28,2
1698,28,2
1699,28,2
1700,28,2
1701,28,2
1702,28,2
1703,28,2
1704,28,2
1705,28,2
1706,28,2
1707,28,2
1708,28,2
1709,28,2
1710,28,2
1711,28,2
1712,28,2
1713,28,2
1714,28,2
1715,28,2
1716,28,2
1717,28,2
1718,28,2
1719,28,2
1720,28,2
1721,28,2
1722,28,2
1723,28,2
1724,28,2
1725,28,2
1726,28,2
1727,28,2
1728,28,2
1729,28,2
1730,28,2
1731,28,2
1732,28,2
1733,28,2
1734,28,2
1735,28,2
1736,28,2
1737,28,2
1738,28,2
1739,28,2
1740,28,2
1741,28,2
1742,28,2
1743,28,2
1744,28,2
1745,28,2
1746,28,2
1747,28,2
1748,28,2
1749,28,2
1750,28,2
1751,28,2
1752,28,2
1753,28,2
1754,28,2
1755,28,2
1756,28,2
1757,28,2
1758,28,2
1759,28,2
1760,28,2
1761,28,2
1762,28,2
1763,28,2
1764,28,2
1765,28,2
1766,28,2
1767,28,2
1768,28,2
1769,28,2
1770,28,2
1771,28,2
1772,28,2
1773,28,2
1774,28,2
1775,28,2
1776,28,2
1777,28,2
1778,28,2
1779,28,2
1780,28,2
1781,28,2
1782,28,2
1783,28,2
1784,28,2
1785,28,2
1786,28,2
1787,28,2
1788,28,2
1789,28,2
1790,28,2
1791,28,2
1792,28,2
1793,28,2
1794,28,2
1795,28,2
1796,28,2
1797,28,2
1798,28,2
1799,28,2
1800,28,2
1801,28,2
1802,28,2
1803,28,2
1804,28,2
1805,28,2
1806,28,2
1807,28,2
1808,28,2
1809,28,2
1810,28,2
1811,28,2
1812,28,2
1813,28,2
1814,28,2
1815,28,2
1816,28,2
1817,28,2
1818,28,2
1819,28,2
1820,28,2
1821,28,2
1822,28,2
1823,28,2
1824,28,2
1825,28,2
1826,28,2
1827,28,2
1828,28,2
1829,28,2
1830,28,2
1831,28,2
1832,28,2
1833,28,2
1834,28,2
1835,28,2
1836,28,2
1837,28,2
1838,28,2
1839,28,2
1840,28,2
1841,28,2
1842,28,2
1843,28,2
1844,28,2
1845,28,2
1846,28,2
1847,28,2
1848,28,2
1849,28,2
1850,28,2
1851,28,2
1852,28,2
1853,28,2
1854,28,2
1855,28,2
1856,28,2
1857,28,2
1858,28,2
1859,28,2
1860,28,2
1861,28,2
1862,28,2
1863,28,2
1864,28,2
1865,28,2
1866,28,2
1867,28,2
1868,28,2
1869,28,2
1870,28,2
1871,28,2
1872,28,2
1873,28,2
1874,28,2
1875,28,2
1876,28,2
1877,28,2
1878,28,2
1879,28,2
1880,28,2
1881,28,2
1882,28,2
1883,28,2
1884,28,2
1885,28,2
1886,28,2
1887,28,2
1888,28,2
1889,28,2
1890,28,2
1891,28,2
1892,28,2
1893,28,2
1894,28,2
1895,28,2
1896,28,2
1897,28,2
1898,28,2
1899,28,2
1900,28,2
1901,28,2
1902,28,2
1903,29,1
1904,29,2
1905,29,2
1906,29,2
1907,29,2
1908,29,2
1909,29,2
1910,29,2
1911,29,2
1912,29,2
1913,29,2
1914,29,2
1915,29,2
1916,29,2
1917,29,2
1918,29,2
1919,29,2
1920,29,2
1921,29,2
1922,29,2
1923,29,2
1924,29,2
1925,29,2
1926,29,2
1927,29,2
1928,29,2
1929,29,2
1930,29,2
1931,29,2
1932,29,2
1933,29,2
1934,29,2
1935,29,2
1936,29,2
1937,29,2
1938,29,2
1939,29,2
1940,29,2
1941,29,2
1942,29,2
1943,29,2
1944,29,2
1945,29,2
1946,29,2
1947,29,2
1948,29,2
1949,29,2
1950,29,2
1951,29,2
1952,29,2
1953,29,2
1954,29,2
1955,29,2
1956,29,2
1957,29,2
1958,29,2
1959,29,2
1960,29,2
1961,29,2
1962,29,2
1963,29,2
1964,29,2
1965,29,2
1966,29,2
1967,29,2
1968,29,2
1969,29,2
1970,29,2
1971,29,2
1972,29,2
1973,29,2
1974,29,2
1975,29,2
1976,29,2
1977,29,2
1978,29,2
1979,29,2
1980,29,2
1981,29,2
1982,29,2
1983,29,2
1984,29,2
1985,29,2
1986,29,2
1987,29,2
1988,29,2
1989,29,2
1990,29,2
1991,29,2
1992,29,2
1993,29,2
1994,29,2
1995,29,2
1996,29,2
1997,29,2
1998,29,2
1999,29,2
2000,29,2
2001,29,2
2002,29,2
2003,29,2
2004,29,2
2005,29,2
2006,29,2
2007,29,2
2008,29,2
2009,29,2
2010,29,2
2011,29,2
2012,29,2
2013,29,2
2014,29,2
2015,29,2
2016,29,2
2017,29,2
2018,29,2
2019,29,2
2020,29,2
2021,29,2
2022,29,2
2023,29,2
2024,29,2
2025,29,2
2026,29,2
2027,29,2
2028,29,2
2029,29,2
2030,29,2
2031,29,2
2032,29,2
2033,29,2
2034,29,2
2035,29,2
2036,29,2
2037,29,2
2038,29,2
2039,29,2
2040,29,2
2041,29,2
2042,29,2
2043,29,2
2044,29,2
2045,29,2
2046,29,2
2047,29,2
2048,29,2
2049,29,2
2050,29,2
2051,29,2
2052,29,2
2053,29,2
2054,29,2
2055,29,2
2056,29,2
2057,29,2
2058,29,2
2059,29,2
2060,29,2
2061,29,2
2062,29,2
2063,29,2
2064,29,2
2065,29,2
2066,29,2
2067,29,2
2068,29,2
2069,29,2
2070,29,2
2071,29,2
2072,29,2
2073,29,2
2074,29,2
2075,29,2
2076,29,2
2077,29,2
2078,29,2
2079,29,2
2080,29,2
2081,29,2
2082,29,2
2083,29,2
2084,29,2
2085,29,2
2086,29,2
2087,29,2
2088,29,2
2089,29,2
2090,29,2
2091,29,2
2092,29,2
2093,29,2
2094,29,2
2095,29,2
2096,29,2
2097,29,2
2098,29,2
2099,29,2
2100,29,2
2101,29,2
2102,29,2
2103,29,2
2104,29,2
2105,29,2
2106,29,2
2107,29,2
2108,29,2
2109,29,2
2110,29,2
2111,29,2
2112,29,2
2113,29,2
2114,29,2
2115,29,2
2116,29,2
2117,29,2
2118,29,2
2119,29,2
2120,29,2
2121,29,2
2122,29,2
2123,29,2
2124,29,2
2125,29,2
2126,29,2
2127,29,2
2128,29,2
2129,29,2
2130,29,2
2131,29,2
2132,29,2
2133,29,2
2134,29,2
2135,29,2
2136,29,2
2137,29,2
2138,29,2
2139,29,2
2140,29,2
2141,29,2
2142,29,2
2143,29,2
2144,29,2
2145,29,2
2146,29,2
2147,29,2
2148,29,2
2149,29,2
2150,29,2
2151,29,2
2152,29,2
2153,29,2
2154,29,2
2155,29,2
2156,29,2
2157,29,2
2158,29,2
2159,29,2
2160,29,2
2161,29,2
2162,29,2
2163,29,2
2164,29,2
2165,29,2
2166,29,2
2167,29,2
2168,29,2
2169,29,2
2170,29,2
2171,29,2
2172,29,2
2173,29,2
2174,29,2
2175,29,2
2176,29,2
2177,29,2
2178,29,2
2179,29,2
2180,29,2
2181,29,2
2182,29,2
2183,29,2
2184,29,2
2185,29,2
2186,29,2
2187,29,2
2188,29,2
2189,29,2
2190,29,2
2191,29,2
2192,29,2
2193,29,2
2194,29,2
2195,29,2
2196,29,2
2197,29,2
2198,29,2
2199,29,2
2200,29,2
2201,29,2
2202,29,2
2203,29,2
2204,29,2
2205,29,2
2206,29,2
2207,29,2
2208,29,2
2209,29,2
2210,29,2
2211,29,2
2212,29,2
2213,29,2
2214,29,2
2215,29,2
2216,29,2
2217,29,2
2218,29,2
2219,29,2
2220,29,2
2221,29,2
2222,29,2
2223,29,2
2224,29,2
2225,29,2
2226,29,2
2227,29,2
2228,29,2
2229,29,2
2230,29,2
2231,29,2
2232,29,2
2233,29,2
2234,29,2
2235,29,2
2236,29,2
2237,29,2
2238,29,2
2239,29,2
2240,29,2
2241,29,2
2242,29,2
2243,29,2
2244,29,2
2245,29,2
2246,29,2
2247,29,2
2248,29,2
2249,29,2
2250,29,2
2251,29,2
2252,29,2
2253,29,2
2254,29,2
2255,29,2
2256,29,2
2257,29,2
2258,29,2
2259,29,2
2260,29,2
2261,29,2
2262,29,2
2263,29,2
2264,29,2
2265,29,2
2266,29,2
2267,29,2
2268,29,2
2269,29,2
2270,29,2
2271,29,2
2272,29,2
2273,29,2
2274,29,2
2275,29,2
2276,29,2
2277,29,2
2278,29,2
2279,29,2
2280,29,2
2281,29,2
2282,29,2
2283,29,2
2284,29,2
2285,29,2
2286,29,2
2287,29,2
2288,29,2
2289,29,2
2290,29,2
2291,29,2
2292,29,2
2293,29,2
2294,29,2
2295,29,2
2296,29,2
2297,29,2
2298,29,2
2299,29,2
2300,29,2
2301,29,2
2302,29,2
2303,29,2
2304,29,2
2305,29,2
2306,29,2
2307,29,2
2308,29,2
2309,29,2
2310,29,2
2311,29,2
2312,29,2
2313,29,2
2314,29,2
2315,29,2
2316,29,2
2317,29,2
2318,29,2
2319,29,2
2320,29,2
2321,29,2
2322,29,2
2323,29,2
2324,29,2
2325,29,2
2326,29,2
2327,29,2
2328,29,2
2329,29,2
2330,29,2
2331,29,2
2332,29,2
2333,29,2
2334,29,2
2335,29,2
2336,29,2
2337,29,2
2338,29,2
2339,29,2
2340,29,2
2341,29,2
2342,29,2
2343,29,2
2344,29,2
2345,29,2
2346,29,2
2347,29,2
2348,29,2
2349,29,2
2350,29,2
2351,29,2
2352,29,2
2353,29,2
2354,29,2
2355,29,2
2356,29,2
2357,29,2
2358,29,2
2359,29,2
2360,29,2
2361,29,2
2362,29,2
2363,29,2
2364,29,2
2365,29,2
2366,29,2
2367,29,2
2368,29,2
2369,30,1
2370,30,2
2371,30,2
2372,30,2
2373,30,2
2374,30,2
2375,30,2
2376,30,2
2377,30,2
2378,30,2
2379,30,2
2380,30,2
2381,30,2
2382,30,2
2383,30,2
2384,30,2
2385,30,2
2386,30,2
2387,30,2
2388,30,2
2389,30,2
2390,30,2
2391,30,2
2392,30,2
2393,30,2
2394,30,2
2395,30,2
2396,30,2
2397,30,2
2398,30,2
2399,30,2
2400,30,2
2401,30,2
2402,30,2
2403,30,2
2404,30,2
2405,30,2
2406,30,2
2407,30,2
2408,30,2
2409,30,2
2410,30,2
2411,30,2
2412,30,2
2413,30,2
2414,30,2
2415,30,2
2416,30,2
2417,30,2
2418,30,2
2419,30,2
2420,30,2
2421,30,2
2422,30,2
2423,30,2
2424,30,2
2425,30,2
2426,30,2
2427,30,2
2428,30,2
2429,30,2
2430,31,1
2431,31,2
2432,31,2
2433,31,2
2434,31,2
2435,31,2
2436,31,2
2437,31,2
2438,31,2
2439,31,2
2440,31,2
2441,31,2
2442,31,2
2443,31,2
2444,31,2
2445,31,2
2446,31,2
2447,31,2
2448,31,2
2449,31,2
2450,31,2
2451,31,2
2452,31,2
2453,31,2
2454,31,2
2455,31,2
2456,31,2
2457,31,2
2458,31,2
2459,31,2
2460,32,1
2461,32,2
2462,32,2
2463,32,2
2464,32,2
2465,32,2
2466,32,2
2467,32,2
2468,32,2
2469,32,2
2470,32,2
2471,32,2
2472,32,2
2473,32,2
2474,32,2
2475,32,2
2476,32,2
2477,32,2
2478,32,2
2479,32,2
2480,32,2
2481,32,2
2482,32,2
2483,32,2
2484,32,2
2485,32,2
2486,32,2
2487,32,2
2488,32,2
2489,32,2
2490,32,2
2491,32,2
2492,32,2
2493,32,2
2494,32,2
2495,32,2
2496,32,2
2497,32,2
2498,32,2
2499,32,2
2500,32,2
2501,32,2
2502,32,2
2503,32,2
2504,32,2
2505,32,2
2506,32,2
2507,32,2
2508,32,2
2509,32,2
2510,32,2
2511,32,2
2512,32,2
2513,32,2
2514,32,2
2515,32,2
2516,32,2
2517,32,2
2518,32,2
2519,32,2
2520,32,2
2521,32,2
2522,33,1
2523,33,2
2524,33,2
2525,33,2
2526,33,2
2527,33,2
2528,33,2
2529,33,2
2530,33,2
2531,33,2
2532,33,2
2533,33,2
2534,33,2
2535,33,2
2536,33,2
2537,33,2
2538,33,2
2539,33,2
2540,33,2
2541,33,2
2542,33,2
2543,33,2
2544,33,2
2545,33,2
2546,33,2
2547,33,2
2548,33,2
2549,33,2
2550,33,2
2551,33,2
2552,33,2
2553,33,2
2554,33,2
2555,33,2
2556,33,2
2557,33,2
2558,33,2
2559,33,2
2560,33,2
2561,33,2
2562,33,2
2563,33,2
2564,33,2
2565,33,2
2566,33,2
2567,33,2
2568,33,2
2569,34,1
2570,34,2
2571,34,2
2572,34,2
2573,34,2
2574,34,2
2575,34,2
2576,34,2
2577,34,2
2578,34,2
2579,34,2
2580,34,2
2581,34,2
2582,34,2
2583,34,2
2584,34,2
2585,34,2
2586,34,2
2587,34,2
2588,34,2
2589,34,2
2590,34,2
2591,34,2
2592,34,2
2593,34,2
2594,34,2
2595,34,2
2596,34,2
2597,34,2
2598,34,2
2599,34,2
2600,34,2
2601,34,2
2602,34,2
2603,34,2
2604,34,2
2605,34,2
2606,34,2
2607,34,2
2608,34,2
2609,34,2
2610,35,1
2611,35,2
2612,35,2
2613,35,2
2614,35,2
2615,35,2
2616,35,2
2617,35,2
2618,35,2
2619,35,2
2620,35,2
2621,35,2
2622,35,2
2623,35,2
2624,35,2
2625,35,2
2626,35,2
2627,35,2
2628,35,2
2629,35,2
2630,35,2
2631,35,2
2632,35,2
2633,35,2
2634,35,2
2635,36,1
2636,36,2
2637,36,2
2638,36,2
2639,36,2
2640,36,2
2641,36,2
2642,36,2
2643,36,2
2644,36,2
2645,36,2
2646,37,1
2647,37,2
2648,37,2
2649,37,2
2650,37,2
2651,37,2
2652,37,2
2653,37,2
2654,37,2
2655,37,2
2656,37,2
2657,37,2
2658,37,2
2659,37,2
2660,37,2
2661,37,2
2662,37,2
2663,37,2
2664,37,2
2665,37,2
2666,37,2
2667,37,2
2668,37,2
2669,37,2
2670,37,2
2671,37,2
2672,37,2
2673,37,2
2674,37,2
2675,37,2
2676,37,2
2677,37,2
2678,37,2
2679,37,2
2680,37,2
2681,37,2
2682,37,2
2683,37,2
2684,37,2
2685,37,2
2686,37,2
2687,37,2
2688,37,2
2689,37,2
2690,37,2
2691,37,2
2692,37,2
2693,37,2
2694,37,2
2695,37,2
2696,37,2
2697,37,2
2698,37,2
2699,37,2
2700,37,2
2701,37,2
2702,37,2
2703,37,2
2704,37,2
2705,37,2
2706,37,2
2707,37,2
2708,37,2
2709,37,2
2710,37,2
2711,38,1
2712,38,2
2713,38,2
2714,38,2
2715,38,2
2716,38,2
2717,38,2
2718,38,2
2719,38,2
2720,38,2
2721,38,2
2722,38,2
2723,38,2
2724,38,2
2725,38,2
2726,38,2
2727,38,2
2728,38,2
2729,38,2
2730,38,2
2731,38,2
2732,38,2
2733,38,2
2734,38,2
2735,38,2
2736,38,2
2737,38,2
2738,38,2
2739,38,2
2740,38,2
2741,38,2
2742,38,2
2743,38,2
2744,38,2
2745,38,2
2746,38,2
2747,38,2
2748,38,2
2749,38,2
2750,38,2
2751,38,2
2752,38,2
2753,38,2
2754,38,2
2755,38,2
2756,38,2
2757,38,2
2758,38,2
2759,38,2
2760,38,2
2761,38,2
2762,38,2
2763,38,2
2764,38,2
2765,38,2
2766,38,2
2767,38,2
2768,38,2
2769,38,2
2770,38,2
2771,38,2
2772,38,2
2773,38,2
2774,38,2
2775,38,2
2776,38,2
2777,38,2
2778,38,2
2779,38,2
2780,38,2
2781,38,2
2782,38,2
2783,38,2
2784,38,2
2785,38,2
2786,38,2
2787,38,2
2788,38,2
2789,38,2
2790,38,2
2791,38,2
2792,38,2
2793,38,2
2794,38,2
2795,38,2
2796,38,2
2797,38,2
2798,38,2
2799,38,2
2800,38,2
2801,38,2
2802,38,2
2803,38,2
2804,38,2
2805,38,2
2806,38,2
2807,38,2
2808,38,2
2809,38,2
2810,38,2
2811,38,2
2812,38,2
2813,38,2
2814,38,2
2815,38,2
2816,38,2
2817,38,2
2818,38,2
2819,38,2
2820,38,2
2821,38,2
2822,38,2
2823,38,2
2824,38,2
2825,38,2
2826,38,2
2827,38,2
2828,38,2
2829,38,2
2830,38,2
2831,38,2
2832,38,2
2833,38,2
2834,38,2
2835,38,2
2836,38,2
2837,38,2
2838,38,2
2839,38,2
2840,38,2
2841,38,2
2842,38,2
2843,38,2
2844,38,2
2845,38,2
2846,38,2
2847,38,2
2848,38,2
2849,38,2
2850,38,2
2851,38,2
2852,38,2
2853,38,2
2854,38,2
2855,38,2
2856,38,2
2857,38,2
2858,38,2
2859,38,2
2860,38,2
2861,38,2
2862,38,2
2863,39,1
2864,39,2
2865,39,2
2866,39,2
2867,39,2
2868,39,2
2869,39,2
2870,39,2
2871,39,2
2872,39,2
2873,39,2
2874,39,2
2875,39,2
2876,39,2
2877,39,2
2878,39,2
2879,39,2
2880,39,2
2881,39,2
2882,39,2
2883,39,2
2884,39,2
2885,39,2
2886,39,2
2887,39,2
2888,39,2
2889,39,2
2890,39,2
2891,39,2
2892,39,2
2893,39,2
2894,39,2
2895,39,2
2896,39,2
2897,39,2
2898,39,2
2899,39,2
2900,39,2
2901,39,2
2902,39,2
2903,39,2
2904,39,2
2905,39,2
2906,39,2
2907,39,2
2908,39,2
2909,39,2
2910,39,2
2911,39,2
2912,39,2
2913,39,2
2914,39,2
2915,39,2
2916,39,2
2917,39,2
2918,39,2
2919,39,2
2920,39,2
2921,39,2
2922,39,2
2923,39,2
2924,39,2
2925,39,2
2926,39,2
2927,39,2
2928,39,2
2929,39,2
2930,39,2
2931,39,2
2932,39,2
2933,39,2
2934,39,2
2935,39,2
2936,39,2
2937,39,2
2938,39,2
2939,39,2
2940,39,2
2941,39,2
2942,39,2
2943,39,2
2944,39,2
2945,39,2
2946,39,2
2947,39,2
2948,39,2
2949,39,2
2950,39,2
2951,39,2
2952,39,2
2953,39,2
2954,39,2
2955,39,2
2956,39,2
2957,39,2
2958,39,2
2959,39,2
2960,39,2
2961,39,2
2962,39,2
2963,39,2
2964,39,2
2965,39,2
2966,39,2
2967,39,2
2968,39,2
2969,39,2
2970,39,2
2971,39,2
2972,39,2
2973,39,2
2974,39,2
2975,39,2
2976,39,2
2977,39,2
2978,39,2
2979,39,2
2980,39,2
2981,39,2
2982,39,2
2983,39,2
2984,39,2
2985,39,2
2986,39,2
2987,39,2
2988,39,2
2989,39,2
2990,39,2
2991,39,2
2992,39,2
2993,39,2
2994,39,2
2995,39,2
2996,39,2
2997,39,2
2998,39,2
2999,39,2
3000,39,2
3001,39,2
3002,39,2
3003,39,2
3004,39,2
3005,39,2
3006,39,2
3007,39,2
3008,39,2
3009,39,2
3010,39,2
3011,39,2
3012,39,2
3013,39,2
3014,39,2
3015,39,2
3016,39,2
3017,39,2
3018,39,2
3019,39,2
3020,39,2
3021,39,2
3022,39,2
3023,39,2
3024,39,2
3025,39,2
3026,39,2
3027,39,2
3028,39,2
3029,39,2
3030,39,2
3031,39,2
3032,39,2
3033,39,2
3034,39,2
3035,39,2
3036,39,2
3037,39,2
3038,39,2
3039,39,2
3040,39,2
3041,39,2
3042,39,2
3043,39,2
3044,39,2
3045,39,2
3046,39,2
3047,39,2
3048,39,2
3049,39,2
3050,39,2
3051,39,2
3052,39,2
3053,39,2
3054,39,2
3055,39,2
3056,39,2
3057,39,2
3058,39,2
3059,40,1
3060,40,2
3061,40,2
3062,40,2
3063,40,2
3064,40,2
3065,40,2
3066,40,2
3067,40,2
3068,40,2
3069,40,2
3070,40,2
3071,40,2
3072,40,2
3073,40,2
3074,40,2
3075,40,2
3076,40,2
3077,40,2
3078,40,2
3079,40,2
3080,40,2
3081,40,2
3082,40,2
3083,40,2
3084,40,2
3085,40,2
3086,40,2
3087,40,2
3088,40,2
3089,40,2
3090,40,2
3091,40,2
3092,40,2
3093,40,2
3094,40,2
3095,40,2
3096,40,2
3097,40,2
3098,40,2
3099,40,2
3100,40,2
3101,40,2
3102,40,2
3103,40,2
3104,40,2
3105,40,2
3106,40,2
3107,40,2
3108,40,2
3109,40,2
3110,40,2
3111,40,2
3112,40,2
3113,40,2
3114,40,2
3115,40,2
3116,40,2
3117,40,2
3118,40,2
3119,40,2
3120,40,2
3121,40,2
3122,40,2
3123,40,2
3124,40,2
3125,40,2
3126,40,2
3127,40,2
3128,40,2
3129,40,2
3130,40,2
3131,40,2
3132,40,2
3133,40,2
3134,40,2
3135,40,2
3136,40,2
3137,40,2
3138,40,2
3139,40,2
3140,40,2
3141,40,2
3142,40,2
3143,40,2
3144,40,2
3145,40,2
3146,40,2
3147,40,2
3148,40,2
3149,40,2
3150,40,2
3151,40,2
3152,40,2
3153,40,2
3154,40,2
3155,40,2
3156,40,2
3157,40,2
3158,40,2
3159,40,2
3160,40,2
3161,40,2
3162,40,2
3163,40,2
3164,40,2
3165,40,2
3166,40,2
3167,40,2
3168,40,2
3169,40,2
3170,40,2
3171,40,2
3172,40,2
3173,40,2
3174,40,2
3175,40,2
3176,40,2
3177,40,2
3178,40,2
3179,40,2
3180,40,2
3181,40,2
3182,40,2
3183,40,2
3184,40,2
3185,40,2
3186,40,2
3187,40,2
3188,40,2
3189,40,2
3190,40,2
3191,40,2
3192,40,2
3193,40,2
3194,40,2
3195,40,2
3196,40,2
3197,40,2
3198,40,2
3199,40,2
3200,40,2
3201,40,2
3202,40,2
3203,41,1
3204,41,2
3205,41,2
3206,41,2
3207,41,2
3208,41,2
3209,41,2
3210,41,2
3211,41,2
3212,41,2
3213,41,2
3214,41,2
3215,41,2
3216,41,2
3217,41,2
3218,41,2
3219,41,2
3220,41,2
3221,41,2
3222,41,2
3223,41,2
3224,41,2
3225,41,2
3226,41,2
3227,41,2
3228,41,2
3229,41,2
3230,41,2
3231,41,2
3232,41,2
3233,41,2
3234,41,2
3235,41,2
3236,41,2
3237,41,2
3238,41,2
3239,41,2
3240,41,2
3241,41,2
3242,41,2
3243,41,2
3244,41,2
3245,41,2
3246,41,2
3247,41,2
3248,41,2
3249,41,2
3250,41,2
3251,41,2
3252,41,2
3253,41,2
3254,41,2
3255,41,2
3256,41,2
3257,41,2
3258,41,2
3259,41,2
3260,41,2
3261,41,2
3262,41,2
3263,41,2
3264,41,2
3265,41,2
3266,41,2
3267,41,2
3268,41,2
3269,41,2
3270,41,2
3271,41,2
3272,41,2
3273,41,2
3274,41,2
3275,41,2
3276,41,2
3277,41,2
3278,42,1
3279,42,2
3280,42,2
3281,42,2
3282,42,2
3283,42,2
3284,42,2
3285,42,2
3286,42,2
3287,42,2
3288,42,2
3289,42,2
3290,42,2
3291,42,2
3292,42,2
3293,42,2
3294,42,2
3295,42,2
3296,42,2
3297,42,2
3298,42,2
3299,42,2
3300,42,2
3301,42,2
3302,42,2
3303,42,2
3304,42,2
3305,42,2
3306,42,2
3307,42,2
3308,42,2
3309,42,2
3310,42,2
3311,42,2
3312,42,2
3313,42,2
3314,42,2
3315,42,2
3316,42,2
3317,42,2
3318,42,2
3319,42,2
3320,42,2
3321,42,2
3322,42,2
3323,42,2
3324,42,2
3325,42,2
3326,42,2
3327,43,1
3328,43,2
3329,43,2
3330,43,2
3331,43,2
3332,43,2
3333,43,2
3334,43,2
3335,43,2
3336,43,2
3337,43,2
3338,43,2
3339,43,2
3340,43,2
3341,43,2
3342,43,2
3343,43,2
3344,43,2
3345,43,2
3346,43,2
3347,43,2
3348,44,1
3349,44,2
3350,44,2
3351,44,2
3352,44,2
3353,44,2
3354,44,2
3355,44,2
3356,44,2
3357,44,2
3358,44,2
3359,44,2
3360,44,2
3361,44,2
3362,44,2
3363,44,2
3364,44,2
3365,44,2
3366,44,2
3367,44,2
3368,44,2
3369,44,2
3370,44,2
3371,44,2
3372,44,2
3373,44,2
3374,44,2
3375,44,2
3376,44,2
3377,44,2
3378,44,2
3379,44,2
3380,44,2
3381,44,2
3382,44,2
3383,44,2
3384,44,2
3385,44,2
3386,44,2
3387,44,2
3388,44,2
3389,44,2
3390,44,2
3391,44,2
3392,44,2
3393,44,2
3394,44,2
3395,44,2
3396,44,2
3397,44,2
3398,44,2
3399,44,2
3400,44,2
3401,44,2
3402,44,2
3403,44,2
3404,44,2
3405,44,2
3406,44,2
3407,44,2
3408,44,2
3409,44,2
3410,44,2
3411,44,2
3412,44,2
3413,44,2
3414,44,2
3415,44,2
3416,44,2
3417,44,2
3418,44,2
3419,44,2
3420,44,2
3421,44,2
3422,44,2
3423,44,2
3424,44,2
3425,44,2
3426,44,2
3427,44,2
3428,44,2
3429,44,2
3430,44,2
3431,44,2
3432,44,2
3433,44,2
3434,44,2
3435,44,2
3436,44,2
3437,44,2
3438,44,2
3439,44,2
3440,44,2
3441,44,2
3442,44,2
3443,44,2
3444,44,2
3445,44,2
3446,44,2
3447,44,2
3448,44,2
3449,44,2
3450,44,2
3451,44,2
3452,44,2
3453,44,2
3454,44,2
3455,44,2
3456,44,2
3457,44,2
3458,44,2
3459,44,2
3460,44,2
3461,44,2
3462,44,2
3463,44,2
3464,44,2
3465,44,2
3466,44,2
3467,44,2
3468,44,2
3469,44,2
3470,44,2
3471,44,2
3472,44,2
3473,44,2
3474,44,2
3475,44,2
3476,44,2
3477,44,2
3478,44,2
3479,44,2
3480,44,2
3481,44,2
3482,44,2
3483,44,2
3484,44,2
3485,44,2
3486,44,2
3487,44,2
3488,44,2
3489,44,2
3490,44,2
3491,44,2
3492,44,2
3493,44,2
3494,44,2
3495,44,2
3496,44,2
3497,44,2
3498,44,2
3499,44,2
3500,44,2
3501,44,2
3502,44,2
3503,44,2
3504,44,2
3505,44,2
3506,44,2
3507,44,2
3508,44,2
3509,44,2
3510,44,2
3511,44,2
3512,44,2
3513,44,2
3514,44,2
3515,44,2
3516,44,2
3517,44,2
3518,44,2
3519,44,2
3520,44,2
3521,44,2
3522,44,2
3523,44,2
3524,44,2
3525,44,2
3526,44,2
3527,44,2
3528,44,2
3529,44,2
3530,44,2
3531,44,2
3532,44,2
3533,44,2
3534,44,2
3535,44,2
3536,44,2
3537,45,1
3538,45,2
3539,45,2
3540,45,2
3541,45,2
3542,45,2
3543,45,2
3544,45,2
3545,45,2
3546,45,2
3547,45,2
3548,46,1
3549,46,2
3550,46,2
3551,46,2
3552,46,2
3553,46,2
3554,46,2
3555,46,2
3556,46,2
3557,46,2
3558,46,2
3559,46,2
3560,46,2
3561,46,2
3562,46,2
3563,46,2
3564,46,2
3565,47,1
3566,47,2
3567,47,2
3568,47,2
3569,47,2
3570,47,2
3571,47,2
3572,47,2
3573,47,2
3574,47,2
3575,47,2
3576,47,2
3577,47,2
3578,47,2
3579,47,2
3580,47,2
3581,47,2
3582,47,2
3583,47,2
3584,47,2
3585,47,2
3586,47,2
3587,47,2
3588,47,2
3589,47,2
3590,47,2
3591,47,2
3592,47,2
3593,47,2
3594,47,2
3595,47,2
3596,48,1
3597,48,2
3598,48,2
3599,48,2
3600,48,2
3601,48,2
3602,48,2
3603,48,2
3604,48,2
3605,48,2
3606,48,2
3607,48,2
3608,48,2
3609,48,2
3610,48,2
3611,48,2
3612,48,2
3613,48,2
3614,48,2
3615,48,2
3616,48,2
3617,48,2
3618,48,2
3619,48,2
3620,48,2
3621,48,2
3622,48,2
3623,48,2
3624,48,2
3625,48,2
3626,48,2
3627,48,2
3628,48,2
3629,48,2
3630,48,2
3631,48,2
3632,48,2
3633,48,2
3634,48,2
3635,48,2
3636,48,2
3637,48,2
3638,48,2
3639,48,2
3640,48,2
3641,48,2
3642,48,2
3643,48,2
3644,48,2
3645,48,2
3646,48,2
3647,48,2
3648,48,2
3649,48,2
3650,48,2
3651,48,2
3652,48,2
3653,48,2
3654,48,2
3655,48,2
3656,48,2
3657,48,2
3658,48,2
3659,48,2
3660,48,2
3661,48,2
3662,48,2
3663,48,2
3664,48,2
3665,48,2
3666,48,2
3667,48,2
3668,48,2
3669,48,2
3670,48,2
3671,48,2
3672,48,2
3673,48,2
3674,48,2
3675,48,2
3676,48,2
3677,48,2
3678,48,2
3679,48,2
3680,48,2
3681,48,2
3682,48,2
3683,48,2
3684,48,2
3685,48,2
3686,48,2
3687,48,2
3688,48,2
3689,48,2
3690,48,2
3691,48,2
3692,48,2
3693,48,2
3694,48,2
3695,48,2
3696,48,2
3697,48,2
3698,48,2
3699,48,2
3700,48,2
3701,48,2
3702,48,2
3703,48,2
3704,48,2
3705,48,2
3706,48,2
3707,48,2
3708,48,2
3709,48,2
3710,48,2
3711,48,2
3712,48,2
3713,48,2
3714,48,2
3715,48,2
3716,48,2
3717,48,2
3718,48,2
3719,48,2
3720,48,2
3721,48,2
3722,48,2
3723,48,2
3724,48,2
3725,48,2
3726,48,2
3727,48,2
3728,48,2
3729,48,2
3730,48,2
3731,48,2
3732,48,2
3733,48,2
3734,48,2
3735,48,2
3736,48,2
3737,48,2
3738,48,2
3739,48,2
3740,48,2
3741,48,2
3742,48,2
3743,48,2
3744,48,2
3745,48,2
3746,48,2
3747,48,2
3748,48,2
3749,48,2
3750,48,2
3751,48,2
3752,48,2
3753,48,2
3754,48,2
3755,48,2
3756,48,2
3757,48,2
3758,48,2
3759,48,2
3760,48,2
3761,48,2
3762,48,2
3763,48,2
3764,48,2
3765,48,2
3766,48,2
3767,48,2
3768,48,2
3769,48,2
3770,48,2
3771,48,2
3772,48,2
3773,48,2
3774,48,2
3775,48,2
3776,48,2
3777,48,2
3778,48,2
3779,48,2
3780,48,2
3781,48,2
3782,48,2
3783,48,2
3784,48,2
3785,48,2
3786,48,2
3787,48,2
3788,48,2
3789,48,2
3790,48,2
3791,48,2
3792,48,2
3793,48,2
3794,48,2
3795,48,2
3796,48,2
3797,48,2
3798,48,2
3799,48,2
3800,48,2
3801,48,2
3802,48,2
3803,48,2
3804,48,2
3805,48,2
3806,48,2
3807,48,2
3808,48,2
3809,48,2
3810,48,2
3811,48,2
3812,48,2
3813,48,2
3814,48,2
3815,48,2
3816,48,2
3817,48,2
3818,48,2
3819,48,2
3820,48,2
3821,48,2
3822,48,2
3823,48,2
3824,48,2
3825,48,2
3826,48,2
3827,48,2
3828,48,2
3829,48,2
3830,48,2
3831,48,2
3832,48,2
3833,48,2
3834,48,2
3835,48,2
3836,48,2
3837,48,2
3838,48,2
3839,48,2
3840,48,2
3841,48,2
3842,48,2
3843,48,2
3844,48,2
3845,48,2
3846,48,2
3847,48,2
3848,48,2
3849,48,2
3850,48,2
3851,48,2
3852,48,2
3853,48,2
3854,48,2
3855,48,2
3856,48,2
3857,48,2
3858,48,2
3859,48,2
3860,48,2
3861,48,2
3862,48,2
3863,48,2
3864,48,2
3865,48,2
3866,48,2
3867,48,2
3868,48,2
3869,48,2
3870,48,2
3871,48,2
3872,48,2
3873,48,2
3874,48,2
3875,48,2
3876,48,2
3877,48,2
3878,48,2
3879,48,2
3880,48,2
3881,48,2
3882,48,2
3883,48,2
3884,48,2
3885,48,2
3886,48,2
3887,48,2
3888,48,2
3889,48,2
3890,48,2
3891,48,2
3892,48,2
3893,48,2
3894,48,2
3895,48,2
3896,48,2
3897,48,2
3898,48,2
3899,48,2
3900,48,2
3901,48,2
3902,48,2
3903,48,2
3904,48,2
3905,48,2
3906,48,2
3907,48,2
3908,48,2
3909,48,2
3910,48,2
3911,48,2
3912,48,2
3913,48,2
3914,48,2
3915,48,2
3916,48,2
3917,48,2
3918,48,2
3919,48,2
3920,48,2
3921,48,2
3922,48,2
3923,48,2
3924,48,2
3925,48,2
3926,48,2
3927,48,2
3928,48,2
3929,48,2
3930,48,2
3931,48,2
3932,48,2
3933,48,2
3934,48,2
3935,48,2
3936,48,2
3937,48,2
3938,48,2
3939,48,2
3940,48,2
3941,48,2
3942,48,2
3943,49,1
3944,49,2
3945,49,2
3946,49,2
3947,49,2
3948,49,2
3949,49,2
3950,49,2
3951,49,2
3952,49,2
3953,49,2
3954,49,2
3955,49,2
3956,49,2
3957,49,2
3958,49,2
3959,49,2
3960,49,2
3961,49,2
3962,49,2
3963,49,2
3964,49,2
3965,49,2
3966,49,2
3967,49,2
3968,49,2
3969,49,2
3970,49,2
3971,49,2
3972,49,2
3973,49,2
3974,49,2
3975,49,2
3976,49,2
3977,50,1
3978,50,2
3979,50,2
3980,50,2
3981,50,2
3982,50,2
3983,50,2
3984,50,2
3985,50,2
3986,50,2
3987,50,2
3988,50,2
3989,50,2
3990,50,2
3991,50,2
3992,51,1
3993,51,2
3994,51,2
3995,51,2
3996,51,2
3997,51,2
3998,51,2
3999,51,2
4000,51,2
4001,51,2
4002,51,2
4003,51,2
4004,51,2
4005,51,2
4006,51,2
4007,51,2
4008,51,2
4009,51,2
4010,51,2
4011,51,2
4012,51,2
4013,51,2
4014,51,2
4015,51,2
4016,51,2
4017,51,2
4018,51,2
4019,51,2
4020,51,2
4021,51,2
4022,51,2
4023,51,2
4024,51,2
4025,51,2
4026,51,2
4027,51,2
4028,51,2
4029,51,2
4030,51,2
4031,51,2
4032,51,2
4033,51,2
4034,51,2
4035,51,2
4036,51,2
4037,51,2
4038,51,2
4039,51,2
4040,51,2
4041,51,2
4042,51,2
4043,51,2
4044,51,2
4045,51,2
4046,51,2
4047,51,2
4048,52,1
4049,52,2
4050,52,2
4051,52,2
4052,52,2
4053,52,2
4054,52,2
4055,52,2
4056,52,2
4057,52,2
4058,52,2
4059,52,2
4060,52,2
4061,52,2
4062,52,2
4063,52,2
4064,52,2
4065,52,2
4066,52,2
4067,52,2
4068,52,2
4069,52,2
4070,52,2
4071,52,2
4072,52,2
4073,52,2
4074,52,2
4075,52,2
4076,52,2
4077,52,2
4078,52,2
4079,52,2
4080,52,2
4081,52,2
4082,52,2
4083,52,2
4084,52,2
4085,52,2
4086,52,2
4087,52,2
4088,52,2
4089,52,2
4090,52,2
4091,52,2
4092,52,2
4093,52,2
4094,52,2
4095,52,2
4096,52,2
4097,52,2
4098,52,2
4099,52,2
4100,52,2
4101,52,2
4102,52,2
4103,52,2
4104,52,2
4105,52,2
4106,52,2
4107,52,2
4108,52,2
4109,52,2
4110,52,2
4111,52,2
4112,52,2
4113,52,2
4114,52,2
4115,52,2
4116,52,2
4117,52,2
4118,52,2
4119,52,2
4120,52,2
4121,52,2
4122,52,2
4123,52,2
4124,52,2
4125,52,2
4126,52,2
4127,52,2
4128,52,2
4129,52,2
4130,52,2
4131,52,2
4132,52,2
4133,52,2
4134,52,2
4135,52,2
4136,52,2
4137,52,2
4138,52,2
4139,52,2
4140,52,2
4141,52,2
4142,52,2
4143,52,2
4144,52,2
4145,52,2
4146,52,2
4147,52,2
4148,52,2
4149,52,2
4150,52,2
4151,52,2
4152,52,2
4153,52,2
4154,52,2
4155,52,2
4156,52,2
4157,52,2
4158,52,2
4159,52,2
4160,52,2
4161,52,2
4162,52,2
4163,52,2
4164,52,2
4165,52,2
4166,52,2
4167,52,2
4168,52,2
4169,52,2
4170,52,2
4171,52,2
4172,52,2
4173,52,2
4174,52,2
4175,52,2
4176,52,2
4177,52,2
4178,52,2
4179,52,2
4180,52,2
4181,52,2
4182,52,2
4183,52,2
4184,52,2
4185,52,2
4186,52,2
4187,52,2
4188,52,2
4189,52,2
4190,52,2
4191,52,2
4192,52,2
4193,52,2
4194,52,2
4195,52,2
4196,52,2
4197,52,2
4198,52,2
4199,52,2
4200,52,2
4201,52,2
4202,52,2
4203,52,2
4204,52,2
4205,52,2
4206,52,2
4207,52,2
4208,52,2
4209,52,2
4210,52,2
4211,52,2
4212,52,2
4213,52,2
4214,52,2
4215,52,2
4216,52,2
4217,52,2
4218,52,2
4219,52,2
4220,52,2
4221,52,2
4222,52,2
4223,52,2
4224,52,2
4225,52,2
4226,52,2
4227,52,2
4228,52,2
4229,52,2
4230,53,1
4231,53,2
4232,53,2
4233,53,2
4234,53,2
4235,53,2
4236,53,2
4237,53,2
4238,53,2
4239,53,2
4240,53,2
4241,53,2
4242,53,2
4243,53,2
4244,53,2
4245,53,2
4246,53,2
4247,53,2
4248,53,2
4249,53,2
4250,53,2
4251,53,2
4252,53,2
4253,53,2
4254,53,2
4255,53,2
4256,53,2
4257,53,2
4258,53,2
4259,53,2
4260,53,2
4261,53,2
4262,53,2
4263,53,2
4264,53,2
4265,54,1
4266,54,2
4267,54,2
4268,54,2
4269,54,2
4270,54,2
4271,54,2
4272,54,2
4273,54,2
4274,54,2
4275,54,2
4276,54,2
4277,54,2
4278,54,2
4279,54,2
4280,54,2
4281,54,2
4282,54,2
4283,54,2
4284,54,2
4285,54,2
4286,54,2
4287,54,2
4288,54,2
4289,54,2
4290,54,2
4291,54,2
4292,54,2
4293,54,2
4294,54,2
4295,54,2
4296,54,2
4297,54,2
4298,54,2
4299,54,2
4300,54,2
4301,54,2
4302,54,2
4303,54,2
4304,54,2
4305,54,2
4306,54,2
4307,54,2
4308,54,2
4309,54,2
4310,54,2
4311,54,2
4312,54,2
4313,54,2
4314,54,2
4315,54,2
4316,54,2
4317,54,2
4318,54,2
4319,54,2
4320,54,2
4321,54,2
4322,54,2
4323,54,2
4324,54,2
4325,54,2
4326,54,2
4327,54,2
4328,54,2
4329,54,2
4330,54,2
4331,54,2
4332,54,2
4333,54,2
4334,54,2
4335,54,2
4336,54,2
4337,54,2
4338,54,2
4339,54,2
4340,54,2
4341,54,2
4342,54,2
4343,54,2
4344,54,2
4345,54,2
4346,54,2
4347,54,2
4348,54,2
4349,54,2
4350,54,2
4351,54,2
4352,54,2
4353,54,2
4354,54,2
4355,54,2
4356,54,2
4357,54,2
4358,55,1
4359,55,2
4360,55,2
4361,55,2
4362,55,2
4363,55,2
4364,55,2
4365,55,2
4366,55,2
4367,55,2
4368,55,2
4369,55,2
4370,55,2
4371,55,2
4372,55,2
4373,55,2
4374,55,2
4375,55,2
4376,55,2
4377,55,2
4378,55,2
4379,55,2
4380,55,2
4381,55,2
4382,55,2
4383,55,2
4384,55,2
4385,55,2
4386,55,2
4387,55,2
4388,55,2
4389,55,2
4390,55,2
4391,55,2
4392,55,2
4393,55,2
4394,55,2
4395,55,2
4396,55,2
4397,55,2
4398,55,2
4399,55,2
4400,55,2
4401,55,2
4402,55,2
4403,55,2
4404,55,2
4405,55,2
4406,55,2
4407,55,2
4408,55,2
4409,55,2
4410,55,2
4411,55,2
4412,55,2
4413,55,2
4414,55,2
4415,55,2
4416,55,2
4417,55,2
4418,55,2
4419,55,2
4420,55,2
4421,55,2
4422,55,2
4423,55,2
4424,55,2
4425,55,2
4426,55,2
4427,55,2
4428,55,2
4429,55,2
4430,55,2
4431,55,2
4432,55,2
4433,55,2
4434,55,2
4435,55,2
4436,55,2
4437,55,2
4438,55,2
4439,55,2
4440,55,2
4441,55,2
4442,55,2
4443,55,2
4444,55,2
4445,55,2
4446,55,2
4447,55,2
4448,55,2
4449,55,2
4450,55,2
4451,55,2
4452,55,2
4453,55,2
4454,55,2
4455,55,2
4456,55,2
4457,55,2
4458,55,2
4459,55,2
4460,55,2
4461,55,2
4462,55,2
4463,55,2
4464,55,2
4465,55,2
4466,55,2
4467,55,2
4468,55,2
4469,55,2
4470,55,2
4471,55,2
4472,55,2
4473,55,2
4474,55,2
4475,55,2
4476,55,2
4477,55,2
4478,55,2
4479,55,2
4480,55,2
4481,55,2
4482,55,2
4483,55,2
4484,55,2
4485,55,2
4486,55,2
4487,55,2
4488,55,2
4489,55,2
4490,55,2
4491,55,2
4492,55,2
4493,55,2
4494,55,2
4495,55,2
4496,55,2
4497,55,2
4498,55,2
4499,55,2
4500,55,2
4501,55,2
4502,55,2
4503,55,2
4504,55,2
4505,55,2
4506,55,2
4507,55,2
4508,55,2
4509,55,2
4510,55,2
4511,55,2
4512,55,2
4513,55,2
4514,55,2
4515,55,2
4516,55,2
4517,56,1
4518,56,2
4519,56,2
4520,56,2
4521,56,2
4522,56,2
4523,56,2
4524,56,2
4525,56,2
4526,56,2
4527,56,2
4528,56,2
4529,56,2
4530,56,2
4531,56,2
4532,56,2
4533,56,2
4534,56,2
4535,56,2
4536,56,2
4537,56,2
4538,56,2
4539,56,2
4540,56,2
4541,56,2
4542,56,2
4543,56,2
4544,56,2
4545,56,2
4546,56,2
4547,56,2
4548,56,2
4549,56,2
4550,56,2
4551,56,2
4552,56,2
4553,56,2
4554,56,2
4555,56,2
4556,56,2
4557,56,2
4558,56,2
4559,56,2
4560,56,2
4561,56,2
4562,56,2
4563,56,2
4564,56,2
4565,56,2
4566,56,2
4567,56,2
4568,56,2
4569,57,1
4570,57,2
4571,57,2
4572,57,2
4573,57,2
4574,57,2
4575,57,2
4576,57,2
4577,57,2
4578,57,2
4579,57,2
4580,57,2
4581,57,2
4582,57,2
4583,57,2
4584,57,2
4585,57,2
4586,57,2
4587,57,2
4588,57,2
4589,57,2
4590,57,2
4591,57,2
4592,57,2
4593,57,2
4594,57,2
4595,57,2
4596,57,2
4597,57,2
4598,57,2
4599,57,2
4600,57,2
4601,57,2
4602,57,2
4603,57,2
4604,57,2
4605,57,2
4606,57,2
4607,57,2
4608,57,2
4609,57,2
4610,57,2
4611,57,2
4612,57,2
4613,57,2
4614,57,2
4615,57,2
4616,57,2
4617,57,2
4618,57,2
4619,57,2
4620,57,2
4621,57,2
4622,57,2
4623,57,2
4624,57,2
4625,57,2
4626,58,1
4627,58,2
4628,58,2
4629,58,2
4630,58,2
4631,58,2
4632,58,2
4633,58,2
4634,58,2
4635,58,2
4636,58,2
4637,58,2
4638,58,2
4639,58,2
4640,58,2
4641,58,2
4642,58,2
4643,58,2
4644,58,2
4645,58,2
4646,58,2
4647,58,2
4648,58,2
4649,58,2
4650,58,2
4651,58,2
4652,58,2
4653,58,2
4654,58,2
4655,58,2
4656,58,2
4657,58,2
4658,58,2
4659,58,2
4660,58,2
4661,58,2
4662,58,2
4663,58,2
4664,58,2
4665,58,2
4666,58,2
4667,58,2
4668,58,2
4669,58,2
4670,58,2
4671,58,2
4672,58,2
4673,58,2
4674,58,2
4675,58,2
4676,58,2
4677,58,2
4678,58,2
4679,58,2
4680,58,2
4681,58,2
4682,58,2
4683,58,2
4684,58,2
4685,58,2
4686,58,2
4687,58,2
4688,58,2
4689,58,2
4690,58,2
4691,58,2
4692,58,2
4693,58,2
4694,59,1
4695,59,2
4696,59,2
4697,59,2
4698,59,2
4699,59,2
4700,59,2
4701,59,2
4702,59,2
4703,59,2
4704,59,2
4705,59,2
4706,59,2
4707,59,2
4708,59,2
4709,59,2
4710,59,2
4711,59,2
4712,59,2
4713,59,2
4714,59,2
4715,59,2
4716,59,2
4717,59,2
4718,59,2
4719,59,2
4720,59,2
4721,59,2
4722,59,2
4723,59,2
4724,59,2
4725,59,2
4726,59,2
4727,59,2
4728,59,2
4729,59,2
4730,59,2
4731,59,2
4732,59,2
4733,59,2
4734,59,2
4735,59,2
4736,59,2
4737,59,2
4738,59,2
4739,59,2
4740,59,2
4741,59,2
4742,59,2
4743,60,1
4744,60,2
4745,60,2
4746,60,2
4747,60,2
4748,60,2
4749,60,2
4750,60,2
4751,60,2
4752,60,2
4753,60,2
4754,60,2
4755,60,2
4756,60,2
4757,60,2
4758,60,2
4759,60,2
4760,60,2
4761,60,2
4762,60,2
4763,60,2
4764,60,2
4765,60,2
4766,60,2
4767,60,2
4768,60,2
4769,60,2
4770,60,2
4771,60,2
4772,60,2
4773,60,2
4774,60,2
4775,60,2
4776,60,2
4777,60,2
4778,60,2
4779,60,2
4780,60,2
4781,60,2
4782,60,2
4783,60,2
4784,60,2
4785,60,2
4786,60,2
4787,60,2
4788,60,2
4789,60,2
4790,60,2
4791,60,2
4792,60,2
4793,60,2
4794,60,2
4795,60,2
4796,60,2
4797,60,2
4798,60,2
4799,60,2
4800,60,2
4801,61,1
4802,61,2
4803,61,2
4804,61,2
4805,61,2
4806,61,2
4807,61,2
4808,61,2
4809,61,2
4810,61,2
4811,61,2
4812,61,2
4813,61,2
4814,61,2
4815,61,2
4816,61,2
4817,61,2
4818,61,2
4819,61,2
4820,61,2
4821,61,2
4822,61,2
4823,61,2
4824,61,2
4825,61,2
4826,61,2
4827,61,2
4828,61,2
4829,61,2
4830,61,2
4831,61,2
4832,61,2
4833,61,2
4834,61,2
4835,61,2
4836,61,2
4837,61,2
4838,61,2
4839,61,2
4840,61,2
4841,61,2
4842,61,2
4843,61,2
4844,61,2
4845,61,2
4846,61,2
4847,61,2
4848,61,2
4849,61,2
4850,61,2
4851,61,2
4852,61,2
4853,61,2
4854,61,2
4855,61,2
4856,61,2
4857,61,2
4858,61,2
4859,61,2
4860,61,2
4861,61,2
4862,61,2
4863,61,2
4864,61,2
4865,61,2
4866,61,2
4867,61,2
4868,61,2
4869,61,2
4870,61,2
4871,61,2
4872,61,2
4873,61,2
4874,61,2
4875,61,2
4876,61,2
4877,61,2
4878,61,2
4879,61,2
4880,61,2
4881,61,2
4882,61,2
4883,61,2
4884,61,2
4885,61,2
4886,61,2
4887,61,2
4888,61,2
4889,61,2
4890,61,2
4891,61,2
4892,61,2
4893,61,2
4894,61,2
4895,61,2
4896,61,2
4897,61,2
4898,61,2
4899,61,2
4900,61,2
4901,61,2
4902,61,2
4903,61,2
4904,61,2
4905,61,2
4906,61,2
4907,61,2
4908,61,2
4909,61,2
4910,61,2
4911,61,2
4912,61,2
4913,61,2
4914,61,2
4915,61,2
4916,61,2
4917,61,2
4918,61,2
4919,61,2
4920,61,2
4921,61,2
4922,61,2
4923,61,2
4924,61,2
4925,61,2
4926,61,2
4927,61,2
4928,61,2
4929,61,2
4930,61,2
4931,61,2
4932,61,2
4933,61,2
4934,61,2
4935,61,2
4936,61,2
4937,61,2
4938,61,2
4939,61,2
4940,61,2
4941,61,2
4942,61,2
4943,61,2
4944,61,2
4945,61,2
4946,61,2
4947,61,2
4948,61,2
4949,61,2
4950,61,2
4951,61,2
4952,61,2
4953,61,2
4954,61,2
4955,61,2
4956,61,2
4957,61,2
4958,61,2
4959,61,2
4960,61,2
4961,61,2
4962,61,2
4963,61,2
4964,61,2
4965,61,2
4966,61,2
4967,61,2
4968,61,2
4969,61,2
4970,61,2
4971,61,2
4972,61,2
4973,61,2
4974,61,2
4975,61,2
4976,61,2
4977,61,2
4978,61,2
4979,61,2
4980,61,2
4981,62,1
4982,62,2
4983,62,2
4984,62,2
4985,62,2
4986,62,2
4987,62,2
4988,62,2
4989,62,2
4990,62,2
4991,62,2
4992,62,2
4993,62,2
4994,62,2
4995,62,2
4996,62,2
4997,62,2
4998,62,2
4999,62,2
5000,62,2
5001,62,2
5002,62,2
5003,62,2
5004,62,2
5005,62,2
5006,62,2
5007,62,2
5008,62,2
5009,62,2
5010,62,2
5011,62,2
5012,62,2
5013,62,2
5014,62,2
5015,62,2
5016,62,2
5017,62,2
5018,62,2
5019,62,2
5020,62,2
5021,62,2
5022,62,2
5023,62,2
5024,62,2
5025,62,2
5026,62,2
5027,62,2
5028,62,2
5029,62,2
5030,62,2
5031,62,2
5032,62,2
5033,62,2
5034,62,2
5035,62,2
5036,62,2
5037,62,2
5038,62,2
5039,62,2
5040,62,2
5041,62,2
5042,62,2
5043,62,2
5044,62,2
5045,62,2
5046,62,2
5047,62,2
5048,62,2
5049,62,2
5050,62,2
5051,62,2
5052,62,2
5053,62,2
5054,62,2
5055,62,2
5056,62,2
5057,62,2
5058,62,2
5059,62,2
5060,62,2
5061,62,2
5062,62,2
5063,62,2
5064,62,2
5065,62,2
5066,62,2
5067,62,2
5068,62,2
5069,62,2
5070,62,2
5071,62,2
5072,62,2
5073,62,2
5074,62,2
5075,62,2
5076,62,2
5077,62,2
5078,62,2
5079,62,2
5080,62,2
5081,62,2
5082,62,2
5083,62,2
5084,62,2
5085,62,2
5086,62,2
5087,62,2
5088,62,2
5089,62,2
5090,62,2
5091,62,2
5092,62,2
5093,62,2
5094,62,2
5095,62,2
5096,62,2
5097,62,2
5098,62,2
5099,62,2
5100,62,2
5101,62,2
5102,62,2
5103,62,2
5104,62,2
5105,62,2
5106,62,2
5107,62,2
5108,62,2
5109,62,2
5110,62,2
5111,62,2
5112,62,2
5113,62,2
5114,62,2
5115,62,2
5116,62,2
5117,62,2
5118,62,2
5119,62,2
5120,62,2
5121,62,2
5122,62,2
5123,62,2
5124,62,2
5125,62,2
5126,62,2
5127,62,2
5128,62,2
5129,62,2
5130,62,2
5131,62,2
5132,62,2
5133,62,2
5134,62,2
5135,62,2
5136,62,2
5137,62,2
5138,62,2
5139,62,2
5140,62,2
5141,62,2
5142,62,2
5143,62,2
5144,62,2
5145,62,2
5146,62,2
5147,62,2
5148,62,2
5149,62,2
5150,62,2
5151,62,2
5152,62,2
5153,62,2
5154,62,2
5155,62,2
5156,62,2
5157,62,2
5158,62,2
5159,62,2
5160,62,2
5161,62,2
5162,62,2
5163,62,2
5164,63,1
5165,63,2
5166,63,2
5167,63,2
5168,63,2
5169,63,2
5170,63,2
5171,63,2
5172,63,2
5173,63,2
5174,63,2
5175,63,2
5176,63,2
5177,63,2
5178,63,2
5179,63,2
5180,63,2
5181,63,2
5182,63,2
5183,63,2
5184,63,2
5185,63,2
5186,63,2
5187,63,2
5188,63,2
5189,63,2
5190,63,2
5191,63,2
5192,63,2
5193,63,2
5194,63,2
5195,63,2
5196,63,2
5197,63,2
5198,63,2
5199,63,2
5200,63,2
5201,63,2
5202,63,2
5203,63,2
5204,63,2
5205,63,2
5206,63,2
5207,63,2
5208,63,2
5209,63,2
5210,63,2
5211,63,2
5212,63,2
5213,63,2
5214,63,2
5215,63,2
5216,63,2
5217,63,2
5218,63,2
5219,63,2
5220,63,2
5221,63,2
5222,63,2
5223,63,2
5224,63,2
5225,63,2
5226,63,2
5227,63,2
5228,63,2
5229,63,2
5230,63,2
5231,63,2
5232,63,2
5233,63,2
5234,63,2
5235,63,2
5236,63,2
5237,63,2
5238,63,2
5239,63,2
5240,63,2
5241,63,2
5242,63,2
5243,63,2
5244,63,2
5245,63,2
5246,63,2
5247,63,2
5248,63,2
5249,63,2
5250,63,2
5251,63,2
5252,63,2
5253,63,2
5254,63,2
5255,63,2
5256,63,2
5257,63,2
5258,63,2
5259,63,2
5260,63,2
5261,63,2
5262,63,2
5263,63,2
5264,63,2
5265,63,2
5266,63,2
5267,63,2
5268,63,2
5269,63,2
5270,63,2
5271,63,2
5272,63,2
5273,63,2
5274,63,2
5275,64,1
5276,64,2
5277,64,2
5278,64,2
5279,64,2
5280,64,2
5281,64,2
5282,64,2
5283,64,2
5284,64,2
5285,64,2
5286,64,2
5287,64,2
5288,64,2
5289,64,2
5290,64,2
5291,64,2
5292,64,2
5293,64,2
5294,64,2
5295,64,2
5296,64,2
5297,64,2
5298,64,2
5299,64,2
5300,64,2
5301,64,2
5302,64,2
5303,64,2
5304,64,2
5305,64,2
5306,64,2
5307,64,2
5308,64,2
5309,64,2
5310,64,2
5311,64,2
5312,64,2
5313,64,2
5314,64,2
5315,64,2
5316,64,2
5317,64,2
5318,64,2
5319,64,2
5320,64,2
5321,64,2
5322,64,2
5323,64,2
5324,64,2
5325,64,2
5326,64,2
5327,64,2
5328,64,2
5329,64,2
5330,64,2
5331,64,2
5332,64,2
5333,65,1
5334,65,2
5335,65,2
5336,65,2
5337,65,2
5338,65,2
5339,65,2
5340,65,2
5341,65,2
5342,65,2
5343,65,2
5344,65,2
5345,65,2
5346,65,2
5347,65,2
5348,65,2
5349,65,2
5350,66,1
5351,66,2
5352,66,2
5353,66,2
5354,66,2
5355,66,2
5356,66,2
5357,66,2
5358,66,2
5359,66,2
5360,67,1
5361,67,2
5362,67,2
5363,67,2
5364,67,2
5365,67,2
5366,67,2
5367,67,2
5368,67,2
5369,67,2
5370,67,2
5371,67,2
5372,68,1
5373,68,2
5374,68,2
5375,68,2
5376,68,2
5377,68,2
5378,68,2
5379,68,2
5380,68,2
5381,68,2
5382,68,2
5383,68,2
5384,68,2
5385,68,2
5386,68,2
5387,68,2
5388,68,2
5389,68,2
5390,68,2
5391,68,2
5392,68,2
5393,68,2
5394,68,2
5395,68,2
5396,68,2
5397,68,2
5398,68,2
5399,68,2
5400,68,2
5401,68,2
5402,68,2
5403,68,2
5404,68,2
5405,68,2
5406,68,2
5407,68,2
5408,68,2
5409,68,2
5410,68,2
5411,68,2
5412,68,2
5413,68,2
5414,68,2
5415,68,2
5416,68,2
5417,68,2
5418,68,2
5419,68,2
5420,68,2
5421,68,2
5422,68,2
5423,68,2
5424,68,2
5425,68,2
5426,68,2
5427,68,2
5428,68,2
5429,68,2
5430,68,2
5431,68,2
5432,68,2
5433,68,2
5434,68,2
5435,68,2
5436,68,2
5437,68,2
5438,68,2
5439,68,2
5440,68,2
5441,68,2
5442,68,2
5443,68,2
5444,68,2
5445,68,2
5446,68,2
5447,68,2
5448,68,2
5449,68,2
5450,68,2
5451,68,2
5452,68,2
5453,68,2
5454,68,2
5455,68,2
5456,68,2
5457,68,2
5458,69,1
5459,69,2
5460,69,2
5461,69,2
5462,69,2
5463,69,2
5464,69,2
5465,69,2
5466,69,2
5467,69,2
5468,69,2
5469,69,2
5470,69,2
5471,69,2
5472,69,2
5473,69,2
5474,69,2
5475,69,2
5476,69,2
5477,69,2
5478,69,2
5479,69,2
5480,69,2
5481,69,2
5482,69,2
5483,69,2
5484,69,2
5485,69,2
5486,69,2
5487,69,2
5488,69,2
5489,69,2
5490,69,2
5491,69,2
5492,69,2
5493,69,2
5494,69,2
5495,69,2
5496,69,2
5497,69,2
5498,69,2
5499,69,2
5500,70,1
5501,70,2
5502,70,2
5503,70,2
5504,70,2
5505,70,2
5506,70,2
5507,70,2
5508,70,2
5509,70,2
5510,70,2
5511,70,2
5512,70,2
5513,70,2
5514,70,2
5515,70,2
5516,70,2
5517,70,2
5518,70,2
5519,70,2
5520,70,2
5521,70,2
5522,70,2
5523,70,2
5524,70,2
5525,70,2
5526,70,2
5527,70,2
5528,70,2
5529,70,2
5530,70,2
5531,70,2
5532,70,2
5533,70,2
5534,70,2
5535,70,2
5536,70,2
5537,70,2
5538,70,2
5539,70,2
5540,70,2
5541,70,2
5542,70,2
5543,70,2
5544,70,2
5545,70,2
5546,70,2
5547,70,2
5548,70,2
5549,70,2
5550,70,2
5551,70,2
5552,70,2
5553,70,2
5554,70,2
5555,70,2
5556,70,2
5557,70,2
5558,70,2
5559,70,2
5560,70,2
5561,70,2
5562,70,2
5563,70,2
5564,70,2
5565,70,2
5566,70,2
5567,70,2
5568,70,2
5569,70,2
5570,70,2
5571,70,2
5572,70,2
5573,70,2
5574,70,2
5575,70,2
5576,70,2
5577,70,2
5578,70,2
5579,70,2
5580,70,2
5581,70,2
5582,70,2
5583,70,2
5584,70,2
5585,70,2
5586,70,2
5587,70,2
5588,70,2
5589,70,2
5590,70,2
5591,70,2
5592,70,2
5593,70,2
5594,70,2
5595,70,2
5596,70,2
5597,70,2
5598,70,2
5599,70,2
5600,70,2
5601,70,2
5602,70,2
5603,70,2
5604,70,2
5605,70,2
5606,70,2
5607,70,2
5608,70,2
5609,70,2
5610,70,2
5611,70,2
5612,70,2
5613,70,2
5614,71,1
5615,71,2
5616,71,2
5617,71,2
5618,71,2
5619,71,2
5620,71,2
5621,71,2
5622,71,2
5623,71,2
5624,71,2
5625,71,2
5626,71,2
5627,71,2
5628,71,2
5629,71,2
5630,71,2
5631,71,2
5632,71,2
5633,71,2
5634,71,2
5635,71,2
5636,71,2
5637,71,2
5638,71,2
5639,71,2
5640,71,2
5641,71,2
5642,71,2
5643,71,2
5644,71,2
5645,71,2
5646,71,2
5647,71,2
5648,71,2
5649,71,2
5650,71,2
5651,71,2
5652,71,2
5653,71,2
5654,71,2
5655,71,2
5656,71,2
5657,71,2
5658,71,2
5659,71,2
5660,71,2
5661,71,2
5662,71,2
5663,71,2
5664,71,2
5665,71,2
5666,71,2
5667,71,2
5668,71,2
5669,71,2
5670,71,2
5671,71,2
5672,71,2
5673,71,2
5674,71,2
5675,71,2
5676,71,2
5677,71,2
5678,71,2
5679,71,2
5680,71,2
5681,71,2
5682,71,2
5683,71,2
5684,71,2
5685,71,2
5686,71,2
5687,71,2
5688,71,2
5689,71,2
5690,71,2
5691,71,2
5692,71,2
5693,71,2
5694,71,2
5695,71,2
5696,71,2
5697,72,1
5698,72,2
5699,72,2
5700,72,2
5701,72,2
5702,72,2
5703,72,2
5704,72,2
5705,72,2
5706,72,2
5707,72,2
5708,72,2
5709,72,2
5710,72,2
5711,72,2
5712,72,2
5713,72,2
5714,72,2
5715,72,2
5716,72,2
5717,72,2
5718,72,2
5719,72,2
5720,72,2
5721,72,2
5722,72,2
5723,72,2
5724,72,2
5725,72,2
5726,72,2
5727,72,2
5728,72,2
5729,72,2
5730,72,2
5731,72,2
5732,72,2
5733,72,2
5734,72,2
5735,72,2
5736,72,2
5737,72,2
5738,72,2
5739,72,2
5740,72,2
5741,72,2
5742,72,2
5743,72,2
5744,72,2
5745,72,2
5746,72,2
5747,72,2
5748,72,2
5749,72,2
5750,72,2
5751,72,2
5752,72,2
5753,72,2
5754,72,2
5755,72,2
5756,72,2
5757,72,2
5758,72,2
5759,72,2
5760,72,2
5761,72,2
5762,72,2
5763,72,2
5764,72,2
5765,72,2
5766,72,2
5767,72,2
5768,72,2
5769,72,2
5770,72,2
5771,72,2
5772,72,2
5773,72,2
5774,72,2
5775,72,2
5776,72,2
5777,72,2
5778,72,2
5779,72,2
5780,72,2
5781,72,2
5782,72,2
5783,72,2
5784,72,2
5785,72,2
5786,72,2
5787,72,2
5788,72,2
5789,72,2
5790,72,2
5791,72,2
5792,72,2
5793,72,2
5794,72,2
5795,72,2
5796,72,2
5797,72,2
5798,72,2
5799,72,2
5800,72,2
5801,72,2
5802,72,2
5803,72,2
5804,72,2
5805,72,2
5806,72,2
5807,72,2
5808,72,2
5809,72,2
5810,72,2
5811,72,2
5812,72,2
5813,72,2
5814,72,2
5815,72,2
5816,72,2
5817,72,2
5818,72,2
5819,72,2
5820,72,2
5821,72,2
5822,72,2
5823,72,2
5824,72,2
5825,72,2
5826,72,2
5827,72,2
5828,72,2
5829,72,2
5830,72,2
5831,72,2
5832,72,2
5833,72,2
5834,72,2
5835,72,2
5836,72,2
5837,72,2
5838,72,2
5839,72,2
5840,72,2
5841,72,2
5842,72,2
5843,72,2
5844,72,2
5845,72,2
5846,72,2
5847,72,2
5848,72,2
5849,72,2
5850,72,2
5851,72,2
5852,72,2
5853,72,2
5854,72,2
5855,72,2
5856,72,2
5857,72,2
5858,72,2
5859,72,2
5860,72,2
5861,72,2
5862,72,2
5863,72,2
5864,72,2
5865,72,2
5866,72,2
5867,72,2
5868,72,2
5869,72,2
5870,72,2
5871,72,2
5872,72,2
5873,72,2
5874,72,2
5875,72,2
5876,72,2
5877,72,2
5878,72,2
5879,72,2
5880,72,2
5881,72,2
5882,72,2
5883,72,2
5884,72,2
5885,72,2
5886,72,2
5887,72,2
5888,72,2
5889,72,2
5890,72,2
5891,72,2
5892,72,2
5893,72,2
5894,72,2
5895,72,2
5896,72,2
5897,72,2
5898,72,2
5899,72,2
5900,72,2
5901,72,2
5902,72,2
5903,72,2
5904,72,2
5905,72,2
5906,72,2
5907,72,2
5908,72,2
5909,72,2
5910,72,2
5911,72,2
5912,72,2
5913,72,2
5914,72,2
5915,72,2
5916,72,2
5917,72,2
5918,72,2
5919,72,2
5920,72,2
5921,72,2
5922,72,2
5923,72,2
5924,72,2
5925,72,2
5926,72,2
5927,72,2
5928,72,2
5929,72,2
5930,72,2
5931,72,2
5932,72,2
5933,72,2
5934,72,2
5935,72,2
5936,72,2
5937,72,2
5938,72,2
5939,72,2
5940,72,2
5941,72,2
5942,72,2
5943,72,2
5944,72,2
5945,72,2
5946,72,2
5947,72,2
5948,73,1
5949,73,2
5950,73,2
5951,73,2
5952,73,2
5953,73,2
5954,73,2
5955,73,2
5956,73,2
5957,73,2
5958,73,2
5959,73,2
5960,73,2
5961,73,2
5962,73,2
5963,73,2
5964,73,2
5965,73,2
5966,73,2
5967,73,2
5968,73,2
5969,73,2
5970,73,2
5971,73,2
5972,73,2
5973,73,2
5974,73,2
5975,73,2
5976,73,2
5977,73,2
5978,73,2
5979,73,2
5980,73,2
5981,73,2
5982,73,2
5983,73,2
5984,73,2
5985,73,2
5986,73,2
5987,73,2
5988,73,2
5989,73,2
5990,73,2
5991,73,2
5992,73,2
5993,73,2
5994,73,2
5995,73,2
5996,73,2
5997,73,2
5998,73,2
5999,73,2
6000,73,2
6001,73,2
6002,73,2
6003,73,2
6004,73,2
6005,73,2
6006,73,2
6007,73,2
6008,73,2
6009,73,2
6010,73,2
6011,73,2
6012,73,2
6013,73,2
6014,73,2
6015,73,2
6016,73,2
6017,73,2
6018,73,2
6019,73,2
6020,73,2
6021,73,2
6022,73,2
6023,73,2
6024,73,2
6025,73,2
6026,73,2
6027,73,2
6028,73,2
6029,73,2
6030,73,2
6031,73,2
6032,73,2
6033,73,2
6034,73,2
6035,73,2
6036,73,2
6037,73,2
6038,73,2
6039,73,2
6040,73,2
6041,73,2
6042,73,2
6043,73,2
6044,73,2
6045,73,2
6046,73,2
6047,73,2
6048,73,2
6049,73,2
6050,73,2
6051,73,2
6052,73,2
6053,73,2
6054,73,2
6055,73,2
6056,73,2
6057,73,2
6058,73,2
6059,73,2
6060,73,2
6061,73,2
6062,73,2
6063,73,2
6064,73,2
6065,73,2
6066,73,2
6067,73,2
6068,73,2
6069,73,2
6070,73,2
6071,73,2
6072,73,2
6073,73,2
6074,73,2
6075,73,2
6076,73,2
6077,73,2
6078,73,2
6079,73,2
6080,73,2
6081,73,2
6082,73,2
6083,73,2
6084,73,2
6085,73,2
6086,73,2
6087,73,2
6088,73,2
6089,73,2
6090,73,2
6091,73,2
6092,73,2
6093,73,2
6094,73,2
6095,73,2
6096,73,2
6097,73,2
6098,73,2
6099,73,2
6100,73,2
6101,73,2
6102,73,2
6103,73,2
6104,73,2
6105,73,2
6106,73,2
6107,73,2
6108,73,2
6109,73,2
6110,73,2
6111,73,2
6112,73,2
6113,73,2
6114,73,2
6115,73,2
6116,73,2
6117,73,2
6118,73,2
6119,73,2
6120,73,2
6121,73,2
6122,73,2
6123,73,2
6124,73,2
6125,74,1
6126,74,2
6127,74,2
6128,74,2
6129,74,2
6130,74,2
6131,74,2
6132,74,2
6133,74,2
6134,74,2
6135,74,2
6136,74,2
6137,74,2
6138,74,2
6139,74,2
6140,74,2
6141,74,2
6142,74,2
6143,74,2
6144,74,2
6145,74,2
6146,74,2
6147,74,2
6148,74,2
6149,74,2
6150,74,2
6151,74,2
6152,74,2
6153,74,2
6154,74,2
6155,74,2
6156,74,2
6157,74,2
6158,74,2
6159,74,2
6160,74,2
6161,74,2
6162,74,2
6163,74,2
6164,74,2
6165,74,2
6166,74,2
6167,74,2
6168,74,2
6169,74,2
6170,74,2
6171,74,2
6172,74,2
6173,74,2
6174,74,2
6175,74,2
6176,74,2
6177,74,2
6178,74,2
6179,74,2
6180,74,2
6181,74,2
6182,74,2
6183,74,2
6184,74,2
6185,74,2
6186,74,2
6187,74,2
6188,74,2
6189,74,2
6190,74,2
6191,74,2
6192,74,2
6193,74,2
6194,74,2
6195,74,2
6196,74,2
6197,74,2
6198,74,2
6199,74,2
6200,74,2
6201,75,1
6202,75,2
6203,75,2
6204,75,2
6205,75,2
6206,75,2
6207,75,2
6208,75,2
6209,75,2
6210,75,2
6211,75,2
6212,75,2
6213,75,2
6214,75,2
6215,75,2
6216,75,2
6217,75,2
6218,75,2
6219,75,2
6220,75,2
6221,75,2
6222,75,2
6223,75,2
6224,75,2
6225,75,2
6226,75,2
6227,75,2
6228,76,1
6229,76,2
6230,76,2
6231,76,2
6232,76,2
6233,76,2
6234,76,2
6235,76,2
6236,76,2
6237,76,2
6238,76,2
6239,76,2
6240,76,2
6241,76,2
6242,76,2
6243,76,2
6244,76,2
6245,76,2
6246,76,2
6247,76,2
6248,76,2
6249,76,2
6250,76,2
6251,76,2
6252,76,2
6253,76,2
6254,76,2
6255,76,2
6256,76,2
6257,76,2
6258,76,2
6259,76,2
6260,76,2
6261,76,2
6262,76,2
6263,76,2
6264,76,2
6265,76,2
6266,76,2
6267,76,2
6268,76,2
6269,76,2
6270,76,2
6271,76,2
6272,76,2
6273,76,2
6274,76,2
6275,76,2
6276,76,2
6277,76,2
6278,76,2
6279,76,2
6280,76,2
6281,76,2
6282,76,2
6283,78,1
6284,78,2
6285,78,2
6286,78,2
6287,78,2
6288,78,2
6289,78,2
6290,78,2
6291,78,2
6292,78,2
6293,78,2
6294,78,2
6295,78,2
6296,78,2
6297,78,2
6298,79,1
6299,79,2
6300,79,2
6301,79,2
6302,79,2
6303,79,2
6304,79,2
6305,79,2
6306,79,2
6307,79,2
6308,79,2
6309,79,2
6310,79,2
6311,79,2
6312,79,2
6313,80,1
6314,80,2
6315,80,2
6316,80,2
6317,80,2
6318,80,2
6319,80,2
6320,81,1
6321,81,2
6322,81,2
6323,81,2
6324,81,2
6325,81,2
6326,81,2
6327,81,2
6328,81,2
6329,81,2
6330,81,2
6331,81,2
6332,81,2
6333,81,2
6334,81,2
6335,81,2
6336,81,2
6337,81,2
6338,81,2
6339,81,2
6340,81,2
6341,81,2
6342,81,2
6343,81,2
6344,81,2
6345,81,2
6346,81,2
6347,81,2
6348,81,2
6349,81,2
6350,81,2
6351,81,2
6352,81,2
6353,81,2
6354,81,2
6355,81,2
6356,81,2
6357,81,2
6358,81,2
6359,81,2
6360,81,2
6361,81,2
6362,81,2
6363,81,2
6364,81,2
6365,81,2
6366,81,2
6367,81,2
6368,81,2
6369,81,2
6370,81,2
6371,81,2
6372,81,2
6373,81,2
6374,81,2
6375,81,2
6376,81,2
6377,81,2
6378,81,2
6379,81,2
6380,81,2
6381,81,2
6382,81,2
6383,81,2
6384,81,2
6385,81,2
6386,82,1
6387,82,2
6388,82,2
6389,82,2
6390,82,2
6391,82,2
6392,82,2
6393,82,2
6394,82,2
6395,82,2
6396,82,2
6397,82,2
6398,82,2
6399,82,2
6400,82,2
6401,82,2
6402,82,2
6403,82,2
6404,82,2
6405,82,2
6406,82,2
6407,82,2
6408,82,2
6409,82,2
6410,82,2
6411,82,2
6412,82,2
6413,82,2
6414,82,2
6415,82,2
6416,82,2
6417,82,2
6418,82,2
6419,82,2
6420,82,2
6421,82,2
6422,82,2
6423,82,2
6424,82,2
6425,82,2
6426,82,2
6427,82,2
6428,82,2
6429,82,2
6430,82,2
6431,82,2
6432,82,2
6433,82,2
6434,82,2
6435,82,2
6436,82,2
6437,82,2
6438,82,2
6439,82,2
6440,82,2
6441,82,2
6442,82,2
6443,82,2
6444,82,2
6445,82,2
6446,82,2
6447,82,2
6448,82,2
6449,82,2
6450,82,2
6451,82,2
6452,82,2
6453,82,2
6454,82,2
6455,82,2
6456,82,2
6457,82,2
6458,82,2
6459,82,2
6460,82,2
6461,82,2
6462,82,2
6463,82,2
6464,82,2
6465,82,2
6466,82,2
6467,82,2
6468,82,2
6469,82,2
6470,82,2
6471,82,2
6472,82,2
6473,82,2
6474,82,2
6475,82,2
6476,82,2
6477,83,1
6478,83,2
6479,83,2
6480,83,2
6481,83,2
6482,83,2
6483,83,2
6484,83,2
6485,83,2
6486,83,2
6487,83,2
6488,83,2
6489,83,2
6490,83,2
6491,83,2
6492,83,2
6493,83,2
6494,83,2
6495,83,2
6496,83,2
6497,83,2
6498,83,2
6499,83,2
6500,83,2
6501,83,2
6502,83,2
6503,83,2
6504,83,2
6505,83,2
6506,83,2
6507,83,2
6508,83,2
6509,83,2
6510,83,2
6511,83,2
6512,83,2
6513,83,2
6514,83,2
6515,83,2
6516,83,2
6517,83,2
6518,83,2
6519,83,2
6520,83,2
6521,83,2
6522,83,2
6523,83,2
6524,84,1
6525,84,2
6526,84,2
6527,84,2
6528,84,2
6529,84,2
6530,84,2
6531,84,2
6532,84,2
6533,84,2
6534,84,2
6535,84,2
6536,84,2
6537,84,2
6538,84,2
6539,84,2
6540,84,2
6541,84,2
6542,84,2
6543,84,2
6544,84,2
6545,84,2
6546,84,2
6547,84,2
6548,84,2
6549,84,2
6550,84,2
6551,84,2
6552,84,2
6553,84,2
6554,84,2
6555,84,2
6556,84,2
6557,84,2
6558,84,2
6559,84,2
6560,84,2
6561,84,2
6562,84,2
6563,84,2
6564,84,2
6565,84,2
6566,84,2
6567,84,2
6568,84,2
6569,84,2
6570,84,2
6571,84,2
6572,84,2
6573,84,2
6574,84,2
6575,84,2
6576,84,2
6577,84,2
6578,84,2
6579,84,2
6580,84,2
6581,84,2
6582,84,2
6583,84,2
6584,84,2
6585,84,2
6586,84,2
6587,84,2
6588,84,2
6589,84,2
6590,84,2
6591,84,2
6592,84,2
6593,84,2
6594,84,2
6595,84,2
6596,84,2
6597,84,2
6598,84,2
6599,84,2
6600,84,2
6601,84,2
6602,84,2
6603,84,2
6604,84,2
6605,84,2
6606,84,2
6607,84,2
6608,84,2
6609,84,2
6610,84,2
6611,84,2
6612,84,2
6613,84,2
6614,84,2
6615,84,2
6616,84,2
6617,84,2
6618,84,2
6619,84,2
6620,84,2
6621,84,2
6622,84,2
6623,84,2
6624,84,2
6625,84,2
6626,84,2
6627,84,2
6628,84,2
6629,84,2
6630,84,2
6631,84,2
6632,84,2
6633,84,2
6634,84,2
6635,84,2
6636,84,2
6637,84,2
6638,84,2
6639,84,2
6640,84,2
6641,84,2
6642,84,2
6643,84,2
6644,84,2
6645,84,2
6646,84,2
6647,84,2
6648,84,2
6649,84,2
6650,84,2
6651,84,2
6652,84,2
6653,84,2
6654,84,2
6655,84,2
6656,84,2
6657,84,2
6658,84,2
6659,84,2
6660,84,2
6661,84,2
6662,84,2
6663,84,2
6664,84,2
6665,84,2
6666,84,2
6667,84,2
6668,84,2
6669,84,2
6670,84,2
6671,84,2
6672,84,2
6673,84,2
6674,84,2
6675,84,2
6676,84,2
6677,84,2
6678,84,2
6679,84,2
6680,84,2
6681,84,2
6682,84,2
6683,84,2
6684,84,2
6685,84,2
6686,84,2
6687,84,2
6688,84,2
6689,84,2
6690,84,2
6691,84,2
6692,84,2
6693,84,2
6694,84,2
6695,84,2
6696,84,2
6697,84,2
6698,84,2
6699,84,2
6700,84,2
6701,84,2
6702,84,2
6703,84,2
6704,84,2
6705,84,2
6706,84,2
6707,84,2
6708,84,2
6709,84,2
6710,84,2
6711,84,2
6712,84,2
6713,84,2
6714,84,2
6715,84,2
6716,84,2
6717,84,2
6718,84,2
6719,84,2
6720,84,2
6721,84,2
6722,84,2
6723,84,2
6724,84,2
6725,84,2
6726,84,2
6727,84,2
6728,84,2
6729,84,2
6730,84,2
6731,84,2
6732,84,2
6733,84,2
6734,84,2
6735,84,2
6736,84,2
6737,84,2
6738,84,2
6739,84,2
6740,84,2
6741,84,2
6742,84,2
6743,84,2
6744,84,2
6745,84,2
6746,84,2
6747,84,2
6748,84,2
6749,84,2
6750,84,2
6751,84,2
6752,84,2
6753,84,2
6754,84,2
6755,84,2
6756,84,2
6757,84,2
6758,84,2
6759,84,2
6760,84,2
6761,84,2
6762,84,2
6763,84,2
6764,84,2
6765,84,2
6766,84,2
6767,84,2
6768,84,2
6769,84,2
6770,84,2
6771,84,2
6772,84,2
6773,84,2
6774,84,2
6775,84,2
6776,84,2
6777,84,2
6778,84,2
6779,84,2
6780,84,2
6781,84,2
6782,84,2
6783,84,2
6784,84,2
6785,84,2
6786,84,2
6787,84,2
6788,84,2
6789,84,2
6790,84,2
6791,84,2
6792,84,2
6793,84,2
6794,84,2
6795,84,2
6796,84,2
6797,84,2
6798,84,2
6799,84,2
6800,84,2
6801,84,2
6802,84,2
6803,84,2
6804,84,2
6805,84,2
6806,84,2
6807,84,2
6808,84,2
6809,84,2
6810,84,2
6811,84,2
6812,84,2
6813,84,2
6814,84,2
6815,84,2
6816,84,2
6817,84,2
6818,84,2
6819,84,2
6820,84,2
6821,84,2
6822,84,2
6823,84,2
6824,84,2
6825,84,2
6826,84,2
6827,84,2
6828,84,2
6829,84,2
6830,84,2
6831,84,2
6832,84,2
6833,84,2
6834,84,2
6835,84,2
6836,84,2
6837,84,2
6838,84,2
6839,84,2
6840,84,2
6841,84,2
6842,84,2
6843,84,2
6844,84,2
6845,84,2
6846,84,2
6847,84,2
6848,84,2
6849,84,2
6850,84,2
6851,84,2
6852,84,2
6853,84,2
6854,84,2
6855,84,2
6856,84,2
6857,84,2
6858,84,2
6859,84,2
6860,84,2
6861,84,2
6862,84,2
6863,84,2
6864,84,2
6865,84,2
6866,84,2
6867,84,2
6868,84,2
6869,84,2
6870,84,2
6871,84,2
6872,84,2
6873,84,2
6874,84,2
6875,84,2
6876,84,2
6877,84,2
6878,84,2
6879,84,2
6880,84,2
6881,84,2
6882,84,2
6883,84,2
6884,84,2
6885,84,2
6886,84,2
6887,84,2
6888,84,2
6889,84,2
6890,84,2
6891,84,2
6892,84,2
6893,84,2
6894,84,2
6895,84,2
6896,84,2
6897,84,2
6898,84,2
6899,84,2
6900,84,2
6901,84,2
6902,84,2
6903,84,2
6904,84,2
6905,84,2
6906,84,2
6907,84,2
6908,84,2
6909,84,2
6910,84,2
6911,84,2
6912,84,2
6913,84,2
6914,84,2
6915,84,2
6916,84,2
6917,84,2
6918,84,2
6919,84,2
6920,84,2
6921,84,2
6922,84,2
6923,84,2
6924,84,2
6925,84,2
6926,84,2
6927,84,2
6928,84,2
6929,84,2
6930,84,2
6931,84,2
6932,84,2
6933,84,2
6934,84,2
6935,84,2
6936,84,2
6937,84,2
6938,84,2
6939,84,2
6940,84,2
6941,84,2
6942,84,2
6943,84,2
6944,84,2
6945,84,2
6946,84,2
6947,84,2
6948,84,2
6949,84,2
6950,84,2
6951,84,2
6952,84,2
6953,84,2
6954,84,2
6955,84,2
6956,84,2
6957,84,2
6958,84,2
6959,84,2
6960,84,2
6961,84,2
6962,84,2
6963,84,2
6964,84,2
6965,84,2
6966,84,2
6967,84,2
6968,84,2
6969,84,2
6970,84,2
6971,84,2
6972,84,2
6973,84,2
6974,84,2
6975,84,2
6976,84,2
6977,84,2
6978,84,2
6979,84,2
6980,84,2
6981,84,2
6982,84,2
6983,84,2
6984,84,2
6985,84,2
6986,84,2
6987,84,2
6988,84,2
6989,84,2
6990,84,2
6991,84,2
6992,84,2
6993,84,2
6994,84,2
6995,84,2
6996,84,2
6997,84,2
6998,84,2
6999,84,2
7000,84,2
7001,84,2
7002,84,2
7003,84,2
7004,84,2
7005,84,2
7006,84,2
7007,84,2
7008,84,2
7009,84,2
7010,84,2
7011,84,2
7012,84,2
7013,84,2
7014,84,2
7015,84,2
7016,84,2
7017,84,2
7018,84,2
7019,84,2
7020,84,2
7021,84,2
7022,84,2
7023,84,2
7024,84,2
7025,84,2
7026,84,2
7027,84,2
7028,84,2
7029,84,2
7030,84,2
7031,84,2
7032,84,2
7033,84,2
7034,84,2
7035,84,2
7036,84,2
7037,84,2
7038,84,2
7039,84,2
7040,84,2
7041,84,2
7042,84,2
7043,84,2
7044,84,2
7045,84,2
7046,84,2
7047,84,2
7048,84,2
7049,84,2
7050,84,2
7051,84,2
7052,84,2
7053,84,2
7054,84,2
7055,84,2
7056,84,2
7057,84,2
7058,84,2
7059,84,2
7060,84,2
7061,84,2
7062,84,2
7063,84,2
7064,84,2
7065,84,2
7066,84,2
7067,84,2
7068,84,2
7069,84,2
7070,84,2
7071,84,2
7072,84,2
7073,84,2
7074,84,2
7075,84,2
7076,84,2
7077,84,2
7078,84,2
7079,84,2
7080,84,2
7081,84,2
7082,84,2
7083,84,2
7084,84,2
7085,84,2
7086,84,2
7087,84,2
7088,84,2
7089,84,2
7090,84,2
7091,84,2
7092,84,2
7093,84,2
7094,84,2
7095,84,2
7096,84,2
7097,84,2
7098,84,2
7099,84,2
7100,84,2
7101,84,2
7102,84,2
7103,84,2
7104,84,2
7105,84,2
7106,84,2
7107,84,2
7108,84,2
7109,84,2
7110,84,2
7111,84,2
7112,84,2
7113,84,2
7114,84,2
7115,84,2
7116,84,2
7117,84,2
7118,84,2
7119,84,2
7120,84,2
7121,84,2
7122,84,2
7123,84,2
7124,84,2
7125,84,2
7126,84,2
7127,84,2
7128,84,2
7129,84,2
7130,84,2
7131,84,2
7132,84,2
7133,84,2
7134,84,2
7135,84,2
7136,84,2
7137,84,2
7138,84,2
7139,84,2
7140,84,2
7141,84,2
7142,84,2
7143,84,2
7144,84,2
7145,84,2
7146,84,2
7147,84,2
7148,84,2
7149,84,2
7150,84,2
7151,84,2
7152,84,2
7153,84,2
7154,84,2
7155,84,2
7156,84,2
7157,84,2
7158,84,2
7159,84,2
7160,84,2
7161,84,2
7162,84,2
7163,84,2
7164,84,2
7165,84,2
7166,84,2
7167,84,2
7168,84,2
7169,84,2
7170,84,2
7171,84,2
7172,84,2
7173,84,2
7174,84,2
7175,84,2
7176,84,2
7177,84,2
7178,84,2
7179,84,2
7180,84,2
7181,84,2
7182,84,2
7183,84,2
7184,84,2
7185,84,2
7186,84,2
7187,84,2
7188,84,2
7189,84,2
7190,84,2
7191,84,2
7192,84,2
7193,84,2
7194,84,2
7195,84,2
7196,84,2
7197,84,2
7198,84,2
7199,84,2
7200,84,2
7201,84,2
7202,84,2
7203,84,2
7204,84,2
7205,84,2
7206,84,2
7207,84,2
7208,84,2
7209,84,2
7210,84,2
7211,84,2
7212,84,2
7213,84,2
7214,84,2
7215,84,2
7216,84,2
7217,84,2
7218,84,2
7219,84,2
7220,84,2
7221,84,2
7222,84,2
7223,84,2
7224,84,2
7225,84,2
7226,84,2
7227,84,2
7228,84,2
7229,84,2
7230,84,2
7231,84,2
7232,84,2
7233,84,2
7234,84,2
7235,84,2
7236,84,2
7237,84,2
7238,84,2
7239,84,2
7240,84,2
7241,84,2
7242,84,2
7243,84,2
7244,84,2
7245,84,2
7246,84,2
7247,84,2
7248,84,2
7249,84,2
7250,84,2
7251,84,2
7252,84,2
7253,84,2
7254,84,2
7255,84,2
7256,84,2
7257,84,2
7258,84,2
7259,84,2
7260,84,2
7261,84,2
7262,84,2
7263,84,2
7264,84,2
7265,84,2
7266,84,2
7267,84,2
7268,84,2
7269,84,2
7270,84,2
7271,84,2
7272,84,2
7273,84,2
7274,84,2
7275,84,2
7276,84,2
7277,84,2
7278,84,2
7279,84,2
7280,84,2
7281,84,2
7282,84,2
7283,84,2
7284,84,2
7285,84,2
7286,84,2
7287,84,2
7288,84,2
7289,84,2
7290,84,2
7291,84,2
7292,84,2
7293,84,2
7294,84,2
7295,84,2
7296,84,2
7297,84,2
7298,84,2
7299,84,2
7300,84,2
7301,84,2
7302,84,2
7303,84,2
7304,84,2
7305,84,2
7306,84,2
7307,84,2
7308,84,2
7309,84,2
7310,84,2
7311,84,2
7312,84,2
7313,84,2
7314,84,2
7315,84,2
7316,84,2
7317,84,2
7318,84,2
7319,84,2
7320,84,2
7321,84,2
7322,84,2
7323,84,2
7324,84,2
7325,84,2
7326,84,2
7327,84,2
7328,84,2
7329,84,2
7330,84,2
7331,84,2
7332,84,2
7333,84,2
7334,84,2
7335,84,2
7336,84,2
7337,84,2
7338,84,2
7339,84,2
7340,84,2
7341,84,2
7342,84,2
7343,84,2
7344,84,2
7345,84,2
7346,84,2
7347,84,2
7348,84,2
7349,84,2
7350,84,2
7351,84,2
7352,84,2
7353,84,2
7354,84,2
7355,84,2
7356,84,2
7357,84,2
7358,84,2
7359,84,2
7360,84,2
7361,84,2
7362,84,2
7363,84,2
7364,84,2
7365,84,2
7366,84,2
7367,84,2
7368,84,2
7369,84,2
7370,84,2
7371,84,2
7372,84,2
7373,84,2
7374,84,2
7375,84,2
7376,84,2
7377,84,2
7378,84,2
7379,84,2
7380,84,2
7381,84,2
7382,84,2
7383,84,2
7384,84,2
7385,84,2
7386,84,2
7387,84,2
7388,84,2
7389,84,2
7390,84,2
7391,84,2
7392,84,2
7393,84,2
7394,84,2
7395,84,2
7396,84,2
7397,84,2
7398,84,2
7399,84,2
7400,84,2
7401,84,2
7402,85,1
7403,85,2
7404,85,2
7405,85,2
7406,85,2
7407,85,2
7408,85,2
7409,85,2
7410,85,2
7411,85,2
7412,85,2
7413,85,2
7414,85,2
7415,85,2
7416,85,2
7417,85,2
7418,85,2
7419,85,2
7420,85,2
7421,85,2
7422,85,2
7423,85,2
7424,85,2
7425,85,2
7426,85,2
7427,85,2
7428,85,2
7429,85,2
7430,85,2
7431,85,2
7432,85,2
7433,85,2
7434,85,2
7435,85,2
7436,85,2
7437,85,2
7438,85,2
7439,85,2
7440,85,2
7441,85,2
7442,85,2
7443,85,2
7444,85,2
7445,85,2
7446,85,2
7447,85,2
7448,85,2
7449,85,2
7450,85,2
7451,85,2
7452,85,2
7453,85,2
7454,85,2
7455,85,2
7456,85,2
7457,85,2
7458,85,2
7459,85,2
7460,85,2
7461,85,2
7462,85,2
7463,85,2
7464,85,2
7465,85,2
7466,85,2
7467,85,2
7468,85,2
7469,85,2
7470,85,2
7471,85,2
7472,85,2
7473,85,2
7474,85,2
7475,85,2
7476,85,2
7477,85,2
7478,85,2
7479,85,2
7480,85,2
7481,85,2
7482,85,2
7483,85,2
7484,85,2
7485,85,2
7486,85,2
7487,85,2
7488,85,2
7489,85,2
7490,85,2
7491,85,2
7492,85,2
7493,85,2
7494,85,2
7495,85,2
7496,85,2
7497,85,2
7498,85,2
7499,85,2
7500,85,2
7501,85,2
7502,85,2
7503,85,2
7504,85,2
7505,85,2
7506,85,2
7507,85,2
7508,85,2
7509,85,2
7510,85,2
7511,85,2
7512,85,2
7513,85,2
7514,85,2
7515,85,2
7516,85,2
7517,85,2
7518,85,2
7519,85,2
7520,85,2
7521,85,2
7522,85,2
7523,85,2
7524,85,2
7525,85,2
7526,85,2
7527,85,2
7528,85,2
7529,85,2
7530,85,2
7531,85,2
7532,85,2
7533,85,2
7534,85,2
7535,85,2
7536,85,2
7537,85,2
7538,85,2
7539,85,2
7540,85,2
7541,85,2
7542,85,2
7543,85,2
7544,85,2
7545,85,2
7546,85,2
7547,85,2
7548,85,2
7549,85,2
7550,85,2
7551,85,2
7552,85,2
7553,85,2
7554,85,2
7555,85,2
7556,85,2
7557,85,2
7558,85,2
7559,85,2
7560,85,2
7561,85,2
7562,85,2
7563,85,2
7564,85,2
7565,85,2
7566,85,2
7567,85,2
7568,85,2
7569,85,2
7570,85,2
7571,85,2
7572,85,2
7573,85,2
7574,85,2
7575,85,2
7576,85,2
7577,85,2
7578,85,2
7579,85,2
7580,85,2
7581,85,2
7582,85,2
7583,85,2
7584,85,2
7585,85,2
7586,85,2
7587,85,2
7588,85,2
7589,85,2
7590,85,2
7591,85,2
7592,85,2
7593,85,2
7594,85,2
7595,85,2
7596,85,2
7597,85,2
7598,85,2
7599,85,2
7600,85,2
7601,85,2
7602,85,2
7603,85,2
7604,85,2
7605,85,2
7606,85,2
7607,85,2
7608,85,2
7609,85,2
7610,85,2
7611,85,2
7612,85,2
7613,85,2
7614,85,2
7615,85,2
7616,85,2
7617,85,2
7618,85,2
7619,85,2
7620,85,2
7621,85,2
7622,85,2
7623,85,2
7624,85,2
7625,85,2
7626,85,2
7627,85,2
7628,85,2
7629,85,2
7630,85,2
7631,85,2
7632,85,2
7633,85,2
7634,85,2
7635,85,2
7636,85,2
7637,85,2
7638,85,2
7639,85,2
7640,85,2
7641,85,2
7642,85,2
7643,85,2
7644,85,2
7645,85,2
7646,85,2
7647,85,2
7648,85,2
7649,85,2
7650,85,2
7651,85,2
7652,85,2
7653,85,2
7654,85,2
7655,85,2
7656,85,2
7657,85,2
7658,85,2
7659,85,2
7660,85,2
7661,85,2
7662,85,2
7663,85,2
7664,85,2
7665,85,2
7666,85,2
7667,85,2
7668,85,2
7669,85,2
7670,85,2
7671,85,2
7672,85,2
7673,85,2
7674,85,2
7675,85,2
7676,85,2
7677,85,2
7678,85,2
7679,85,2
7680,85,2
7681,85,2
7682,85,2
7683,85,2
7684,85,2
7685,85,2
7686,85,2
7687,85,2
7688,85,2
7689,85,2
7690,85,2
7691,85,2
7692,85,2
7693,85,2
7694,85,2
7695,85,2
7696,85,2
7697,85,2
7698,85,2
7699,85,2
7700,85,2
7701,85,2
7702,85,2
7703,85,2
7704,85,2
7705,85,2
7706,85,2
7707,85,2
7708,85,2
7709,85,2
7710,85,2
7711,85,2
7712,85,2
7713,85,2
7714,85,2
7715,85,2
7716,85,2
7717,85,2
7718,85,2
7719,85,2
7720,85,2
7721,85,2
7722,85,2
7723,85,2
7724,85,2
7725,85,2
7726,85,2
7727,85,2
7728,85,2
7729,85,2
7730,85,2
7731,85,2
7732,85,2
7733,85,2
7734,85,2
7735,85,2
7736,85,2
7737,85,2
7738,85,2
7739,85,2
7740,85,2
7741,85,2
7742,85,2
7743,85,2
7744,85,2
7745,85,2
7746,85,2
7747,85,2
7748,85,2
7749,85,2
7750,85,2
7751,85,2
7752,85,2
7753,85,2
7754,85,2
7755,85,2
7756,85,2
7757,85,2
7758,85,2
7759,85,2
7760,85,2
7761,85,2
7762,85,2
7763,85,2
7764,85,2
7765,85,2
7766,85,2
7767,85,2
7768,85,2
7769,85,2
7770,85,2
7771,85,2
7772,85,2
7773,85,2
7774,85,2
7775,85,2
7776,85,2
7777,85,2
7778,85,2
7779,85,2
7780,85,2
7781,85,2
7782,85,2
7783,85,2
7784,85,2
7785,85,2
7786,85,2
7787,85,2
7788,85,2
7789,85,2
7790,85,2
7791,85,2
7792,85,2
7793,85,2
7794,85,2
7795,85,2
7796,85,2
7797,85,2
7798,85,2
7799,85,2
7800,85,2
7801,85,2
7802,85,2
7803,85,2
7804,85,2
7805,85,2
7806,85,2
7807,85,2
7808,85,2
7809,85,2
7810,85,2
7811,85,2
7812,85,2
7813,85,2
7814,85,2
7815,85,2
7816,85,2
7817,85,2
7818,85,2
7819,85,2
7820,85,2
7821,85,2
7822,85,2
7823,85,2
7824,85,2
7825,85,2
7826,85,2
7827,85,2
7828,85,2
7829,85,2
7830,85,2
7831,85,2
7832,85,2
7833,85,2
7834,85,2
7835,85,2
7836,85,2
7837,85,2
7838,85,2
7839,85,2
7840,85,2
7841,85,2
7842,85,2
7843,85,2
7844,85,2
7845,85,2
7846,85,2
7847,85,2
7848,85,2
7849,85,2
7850,85,2
7851,85,2
7852,85,2
7853,85,2
7854,85,2
7855,85,2
7856,85,2
7857,85,2
7858,85,2
7859,85,2
7860,85,2
7861,85,2
7862,85,2
7863,85,2
7864,85,2
7865,85,2
7866,85,2
7867,85,2
7868,85,2
7869,85,2
7870,85,2
7871,85,2
7872,85,2
7873,85,2
7874,85,2
7875,85,2
7876,85,2
7877,85,2
7878,85,2
7879,85,2
7880,85,2
7881,85,2
7882,85,2
7883,85,2
7884,85,2
7885,85,2
7886,85,2
7887,85,2
7888,85,2
7889,86,1
7890,86,2
7891,86,2
7892,86,2
7893,86,2
7894,86,2
7895,86,2
7896,86,2
7897,86,2
7898,86,2
7899,86,2
7900,86,2
7901,86,2
7902,86,2
7903,86,2
7904,86,2
7905,86,2
7906,86,2
7907,86,2
7908,86,2
7909,86,2
7910,86,2
7911,86,2
7912,86,2
7913,86,2
7914,86,2
7915,86,2
7916,86,2
7917,86,2
7918,86,2
7919,86,2
7920,86,2
7921,86,2
7922,87,1
7923,87,2
7924,87,2
7925,87,2
7926,87,2
7927,87,2
7928,87,2
7929,87,2
7930,87,2
7931,87,2
7932,87,2
7933,87,2
7934,87,2
7935,87,2
7936,87,2
7937,87,2
7938,87,2
7939,87,2
7940,87,2
7941,87,2
7942,87,2
7943,87,2
7944,87,2
7945,87,2
7946,87,2
7947,87,2
7948,87,2
7949,87,2
7950,87,2
7951,87,2
7952,87,2
7953,87,2
7954,87,2
7955,87,2
7956,87,2
7957,87,2
7958,87,2
7959,87,2
7960,87,2
7961,87,2
7962,87,2
7963,87,2
7964,87,2
7965,87,2
7966,87,2
7967,87,2
7968,87,2
7969,87,2
7970,87,2
7971,87,2
7972,87,2
7973,87,2
7974,87,2
7975,87,2
7976,87,2
7977,87,2
7978,87,2
7979,87,2
7980,87,2
7981,87,2
7982,87,2
7983,87,2
7984,87,2
7985,87,2
7986,87,2
7987,87,2
7988,87,2
7989,87,2
7990,87,2
7991,87,2
7992,87,2
7993,87,2
7994,87,2
7995,87,2
7996,87,2
7997,87,2
7998,87,2
7999,87,2
8000,87,2
8001,87,2
8002,87,2
8003,87,2
8004,87,2
8005,87,2
8006,87,2
8007,87,2
8008,87,2
8009,87,2
8010,87,2
8011,87,2
8012,87,2
8013,87,2
8014,87,2
8015,87,2
8016,87,2
8017,87,2
8018,87,2
8019,87,2
8020,87,2
8021,87,2
8022,87,2
8023,87,2
8024,87,2
8025,87,2
8026,87,2
8027,87,2
8028,87,2
8029,87,2
8030,87,2
8031,87,2
8032,87,2
8033,87,2
8034,87,2
8035,87,2
8036,87,2
8037,87,2
8038,87,2
8039,87,2
8040,87,2
8041,87,2
8042,87,2
8043,87,2
8044,87,2
8045,87,2
8046,87,2
8047,87,2
8048,87,2
8049,87,2
8050,87,2
8051,87,2
8052,87,2
8053,87,2
8054,87,2
8055,87,2
8056,87,2
8057,87,2
8058,87,2
8059,87,2
8060,87,2
8061,87,2
8062,87,2
8063,87,2
8064,87,2
8065,87,2
8066,87,2
8067,87,2
8068,87,2
8069,87,2
8070,87,2
8071,87,2
8072,87,2
8073,87,2
8074,87,2
8075,87,2
8076,87,2
8077,87,2
8078,87,2
8079,87,2
8080,87,2
8081,87,2
8082,87,2
8083,87,2
8084,87,2
8085,87,2
8086,87,2
8087,87,2
8088,87,2
8089,87,2
8090,87,2
8091,87,2
8092,87,2
8093,87,2
8094,87,2
8095,87,2
8096,87,2
8097,87,2
8098,87,2
8099,87,2
8100,87,2
8101,87,2
8102,87,2
8103,87,2
8104,87,2
8105,87,2
8106,87,2
8107,87,2
8108,87,2
8109,87,2
8110,87,2
8111,87,2
8112,87,2
8113,87,2
8114,87,2
8115,87,2
8116,87,2
8117,87,2
8118,87,2
8119,87,2
8120,87,2
8121,87,2
8122,87,2
8123,87,2
8124,87,2
8125,87,2
8126,87,2
8127,87,2
8128,87,2
8129,87,2
8130,87,2
8131,87,2
8132,87,2
8133,87,2
8134,87,2
8135,87,2
8136,87,2
8137,87,2
8138,87,2
8139,87,2
8140,87,2
8141,87,2
8142,87,2
8143,87,2
8144,87,2
8145,87,2
8146,87,2
8147,87,2
8148,87,2
8149,87,2
8150,87,2
8151,87,2
8152,87,2
8153,87,2
8154,87,2
8155,87,2
8156,87,2
8157,87,2
8158,87,2
8159,87,2
8160,87,2
8161,87,2
8162,87,2
8163,87,2
8164,87,2
8165,87,2
8166,87,2
8167,87,2
8168,87,2
8169,87,2
8170,87,2
8171,87,2
8172,87,2
8173,87,2
8174,88,1
8175,88,2
8176,88,2
8177,88,2
8178,88,2
8179,88,2
8180,88,2
8181,88,2
8182,88,2
8183,88,2
8184,88,2
8185,88,2
8186,88,2
8187,88,2
8188,88,2
8189,88,2
8190,88,2
8191,88,2
8192,88,2
8193,88,2
8194,88,2
8195,89,1
8196,89,2
8197,89,2
8198,89,2
8199,89,2
8200,89,2
8201,89,2
8202,89,2
8203,89,2
8204,89,2
8205,89,2
8206,89,2
8207,89,2
8208,89,2
8209,89,2
8210,89,2
8211,89,2
8212,89,2
8213,89,2
8214,89,2
8215,89,2
8216,89,2
8217,89,2
8218,89,2
8219,89,2
8220,89,2
8221,89,2
8222,89,2
8223,89,2
8224,89,2
8225,89,2
8226,89,2
8227,89,2
8228,89,2
8229,89,2
8230,89,2
8231,89,2
8232,89,2
8233,89,2
8234,89,2
8235,89,2
8236,89,2
8237,89,2
8238,89,2
8239,89,2
8240,89,2
8241,89,2
8242,89,2
8243,89,2
8244,89,2
8245,89,2
8246,89,2
8247,89,2
8248,90,1
8249,90,2
8250,90,2
8251,90,2
8252,90,2
8253,90,2
8254,90,2
8255,90,2
8256,90,2
8257,90,2
8258,90,2
8259,90,2
8260,90,2
8261,90,2
8262,90,2
8263,90,2
8264,90,2
8265,90,2
8266,90,2
8267,90,2
8268,90,2
8269,90,2
8270,90,2
8271,90,2
8272,90,2
8273,90,2
8274,90,2
8275,90,2
8276,90,2
8277,90,2
8278,90,2
8279,90,2
8280,90,2
8281,90,2
8282,90,2
8283,90,2
8284,90,2
8285,90,2
8286,90,2
8287,90,2
8288,90,2
8289,90,2
8290,90,2
8291,90,2
8292,90,2
8293,90,2
8294,90,2
8295,90,2
8296,90,2
8297,90,2
8298,90,2
8299,90,2
8300,90,2
8301,90,2
8302,90,2
8303,90,2
8304,90,2
8305,90,2
8306,90,2
8307,90,2
8308,90,2
8309,90,2
8310,90,2
8311,90,2
8312,90,2
8313,90,2
8314,90,2
8315,90,2
8316,90,2
8317,90,2
8318,90,2
8319,90,2
8320,90,2
8321,90,2
8322,90,2
8323,90,2
8324,90,2
8325,90,2
8326,90,2
8327,90,2
8328,90,2
8329,90,2
8330,90,2
8331,90,2
8332,90,2
8333,90,2
8334,90,2
8335,90,2
8336,90,2
8337,90,2
8338,90,2
8339,90,2
8340,90,2
8341,90,2
8342,90,2
8343,90,2
8344,90,2
8345,90,2
8346,90,2
8347,90,2
8348,90,2
8349,90,2
8350,90,2
8351,90,2
8352,90,2
8353,90,2
8354,90,2
8355,90,2
8356,90,2
8357,90,2
8358,90,2
8359,90,2
8360,90,2
8361,90,2
8362,90,2
8363,90,2
8364,90,2
8365,90,2
8366,90,2
8367,90,2
8368,90,2
8369,90,2
8370,90,2
8371,90,2
8372,90,2
8373,90,2
8374,90,2
8375,90,2
8376,90,2
8377,90,2
8378,90,2
8379,90,2
8380,90,2
8381,90,2
8382,90,2
8383,90,2
8384,90,2
8385,90,2
8386,90,2
8387,90,2
8388,90,2
8389,90,2
8390,90,2
8391,90,2
8392,90,2
8393,90,2
8394,90,2
8395,90,2
8396,90,2
8397,90,2
8398,90,2
8399,90,2
8400,90,2
8401,90,2
8402,90,2
8403,90,2
8404,90,2
8405,90,2
8406,90,2
8407,90,2
8408,90,2
8409,90,2
8410,90,2
8411,90,2
8412,90,2
8413,90,2
8414,90,2
8415,90,2
8416,90,2
8417,90,2
8418,90,2
8419,90,2
8420,90,2
8421,90,2
8422,90,2
8423,90,2
8424,90,2
8425,90,2
8426,90,2
8427,90,2
8428,90,2
8429,90,2
8430,90,2
8431,90,2
8432,90,2
8433,90,2
8434,90,2
8435,90,2
8436,90,2
8437,90,2
8438,90,2
8439,90,2
8440,90,2
8441,90,2
8442,90,2
8443,90,2
8444,90,2
8445,90,2
8446,90,2
8447,90,2
8448,90,2
8449,90,2
8450,90,2
8451,90,2
8452,90,2
8453,90,2
8454,90,2
8455,90,2
8456,90,2
8457,90,2
8458,90,2
8459,90,2
8460,90,2
8461,90,2
8462,90,2
8463,90,2
8464,90,2
8465,90,2
8466,90,2
8467,90,2
8468,90,2
8469,90,2
8470,90,2
8471,90,2
8472,90,2
8473,90,2
8474,90,2
8475,90,2
8476,90,2
8477,90,2
8478,90,2
8479,90,2
8480,90,2
8481,90,2
8482,90,2
8483,90,2
8484,90,2
8485,90,2
8486,90,2
8487,90,2
8488,90,2
8489,90,2
8490,90,2
8491,91,1
8492,91,2
8493,91,2
8494,91,2
8495,91,2
8496,91,2
8497,91,2
8498,91,2
8499,91,2
8500,91,2
8501,91,2
8502,91,2
8503,91,2
8504,91,2
8505,91,2
8506,91,2
8507,91,2
8508,91,2
8509,91,2
8510,91,2
8511,91,2
8512,91,2
8513,91,2
8514,91,2
8515,91,2
8516,91,2
8517,91,2
8518,91,2
8519,91,2
8520,91,2
8521,91,2
8522,91,2
8523,91,2
8524,91,2
8525,91,2
8526,91,2
8527,91,2
8528,91,2
8529,91,2
8530,91,2
8531,91,2
8532,91,2
8533,91,2
8534,91,2
8535,91,2
8536,91,2
8537,91,2
8538,91,2
8539,91,2
8540,91,2
8541,91,2
8542,91,2
8543,91,2
8544,91,2
8545,91,2
8546,91,2
8547,91,2
8548,91,2
8549,91,2
8550,91,2
8551,91,2
8552,91,2
8553,91,2
8554,91,2
8555,91,2
8556,91,2
8557,91,2
8558,91,2
8559,91,2
8560,91,2
8561,91,2
8562,91,2
8563,91,2
8564,91,2
8565,91,2
8566,92,1
8567,92,2
8568,92,2
8569,92,2
8570,92,2
8571,92,2
8572,92,2
8573,92,2
8574,92,2
8575,92,2
8576,92,2
8577,92,2
8578,92,2
8579,92,2
8580,92,2
8581,92,2
8582,92,2
8583,92,2
8584,92,2
8585,92,2
8586,92,2
8587,92,2
8588,92,2
8589,92,2
8590,92,2
8591,93,1
8592,93,2
8593,93,2
8594,93,2
8595,93,2
8596,93,2
8597,93,2
8598,93,2
8599,93,2
8600,93,2
8601,93,2
8602,93,2
8603,93,2
8604,93,2
8605,93,2
8606,93,2
8607,93,2
8608,93,2
8609,93,2
8610,93,2
8611,93,2
8612,93,2
8613,93,2
8614,93,2
8615,93,2
8616,93,2
8617,93,2
8618,94,1
8619,94,2
8620,94,2
8621,94,2
8622,94,2
8623,94,2
8624,94,2
8625,94,2
8626,94,2
8627,94,2
8628,94,2
8629,94,2
8630,94,2
8631,94,2
8632,94,2
8633,94,2
8634,94,2
8635,94,2
8636,94,2
8637,94,2
8638,94,2
8639,94,2
8640,94,2
8641,94,2
8642,94,2
8643,94,2
8644,94,2
8645,94,2
8646,94,2
8647,94,2
8648,94,2
8649,94,2
8650,94,2
8651,94,2
8652,94,2
8653,94,2
8654,94,2
8655,94,2
8656,94,2
8657,94,2
8658,94,2
8659,94,2
8660,94,2
8661,94,2
8662,94,2
8663,94,2
8664,94,2
8665,94,2
8666,94,2
8667,94,2
8668,94,2
8669,94,2
8670,94,2
8671,94,2
8672,94,2
8673,94,2
8674,95,1
8675,95,2
8676,95,2
8677,95,2
8678,95,2
8679,95,2
8680,95,2
8681,95,2
8682,95,2
8683,95,2
8684,95,2
8685,95,2
8686,95,2
8687,95,2
8688,95,2
8689,95,2
8690,95,2
8691,95,2
8692,95,2
8693,95,2
8694,95,2
8695,95,2
8696,95,2
8697,95,2
8698,95,2
8699,95,2
8700,95,2
8701,95,2
8702,95,2
8703,95,2
8704,95,2
8705,95,2
8706,95,2
8707,95,2
8708,95,2
8709,95,2
8710,95,2
8711,95,2
8712,95,2
8713,95,2
8714,95,2
8715,95,2
8716,95,2
8717,95,2
8718,95,2
8719,95,2
8720,95,2
8721,95,2
8722,95,2
8723,95,2
8724,95,2
8725,95,2
8726,95,2
8727,95,2
8728,95,2
8729,95,2
8730,95,2
8731,95,2
8732,95,2
8733,95,2
8734,96,1
8735,96,2
8736,96,2
8737,96,2
8738,96,2
8739,96,2
8740,96,2
8741,96,2
8742,96,2
8743,96,2
8744,96,2
8745,96,2
8746,96,2
8747,96,2
8748,96,2
8749,96,2
8750,96,2
8751,96,2
8752,96,2
8753,96,2
8754,96,2
8755,96,2
8756,96,2
8757,96,2
8758,96,2
8759,96,2
8760,96,2
8761,96,2
8762,96,2
8763,96,2
8764,96,2
8765,96,2
8766,96,2
8767,96,2
8768,96,2
8769,96,2
8770,96,2
8771,96,2
8772,96,2
8773,96,2
8774,96,2
8775,96,2
8776,96,2
8777,96,2
8778,96,2
8779,96,2
8780,96,2
8781,96,2
8782,96,2
8783,96,2
8784,96,2
8785,96,2
8786,96,2
8787,96,2
8788,96,2
8789,96,2
8790,96,2
8791,96,2
8792,96,2
8793,96,2
8794,96,2
8795,96,2
8796,96,2
8797,96,2
8798,96,2
8799,96,2
8800,96,2
8801,96,2
8802,96,2
8803,96,2
8804,96,2
8805,96,2
8806,96,2
8807,96,2
8808,96,2
8809,96,2
8810,96,2
8811,96,2
8812,96,2
8813,96,2
8814,96,2
8815,97,1
8816,97,2
8817,97,2
8818,97,2
8819,97,2
8820,97,2
8821,97,2
8822,97,2
8823,97,2
