id,name,parent_id,created_at,updated_at,children_count,cover,logo,product_template_id,state,status_text,position,suppliers_count,post_tag,products_count,slug,certifiers_count,labels_count,cover_original_content_type,cover_original_filename,cover_original_filesize,logo_original_content_type,logo_original_filename,logo_original_filesize,cover_title,cover_alt,cover_description,logo_title,logo_alt,logo_description
cf215a3f-ccd3-483a-8a53-bb11f4ef7045,Jumpsuits,c2ae8df7-9a79-4d65-91d2-1467aa4bef38,2020-12-03 23:35:51.646692,2020-12-03 23:36:05.956401,0,,,e2f02684-7a2d-46b0-85ac-467231db9534,enabled, ,17,4,,37,fashion-and-apparel-jumpsuits,0,0,,,0,,,0,,,,,,
2f1e6175-6f05-4a52-a26c-91b5a9666131,Essential Oils and Aromatherapy,1d47f63b-8e49-4309-96e4-e8c6dccd7219,2020-11-06 16:20:38.930064,2020-11-13 15:06:04.594999,0,,,5f7c499d-bab4-4783-95e7-11d8a564ef86,enabled, ,10,20,,172,cosmetics-and-beauty-essential-oils-and-aromatherapy,0,0,,,0,,,0,,,,,,
e0c9a942-df4f-4ad7-be7d-f7ee1a0197ec,Biobased polyamide,08b682e0-7b45-4683-9451-45abf17e1ceb,2020-08-14 10:35:44.143367,2020-08-21 19:29:00.87895,0,,,86c8d37b-3ded-4a14-88b2-80bd3bff8cc7,enabled, ,4,1,,10,textiles-yarns-and-fibers-biobased-polyamide,0,0,,,0,,,0,,,,,,
0fae2de1-6537-4d36-9cdb-30edf1e37990,old Beverage,580b9d55-ffc1-46d3-86f4-da1ba3a29a23,2020-02-10 16:50:24.464167,2020-11-16 16:54:23.429874,5,,,5f7c499d-bab4-4783-95e7-11d8a564ef86,disabled,  ,7,4,,147,food-beverage-beverage,0,0,,,0,,,0,,,,,,
941472ba-9c45-4309-ae21-e9c087b43218,"Snacks, Chips and Crackers",ffcce1f2-8e2d-4b25-b3b6-0ba1d0764268,2020-07-28 21:41:22.901181,2020-11-13 11:01:03.462044,0,,,,enabled, ,5,205,,976,food-and-beverage-snacks-chips-and-crackers,0,0,,,0,,,0,,,,,,
9ae0e4d3-bc14-46ee-a73e-68638585205e,Eggs,654966a8-5f04-41e3-8b96-3202c41af087,2020-07-28 22:10:26.174478,2020-07-28 22:10:26.174478,0,,,,new, ,1,0,,0,,1,0,,,0,,,0,,,,,,
4036aa00-4fb9-4d8f-b6e5-f2738900dcc2,Green tea,f858a527-f460-4927-ba49-120654c3747d,2020-08-25 13:15:22.749607,2020-08-25 13:15:53.157888,0,,,5f7c499d-bab4-4783-95e7-11d8a564ef86,enabled,Coming soon,2,70,,126,food-and-beverage-green-tea,0,0,,,0,,,0,,,,,,
15ebb1b7-0bb3-4c25-8947-1e24955ae69a,Grain products and nuts,580b9d55-ffc1-46d3-86f4-da1ba3a29a23,2020-07-28 14:11:00.578933,2020-12-03 09:49:11.733094,0,,,1de0b3c9-e935-4d1f-9070-6679c631a15b,enabled, ,9,100,,242,food-and-beverage-grain-products-and-nuts,0,0,,,0,,,0,,,,,,
c07be53d-1254-4708-9b71-0072f6d1bc4d,Skin care,1d47f63b-8e49-4309-96e4-e8c6dccd7219,2020-08-31 14:52:08.611164,2020-09-28 11:19:19.47097,0,,,5f7c499d-bab4-4783-95e7-11d8a564ef86,enabled, ,6,267,,76,cosmetics-and-beauty-skin-care,0,0,,,0,,,0,,,,,,
46adabde-abf9-4073-87b7-868139092cc5,Black tea,a7e4c6ba-77e6-4085-8e8f-73c3f655b389,2020-07-28 22:20:49.805144,2020-07-28 22:20:49.805144,0,,,,new, ,1,1,,1,,0,0,,,0,,,0,,,,,,
d36696b7-cd59-4f4e-8f7e-d575f1caed07,Manmade Cellulosic Fibers,6318cca7-fb21-4137-a5cd-670f853a94d7,2020-02-13 10:21:51.074301,2020-08-21 19:26:35.194019,1,,,86c8d37b-3ded-4a14-88b2-80bd3bff8cc7,enabled,  ,3,1,,4,textiles-yarns-and-fibers-manmade-celluloscis,0,0,,,0,,,0,,,,,,
6734b30b-6046-41ec-b7ed-90092b8e0d92,Feminine hygiene,45a08e74-6c6d-4913-8b15-7bd121acb287,2020-11-06 15:58:36.041403,2020-11-06 15:58:56.825772,0,,,5f7c499d-bab4-4783-95e7-11d8a564ef86,enabled, ,3,9,,48,cosmetics-and-beauty-feminine-hygiene,0,0,,,0,,,0,,,,,,
ab1dd4d8-a4c3-47ed-a265-af8a90e72b0a,Windows,0c07538d-c0ff-4b0c-b800-0be39cb21326,2020-09-11 14:25:24.357684,2020-09-11 14:25:24.357684,0,,,,new, ,3,4,,0,,0,0,,,0,,,0,,,,,,
96e3462b-33e6-4c13-81cf-38d30d63c74d,Leather alternatives,d83ab3cb-edb3-41e0-96d1-a65fb94c9153,2020-08-14 10:31:21.646718,2020-08-21 18:40:40.605348,0,,,86c8d37b-3ded-4a14-88b2-80bd3bff8cc7,enabled, ,14,0,,0,textiles-yarns-and-fibers-leather-alternatives,0,0,,,0,,,0,,,,,,
8c528130-332f-4298-a048-b82593a67e90,Leather,d83ab3cb-edb3-41e0-96d1-a65fb94c9153,2020-02-13 10:21:03.562959,2020-08-14 10:27:38.29804,0,,,5f7c499d-bab4-4783-95e7-11d8a564ef86,disabled,  ,3,1,,0,textiles-yarns-and-fibers-leather,0,2,,,0,,,0,,,,,,
13909336-8180-4ec5-a843-258d839c44d6,Recycled cotton,c9244271-c396-48b6-bc8d-f71b70e0beeb,2020-08-14 09:21:46.33058,2020-08-14 10:13:11.735447,0,,,5f7c499d-bab4-4783-95e7-11d8a564ef86,disabled, ,4,22,,0,textiles-yarns-and-fibers-recycled-cotton,0,0,,,0,,,0,,,,,,
3d5e9f43-ca8b-4c1e-9a42-4cab33414ce6,Milk,654966a8-5f04-41e3-8b96-3202c41af087,2020-07-28 22:12:19.353982,2020-07-28 22:12:19.353982,0,,,,new, ,7,0,,0,,1,0,,,0,,,0,,,,,,
f75482ec-b929-4ff1-9c65-95dfc5978cb2,Makeup removers,ee603131-55e8-4cf3-8eb5-3b42f50ccc2b,2020-11-06 16:04:51.301666,2020-11-06 16:04:51.301666,0,,,5f7c499d-bab4-4783-95e7-11d8a564ef86,new, ,7,1,,1,,0,0,,,0,,,0,,,,,,
f0a29c93-a32b-41d9-bd65-26b9a85f81b2,Dairy,bcb6d019-5b67-482c-ac43-90ca2038f500,2020-02-13 10:12:11.053924,2020-08-05 16:46:49.631489,0,,,5f7c499d-bab4-4783-95e7-11d8a564ef86,enabled,  ,1,3,,174,food-and-beverage-dairy,0,0,,,0,,,0,,,,,,
e5b55506-41aa-4d70-870c-52e370ed6181,Cork Flooring,5fba7ad8-fd3c-4d7b-8ea3-3de5a3c4890d,2020-09-11 14:20:44.020794,2020-09-11 14:21:55.416702,0,,,,new, ,3,2,,0,,0,0,,,0,,,0,,,,,,
9cf0b72d-d588-4e14-9fb4-48e7e80e0502,Knitwear,c2ae8df7-9a79-4d65-91d2-1467aa4bef38,2020-10-28 09:15:14.883802,2020-10-28 13:30:18.781689,0,,,5f7c499d-bab4-4783-95e7-11d8a564ef86,enabled, ,15,3,,84,fashion-and-apparel-knitwear,0,0,,,0,,,0,,,,,,
b5acf058-99db-42ad-9af9-01481376c1f7,Doors,0c07538d-c0ff-4b0c-b800-0be39cb21326,2020-09-11 14:25:31.764822,2020-09-11 14:25:31.764822,0,,,,new, ,4,4,,0,,0,0,,,0,,,0,,,,,,
599de445-e713-4420-82b8-31c585522dea,Other Plant Based Fibers,6318cca7-fb21-4137-a5cd-670f853a94d7,2020-02-13 10:20:00.723381,2020-09-01 13:48:29.289458,0,,,86c8d37b-3ded-4a14-88b2-80bd3bff8cc7,enabled,  ,7,5,,116,textiles-yarns-and-fibers-other-plant-based,0,1,,,0,,,0,,,,,,
e3e578cb-0105-438d-9649-6f6dcccb0a40,old Palm Oil,580b9d55-ffc1-46d3-86f4-da1ba3a29a23,2019-09-12 17:23:06.320219,2020-07-28 13:26:57.325828,0,,,,new,Coming soon,5,0,,0,,0,0,,,0,,,0,,,,,,
42e7a6fe-1472-4293-810f-bb62de126532,Yogurt,654966a8-5f04-41e3-8b96-3202c41af087,2020-07-28 22:12:07.74942,2020-07-28 22:12:07.74942,0,,,,new, ,6,0,,0,,0,0,,,0,,,0,,,,,,
c7f59982-e4df-400e-86fe-bd8aa02bff5e,Other manmade fibers,6318cca7-fb21-4137-a5cd-670f853a94d7,2020-08-14 10:38:41.995269,2020-08-21 19:30:32.459119,0,,,86c8d37b-3ded-4a14-88b2-80bd3bff8cc7,enabled,1,5,0,,0,textiles-yarns-and-fibers-other-manmade-fibers,0,0,,,0,,,0,,,,,,
c825e44c-9afb-49f5-83d5-26064525eb61,Cabbage,6b5b7082-3d04-47dc-8151-dbd6a09a0b41,2020-08-17 09:52:06.698516,2020-08-20 15:26:50.852021,0,,,5f7c499d-bab4-4783-95e7-11d8a564ef86,disabled, ,16,0,,0,food-and-beverage-cabbage,0,0,,,0,,,0,,,,,,
aad2cfa7-3b6e-49ff-9bbe-182614b3b249,old Teadiseabled,580b9d55-ffc1-46d3-86f4-da1ba3a29a23,2019-09-12 17:23:06.250093,2020-07-28 13:27:09.184252,0,,,,new,Coming soon,6,0,,0,,0,0,,,0,,,0,,,,,,
326ef137-efd8-4a9a-aecd-9d263c0cb0e7,Heels,3ca090e9-f24e-4bfb-b702-5745bd5bd1e4,2020-10-28 09:43:12.127266,2020-10-28 09:43:12.127266,0,,,5f7c499d-bab4-4783-95e7-11d8a564ef86,new, ,4,0,,0,,0,0,,,0,,,0,,,,,,
db05b572-5c0d-4949-9d1f-6d99ab530896,Cocoa and Chocolate,580b9d55-ffc1-46d3-86f4-da1ba3a29a23,2020-07-28 20:24:30.934659,2020-08-07 10:54:44.395574,0,,,5f7c499d-bab4-4783-95e7-11d8a564ef86,enabled, ,18,664,,35,food-and-beverage-cocoa-and-chocolate,0,2,,,0,,,0,,,,,,
2f476618-35f0-4640-8719-63840b19b906,Tunics,c2ae8df7-9a79-4d65-91d2-1467aa4bef38,2020-10-28 09:10:32.292373,2020-10-28 13:30:14.081774,0,,,e2f02684-7a2d-46b0-85ac-467231db9534,enabled, ,4,1,,1,fashion-and-apparel-tunics,0,0,,,0,,,0,,,,,,
dbe3871a-9bbd-404d-830f-ffd91a8d4c66,old Cacao,580b9d55-ffc1-46d3-86f4-da1ba3a29a23,2019-09-12 17:23:06.253262,2020-07-28 13:26:35.203324,0,,,,new,Coming soon,3,1,,1,,0,0,,,0,,,0,,,,,,
f83917d3-ceec-4e25-a06d-cef8d6fa957d,Semi-moist,36f76dce-3976-48ce-bb2b-b8b0a7565af4,2020-08-27 13:02:31.542187,2020-08-27 13:02:36.481967,0,,,5f7c499d-bab4-4783-95e7-11d8a564ef86,enabled,Coming soon,3,0,,0,livestock-and-petcare-semi-moist,0,0,,,0,,,0,,,,,,
87e5659a-7cfe-4bad-bb69-088ae23b875c,Second,8d051f54-cbc8-4923-af2c-dfb9bf9886b2,2020-07-21 09:29:44.803204,2020-07-21 09:32:39.79876,0,,,,new,Coming Soon,1,0,,0,,0,0,,,0,,,0,,,,,,
d215fba0-ecf0-4e35-bd8f-14bc25ff33fb,Citrus,6b5b7082-3d04-47dc-8151-dbd6a09a0b41,2020-08-17 09:57:10.404693,2020-08-20 15:27:15.723954,0,,,5f7c499d-bab4-4783-95e7-11d8a564ef86,disabled, ,26,0,,0,food-and-beverage-citrus,0,0,,,0,,,0,,,,,,
181b854c-e411-4d9a-a94f-8935b6727501,Test level 1 of level 0,d4651618-df33-4784-838b-7496430808fb,2020-07-24 12:04:41.075609,2020-07-24 12:05:44.281095,0,,,,new,ok,1,0,,0,,0,0,,,0,,,0,,,,,,
5007336f-5fd6-43e3-a1b8-401487e72bc2,Refrigerated raw food,36f76dce-3976-48ce-bb2b-b8b0a7565af4,2020-08-27 13:03:48.552369,2020-08-27 13:03:52.285367,0,,,5f7c499d-bab4-4783-95e7-11d8a564ef86,enabled,Coming soon,5,0,,0,livestock-and-petcare-refrigerated-raw-food,0,0,,,0,,,0,,,,,,
bf992ef9-dabd-43a9-a3a6-7eda143600c3,Test category level 3 of level 2 of level 1 of level 0,a370517b-591d-40c7-bf5b-2f347adae5ef,2020-07-24 12:11:30.695083,2020-07-24 12:11:30.695083,0,,,,new,ss,1,0,,0,,0,0,,,0,,,0,,,,,,
a370517b-591d-40c7-bf5b-2f347adae5ef,Test category level 2 of level 1,e0138a6e-0f13-4080-8d63-dfadff804e3f,2020-07-24 12:11:03.141997,2020-07-24 12:11:30.709958,0,,,,new,s,1,0,,0,,0,0,,,0,,,0,,,,,,
86f98f0a-da75-44be-b91e-940443c08032,Butter,654966a8-5f04-41e3-8b96-3202c41af087,2020-07-28 22:10:33.06616,2020-07-28 22:10:33.06616,0,,,,new, ,2,0,,0,,0,0,,,0,,,0,,,,,,
c9244271-c396-48b6-bc8d-f71b70e0beeb,Virgin Cotton,1a0c6ae9-dcdc-4c2f-bf8d-bb6fd53efd8e,2020-08-14 02:42:06.00489,2020-08-21 18:11:03.840668,0,,,86c8d37b-3ded-4a14-88b2-80bd3bff8cc7,enabled,New Category,1,0,,0,textiles-yarns-and-fibers-cotton,0,0,,,0,,,0,,,,,,
9ec1a3c9-b172-41cd-b59d-93bde470d07a,Diet products,317f52c8-f9dd-4cc7-8c50-06354afeae10,2020-11-06 16:26:37.752348,2020-11-06 16:26:37.752348,0,,,5f7c499d-bab4-4783-95e7-11d8a564ef86,new, ,1,0,,0,,0,0,,,0,,,0,,,,,,
3c9e9985-1dac-4912-abb8-2f5e29bc856b,Supply,92085400-358c-4ea4-a691-5f0fca04bbd7,2020-05-04 11:58:55.141533,2020-05-04 11:59:13.45698,0,,,5f7c499d-bab4-4783-95e7-11d8a564ef86,enabled, ,5,0,,0,flowers-plants-and-seeds-supply,0,0,,,0,,,0,,,,,,
307e4cf8-d661-4ddd-84ac-38d442c86c6f,Black tea,f858a527-f460-4927-ba49-120654c3747d,2020-08-25 13:15:10.582471,2020-08-25 13:15:52.862219,0,,,5f7c499d-bab4-4783-95e7-11d8a564ef86,enabled,Coming soon,1,40,,66,food-and-beverage-black-tea,0,0,,,0,,,0,,,,,,
ec9267b3-9089-4822-a9e6-218034b0f9f0,Recycled wool,d83ab3cb-edb3-41e0-96d1-a65fb94c9153,2020-08-14 10:29:36.634752,2020-08-21 18:28:25.941198,0,,,86c8d37b-3ded-4a14-88b2-80bd3bff8cc7,enabled, ,10,1,,1,textiles-yarns-and-fibers-recycled-wool,0,1,,,0,,,0,,,,,,
416439c4-df53-4d28-9faa-c7ad10ba2826,Cheese,654966a8-5f04-41e3-8b96-3202c41af087,2020-07-28 22:10:40.115212,2020-07-28 22:10:40.115212,0,,,,new, ,3,2,,5,,1,0,,,0,,,0,,,,,,
00dced3d-a183-4583-9a03-a0630a57ee07,Seafood,580b9d55-ffc1-46d3-86f4-da1ba3a29a23,2020-07-28 15:08:40.141337,2020-08-06 17:17:53.257843,0,,,5f7c499d-bab4-4783-95e7-11d8a564ef86,disabled, ,13,2,,30,food-and-beverage-seafood,0,5,,,0,,,0,,,,,,
73ee6777-7c0e-468c-aa1a-987300f06e56,Soups,cd30def1-2053-421f-a13a-77e1b7983a96,2020-11-06 14:49:05.801922,2020-11-10 13:25:47.157553,0,,,5f7c499d-bab4-4783-95e7-11d8a564ef86,enabled, ,13,35,,176,food-and-beverage-soups,0,0,,,0,,,0,,,,,,
352f8325-3081-41ea-84e7-f234a42dfa3e,Millet,15ebb1b7-0bb3-4c25-8947-1e24955ae69a,2020-07-28 21:07:29.442449,2020-07-28 21:07:29.442449,0,,,,new, ,7,5,,5,,0,0,,,0,,,0,,,,,,
49889d1c-7dce-4111-a326-95c819060b5e,old Winedisebled,580b9d55-ffc1-46d3-86f4-da1ba3a29a23,2019-09-12 17:23:06.144932,2020-07-28 13:26:23.668998,0,,,,new,Coming soon,2,0,,0,,0,0,,,0,,,0,,,,,,
185cdd50-e6a7-4259-9ce6-bb7a5f666ad4,Fifth,f34aa827-d0e6-42b9-8c46-b51509e04f11,2020-07-21 09:30:36.121151,2020-07-21 09:30:36.121151,0,,,,new,Coming soon,1,0,,0,,0,0,,,0,,,0,,,,,,
186d21f2-2c9a-4d4a-a467-30e0c6cce979,Instant food,ffcce1f2-8e2d-4b25-b3b6-0ba1d0764268,2020-07-28 21:41:12.272344,2020-11-13 11:01:03.054622,0,,,,enabled, ,4,0,,0,food-and-beverage-instant-food,0,0,,,0,,,0,,,,,,
a1e35af3-15a1-44a3-b69d-94e923381d5b,Bilberry,6b5b7082-3d04-47dc-8151-dbd6a09a0b41,2020-08-17 09:38:04.153634,2020-08-20 15:26:43.806303,0,,,5f7c499d-bab4-4783-95e7-11d8a564ef86,disabled, ,10,0,,0,food-and-beverage-bilberry,0,0,,,0,,,0,,,,,,
0305597f-5004-40d4-b4a3-4bd9488ba093,Oil,ffcce1f2-8e2d-4b25-b3b6-0ba1d0764268,2020-07-28 21:37:18.790436,2020-11-13 11:01:01.96933,0,,,,enabled, ,2,125,,229,food-and-beverage-oil,0,0,,,0,,,0,,,,,,
ee9288d2-e5f5-43db-988d-cf6e8d556897,Carrot,6b5b7082-3d04-47dc-8151-dbd6a09a0b41,2020-08-17 09:53:44.739174,2020-08-20 15:26:53.93452,0,,,5f7c499d-bab4-4783-95e7-11d8a564ef86,disabled, ,19,0,,0,food-and-beverage-carrot,0,0,,,0,,,0,,,,,,
e13b4a80-1ee0-43df-abf9-27de3c218a07,Wool,d83ab3cb-edb3-41e0-96d1-a65fb94c9153,2020-02-13 10:20:37.772479,2020-08-14 10:27:36.666319,0,,,5f7c499d-bab4-4783-95e7-11d8a564ef86,disabled,  ,1,5,,0,textiles-yarns-and-fibers-wool,0,3,,,0,,,0,,,,,,
5cdd8760-d49b-46be-a7df-1ea259f366bc,Pasta,ffcce1f2-8e2d-4b25-b3b6-0ba1d0764268,2020-07-28 21:40:26.984853,2020-11-13 11:01:02.442892,0,,,,enabled, ,3,41,,234,food-and-beverage-pasta,0,0,,,0,,,0,,,,,,
af14b291-e1b9-46f8-8d0f-df556124c632,Bamboo Flooring,5fba7ad8-fd3c-4d7b-8ea3-3de5a3c4890d,2020-09-11 14:20:18.736668,2020-09-11 14:21:35.351787,0,,,,new, ,1,3,,0,,0,0,,,0,,,0,,,,,,
49f08754-d0ff-44cd-a9bf-4ea6bffa8c49,Nightwear,c2ae8df7-9a79-4d65-91d2-1467aa4bef38,2020-12-04 00:00:25.555742,2020-12-04 22:48:45.921052,0,,,e2f02684-7a2d-46b0-85ac-467231db9534,disabled, ,18,0,,0,fashion-and-apparel-nightwear,0,0,,,0,,,0,,,,,,
94760256-cfd9-4437-8c2b-c14f38a6e6c1,Hazelnut,15ebb1b7-0bb3-4c25-8947-1e24955ae69a,2020-07-28 21:09:11.67535,2020-07-28 21:09:11.67535,0,,,,new, ,13,5,,5,,0,0,,,0,,,0,,,,,,
b04fb497-2630-4240-a564-d11ee1dea507,Jam,ffcce1f2-8e2d-4b25-b3b6-0ba1d0764268,2020-07-28 21:42:06.909798,2020-11-13 11:01:05.217286,0,,,,enabled, ,10,16,,76,food-and-beverage-jam,0,0,,,0,,,0,,,,,,
666bec7b-6b3d-4e54-8730-8930028d7631,Carpeting,5fba7ad8-fd3c-4d7b-8ea3-3de5a3c4890d,2020-09-11 14:22:15.158171,2020-09-11 14:22:15.158171,0,,,,new, ,5,0,,0,,0,1,,,0,,,0,,,,,,
7c87e6cc-866a-4d28-b24b-7c9185c7fb6b,Breakfast Foods,ffcce1f2-8e2d-4b25-b3b6-0ba1d0764268,2020-07-28 21:41:55.164352,2020-11-06 14:29:33.694175,0,,,,enabled, ,9,78,,392,food-and-beverage-breakfast-cereals,0,0,,,0,,,0,,,,,,
bed77114-8745-4726-bfe3-97028b1511e2,Fifth1,f34aa827-d0e6-42b9-8c46-b51509e04f11,2020-07-21 09:32:15.646343,2020-07-21 09:32:15.646343,0,,,,new,temp,2,0,,0,,0,0,,,0,,,0,,,,,,
317f52c8-f9dd-4cc7-8c50-06354afeae10,Vitamins and supplements,580b9d55-ffc1-46d3-86f4-da1ba3a29a23,2020-11-06 13:25:57.016513,2020-11-06 16:26:37.761789,0,,,5f7c499d-bab4-4783-95e7-11d8a564ef86,enabled, ,28,296,,4524,food-and-beverage-vitamins-and-supplements,0,1,,,0,,,0,,,,,,
6a73b4a2-5135-47e6-b017-f0b6710db9d1,Wellness,92085400-358c-4ea4-a691-5f0fca04bbd7,2020-05-04 11:57:54.753696,2020-05-04 11:59:09.895984,0,,,5f7c499d-bab4-4783-95e7-11d8a564ef86,enabled, ,2,0,,0,flowers-plants-and-seeds-wellness,0,0,,,0,,,0,,,,,,
206a4f24-d390-498b-918a-f2fc56fe2e67,003,b3d7bf08-80d9-45d9-af50-946db38ab369,2020-07-28 19:34:05.68614,2020-07-28 19:34:05.68614,0,,,a06fd8fb-daff-4d86-beec-41c96a637d34,new,003,2,0,,0,,0,0,,,0,,,0,,,,,,
4cea1f59-64da-4e5d-b15d-fb5f6ea02ebb,Freshwater,7e2e3cd2-943f-4c5f-9a26-902c2290b195,2020-08-27 13:10:02.218959,2020-08-27 13:10:08.900591,0,,,5f7c499d-bab4-4783-95e7-11d8a564ef86,enabled,Coming soon,1,0,,0,livestock-and-petcare-freshwater,0,0,,,0,,,0,,,,,,
747e6ced-cc9c-4f2e-ab45-133778e196c6,Old Fish & Seafood,580b9d55-ffc1-46d3-86f4-da1ba3a29a23,2019-09-12 17:23:06.136108,2020-07-28 13:26:06.769033,0,,,,disabled,Coming soon,1,1,,0,food-and-beverages-seafood,0,0,,,0,,,0,,,,,,
803a385e-995d-4ac8-a144-cbf4304bbb42,Third,87e5659a-7cfe-4bad-bb69-088ae23b875c,2020-07-21 09:29:59.685919,2020-07-21 09:32:15.69468,0,,,,new,Coming soon,1,0,,0,,0,0,,,0,,,0,,,,,,
368c164b-599b-4d61-8f92-54bb979b4633,Test level 2 of level 1 of level 0,181b854c-e411-4d9a-a94f-8935b6727501,2020-07-24 12:05:44.264313,2020-07-24 12:05:44.264313,0,,,,new,ok,1,0,,0,,0,0,,,0,,,0,,,,,,
44895022-9e40-4b45-b809-d0789518f4c6,Underlayment,5fba7ad8-fd3c-4d7b-8ea3-3de5a3c4890d,2020-09-11 14:22:23.338506,2020-09-11 14:22:23.338506,0,,,,new, ,6,0,,0,,0,0,,,0,,,0,,,,,,
16a40af8-d1a8-446e-af35-259add02ea7e,Oat,15ebb1b7-0bb3-4c25-8947-1e24955ae69a,2020-07-28 21:06:27.806834,2020-07-28 21:06:27.806834,0,,,5f7c499d-bab4-4783-95e7-11d8a564ef86,new, ,3,0,,0,,0,0,,,0,,,0,,,,,,
c1beaee5-f942-4a5e-aca7-a5c52035eaf8,Bulgur,15ebb1b7-0bb3-4c25-8947-1e24955ae69a,2020-07-28 21:07:40.596386,2020-07-28 21:07:40.596386,0,,,,new, ,8,0,,0,,0,0,,,0,,,0,,,,,,
6ef4341e-8d10-4d86-881a-f45b9e6bb028,Clementine,6b5b7082-3d04-47dc-8151-dbd6a09a0b41,2020-08-17 09:57:37.222844,2020-08-20 15:27:16.685214,0,,,5f7c499d-bab4-4783-95e7-11d8a564ef86,disabled, ,27,0,,0,food-and-beverage-clementine,0,0,,,0,,,0,,,,,,
c767f47a-c933-4de8-99bf-94e9f82bf94f,Grapes,6b5b7082-3d04-47dc-8151-dbd6a09a0b41,2020-08-17 20:46:56.192522,2020-08-20 15:27:28.50126,0,,,5f7c499d-bab4-4783-95e7-11d8a564ef86,disabled, ,34,0,,0,food-and-beverage-grapes,0,0,,,0,,,0,,,,,,
c3d90581-8419-4ee0-928f-e668c886a653,Lychee,6b5b7082-3d04-47dc-8151-dbd6a09a0b41,2020-08-17 20:53:44.498537,2020-08-20 15:27:41.752031,0,,,5f7c499d-bab4-4783-95e7-11d8a564ef86,disabled, ,46,0,,0,food-and-beverage-lychee,0,0,,,0,,,0,,,,,,
3f4c517b-6747-4e5e-8ac9-97b22476740c,Melon,6b5b7082-3d04-47dc-8151-dbd6a09a0b41,2020-08-17 20:55:38.385959,2020-08-20 15:27:55.215094,0,,,5f7c499d-bab4-4783-95e7-11d8a564ef86,disabled, ,51,0,,0,food-and-beverage-melon,0,0,,,0,,,0,,,,,,
7a6732ac-9e68-4f2d-b440-924c40d6a300,Walnut,15ebb1b7-0bb3-4c25-8947-1e24955ae69a,2020-07-28 21:08:58.162811,2020-07-28 21:08:58.162811,0,,,,new, ,12,2,,0,,0,0,,,0,,,0,,,,,,
e0916bde-fb2a-4601-933f-07dbb742d685,Spirits,cd30def1-2053-421f-a13a-77e1b7983a96,2020-07-28 21:31:27.085816,2020-11-10 13:25:48.881046,0,,,,enabled, ,9,0,,0,food-and-beverage-spirits,0,0,,,0,,,0,,,,,,
0bbda257-d62c-40e1-8d72-138039ce75d8,Beer,cd30def1-2053-421f-a13a-77e1b7983a96,2020-07-28 21:31:35.343383,2020-11-10 13:25:48.548607,0,,,,enabled, ,10,0,,0,food-and-beverage-beer,0,0,,,0,,,0,,,,,,
a6c0693f-c61e-4e96-8a92-a13a3581f31b,Vegetable and mushroom canned,9e6cd70a-3baa-4c5c-a27e-5c9c2dd6043c,2020-07-28 21:44:56.063568,2020-07-28 21:44:56.063568,0,,,,new, ,2,21,,84,,0,0,,,0,,,0,,,,,,
4e2a4471-c038-467e-8613-677d6869a1e8,Livestock,6ada5013-a2c9-4a47-bff1-88b98299e6ef,2020-08-27 12:49:35.208942,2020-08-27 12:49:59.438286,0,,,5f7c499d-bab4-4783-95e7-11d8a564ef86,enabled,Coming soon,3,0,,0,livestock-and-petcare-livestock,0,1,,,0,,,0,,,,,,
8ff4f087-f70a-4e39-93c3-df3dc4028683,Mushroom,580b9d55-ffc1-46d3-86f4-da1ba3a29a23,2020-07-28 14:22:50.53481,2020-08-06 17:17:53.257843,0,,,5f7c499d-bab4-4783-95e7-11d8a564ef86,new, ,10,0,,0,,0,0,,,0,,,0,,,,,,
f34aa827-d0e6-42b9-8c46-b51509e04f11,Fourth,803a385e-995d-4ac8-a144-cbf4304bbb42,2020-07-21 09:30:20.926003,2020-07-21 09:32:15.660521,0,,,,new,Comingsoon,1,0,,0,,0,0,,,0,,,0,,,,,,
b188917b-cefe-4ae3-81db-56e3f88d265b,Acai,87e5659a-7cfe-4bad-bb69-088ae23b875c,2020-07-21 09:32:39.784289,2020-07-21 09:32:39.784289,0,,,5f7c499d-bab4-4783-95e7-11d8a564ef86,new, ,2,0,,0,,0,0,,,0,,,0,,,,,,
e0138a6e-0f13-4080-8d63-dfadff804e3f,Test category level  1 of the the level 0,3b57aa7f-6704-4874-bbbf-2f2fbf32a333,2020-07-24 12:10:15.418643,2020-07-24 12:11:30.745064,0,,,,new,k,1,0,,0,,0,0,,,0,,,0,,,,,,
5c8f0488-3f0c-4e93-826d-7f464b4a9b89,Cream,654966a8-5f04-41e3-8b96-3202c41af087,2020-07-28 22:10:48.49579,2020-07-28 22:10:48.49579,0,,,,new, ,4,0,,0,,0,0,,,0,,,0,,,,,,
2a5a662c-fb0f-4dc8-a7b3-d58f3bc68ca0,Green Tea,a7e4c6ba-77e6-4085-8e8f-73c3f655b389,2020-07-28 22:20:50.642729,2020-07-28 22:22:28.261276,0,,,,new, ,2,0,,0,,0,0,,,0,,,0,,,,,,
ab0abf19-7654-4a8d-9bdc-9aa9db8c71ca,Rice,15ebb1b7-0bb3-4c25-8947-1e24955ae69a,2020-07-28 21:05:48.774153,2020-07-28 21:05:48.774153,0,,,5f7c499d-bab4-4783-95e7-11d8a564ef86,new, ,1,20,,90,,0,0,,,0,,,0,,,,,,
850b34c4-ea22-4780-a0a0-aad6b8107e35,Powder and condensed milk,654966a8-5f04-41e3-8b96-3202c41af087,2020-07-28 22:12:52.546947,2020-07-28 22:12:52.546947,0,,,,new, ,8,0,,0,,0,0,,,0,,,0,,,,,,
f3da8f4b-c576-4836-9cf6-a3e8ae46249e,Recycled manmade cellulosic fibers,d36696b7-cd59-4f4e-8f7e-d575f1caed07,2020-08-14 10:33:44.945747,2020-08-21 19:26:35.015196,0,,,86c8d37b-3ded-4a14-88b2-80bd3bff8cc7,enabled,  ,6,0,,0,textiles-yarns-and-fibers-recycled-manmade-cellulosic-fibers,0,0,,,0,,,0,,,,,,
8909a455-b224-46a8-8f3a-0e4f33573354,Cake,9e6cd70a-3baa-4c5c-a27e-5c9c2dd6043c,2020-07-28 21:49:16.824827,2020-07-28 21:49:16.824827,0,,,,new, ,8,4,,6,,0,0,,,0,,,0,,,,,,
db064d09-17e6-4717-8c53-0325527a04a4,Infused drinks,cd30def1-2053-421f-a13a-77e1b7983a96,2020-07-28 21:29:34.085495,2020-11-10 13:25:45.826849,0,,,,enabled, ,5,33,,1,food-and-beverage-infused-drinks,0,0,,,0,,,0,,,,,,
b3d7bf08-80d9-45d9-af50-946db38ab369,02,c1541ce1-9662-4620-8a02-769bd0fb256c,2020-07-28 19:33:28.661358,2020-07-28 19:34:31.555064,0,,,a06fd8fb-daff-4d86-beec-41c96a637d34,new,02,1,0,,0,,0,0,,,0,,,0,,,,,,
c1541ce1-9662-4620-8a02-769bd0fb256c,01,38c6803c-c4ef-49bf-aea5-54ec158e2a39,2020-07-28 19:33:11.815274,2020-07-28 19:34:31.578602,0,,,a06fd8fb-daff-4d86-beec-41c96a637d34,new,1,1,0,,0,,0,0,,,0,,,0,,,,,,
a8a03d81-291c-4876-8d71-f3e6bede7c6c,Other grain products,15ebb1b7-0bb3-4c25-8947-1e24955ae69a,2020-07-28 21:08:36.013512,2020-07-28 21:08:36.013512,0,,,,new, ,10,0,,0,,0,0,,,0,,,0,,,,,,
d02535ad-0e87-4748-9d06-68e8873eb184,White chocolate,db05b572-5c0d-4949-9d1f-6d99ab530896,2020-07-28 22:43:37.452383,2020-07-28 22:43:37.452383,0,,,,new, ,7,2,,2,,0,0,,,0,,,0,,,,,,
57843e1f-22e7-4090-9dcb-6f1460a27626,Other nuts,15ebb1b7-0bb3-4c25-8947-1e24955ae69a,2020-07-28 21:11:25.059607,2020-07-28 21:11:25.059607,0,,,,new, ,15,0,,0,,0,0,,,0,,,0,,,,,,
dcc07930-2e4d-4c42-95f7-bc890b0713f3,Recycled fibers from blended textiles,c7f59982-e4df-400e-86fe-bd8aa02bff5e,2020-08-14 10:39:06.819071,2020-08-21 19:30:08.619914,0,,,86c8d37b-3ded-4a14-88b2-80bd3bff8cc7,enabled, ,1,0,,0,textiles-yarns-and-fibers-recycled-fibers-from-blended-textiles,0,1,,,0,,,0,,,,,,
a4165783-327b-4247-b249-6ee850b3ab3c,Cocoa Liquor and Mass,db05b572-5c0d-4949-9d1f-6d99ab530896,2020-07-28 22:40:41.686865,2020-07-28 22:41:02.643171,0,,,,new, ,4,0,,0,,0,0,,,0,,,0,,,,,,
50f43422-4972-498a-9256-83fd591541cf,Confectionery,ffcce1f2-8e2d-4b25-b3b6-0ba1d0764268,2020-07-28 21:41:45.533699,2020-11-13 11:01:04.586329,0,,,,enabled, ,8,41,,159,food-and-beverage-confectionery,0,0,,,0,,,0,,,,,,
a588f836-308b-43a5-9b6d-673e2619a2b7,Seeds,15ebb1b7-0bb3-4c25-8947-1e24955ae69a,2020-07-28 21:11:57.892592,2020-07-28 21:11:57.892592,0,,,,new, ,16,30,,76,,0,1,,,0,,,0,,,,,,
3f07dd5f-da14-47ec-9490-5064f15d43f5,Virgin Cotton,c9244271-c396-48b6-bc8d-f71b70e0beeb,2020-08-14 02:42:45.215275,2020-08-14 10:13:08.531389,0,,,5f7c499d-bab4-4783-95e7-11d8a564ef86,disabled, ,1,0,,0,textiles-yarns-and-fibers-virgin-cotton,0,0,,,0,,,0,,,,,,
d56a418b-7930-49a7-952e-5b0d8a38f0c6,Canned olives,9e6cd70a-3baa-4c5c-a27e-5c9c2dd6043c,2020-07-28 21:47:34.625246,2020-07-28 21:47:34.625246,0,,,,new, ,5,11,,33,,0,0,,,0,,,0,,,,,,
d8f7629e-4b06-47f3-8add-aae8bc8f0d35,Virgin down,d83ab3cb-edb3-41e0-96d1-a65fb94c9153,2020-08-14 10:27:12.947152,2020-08-21 18:22:47.220632,0,,,86c8d37b-3ded-4a14-88b2-80bd3bff8cc7,enabled, ,4,0,,0,textiles-yarns-and-fibers-virgin-down,0,0,,,0,,,0,,,,,,
bc20716d-dd6a-41b6-8354-db10f84fed50,Herbs,116e7c17-3bf8-45f7-9b23-bf403caebe9a,2020-07-28 22:49:27.123948,2020-09-28 15:42:54.229189,0,,,5f7c499d-bab4-4783-95e7-11d8a564ef86,new, ,1,62,,0,,0,0,,,0,,,0,,,,,,
eca51c94-43f6-4988-8138-2a928d603a2d,Cocoa beans,db05b572-5c0d-4949-9d1f-6d99ab530896,2020-07-28 22:37:08.891479,2020-07-28 22:37:08.891479,0,,,,new, ,2,0,,0,,0,0,,,0,,,0,,,,,,
77833d22-70ac-40d0-b2eb-1237d26497c3,Cocoa powder,db05b572-5c0d-4949-9d1f-6d99ab530896,2020-07-28 22:37:02.346169,2020-07-28 22:37:02.346169,0,,,,new, ,1,12,,30,,0,0,,,0,,,0,,,,,,
ab07f96b-981e-445b-a1d0-cdad18a98742,Bread,9e6cd70a-3baa-4c5c-a27e-5c9c2dd6043c,2020-07-28 21:48:52.961843,2020-07-28 21:48:52.961843,0,,,,new, ,7,9,,70,,0,0,,,0,,,0,,,,,,
a2e70b00-80a0-41c7-bb68-3ca0f6f5fa8b,"Non-alcoholic beer, wine and champagne",cd30def1-2053-421f-a13a-77e1b7983a96,2020-07-28 21:30:40.725876,2020-11-10 13:25:50.278279,0,,,,enabled, ,6,0,,0,food-and-beverage-non-alcoholic-beer-wine-and-champagne,0,1,,,0,,,0,,,,,,
f222fb02-3e25-4044-ab5a-c5feeca9a85d,Flour,ffcce1f2-8e2d-4b25-b3b6-0ba1d0764268,2020-07-28 21:37:10.673452,2020-11-13 11:01:01.638723,0,,,,enabled, ,1,31,,151,food-and-beverage-flour,0,0,,,0,,,0,,,,,,
7e5fbcc2-1164-4ba8-92db-1629dea12655,Cauliflower,6b5b7082-3d04-47dc-8151-dbd6a09a0b41,2020-08-17 09:54:07.261765,2020-08-20 15:26:54.649195,0,,,5f7c499d-bab4-4783-95e7-11d8a564ef86,disabled, ,20,0,,0,food-and-beverage-cauliflower,0,0,,,0,,,0,,,,,,
faf31345-5194-489e-a27a-509027dcaee0,Spices,116e7c17-3bf8-45f7-9b23-bf403caebe9a,2020-07-28 22:49:40.654561,2020-09-28 15:42:04.200614,0,,,5f7c499d-bab4-4783-95e7-11d8a564ef86,new, ,2,38,,3,,0,0,,,0,,,0,,,,,,
3a473e44-7449-49b7-b9ad-f0d11cc0cb67,Barley,15ebb1b7-0bb3-4c25-8947-1e24955ae69a,2020-07-28 21:06:40.176221,2020-07-28 21:06:40.176221,0,,,,new, ,4,1,,0,,0,0,,,0,,,0,,,,,,
83769412-88c8-4684-bb4b-f7b67c23565a,Other meat,86143d85-d4f8-495d-8607-c08b762e4bef,2020-07-28 22:07:46.797356,2020-09-28 15:47:34.437778,0,,,5f7c499d-bab4-4783-95e7-11d8a564ef86,enabled, ,8,0,,0,food-and-beverage-other-meat,0,0,,,0,,,0,,,,,,
2985fa36-5e58-463b-a4a9-d0b69344e876,Cherry,6b5b7082-3d04-47dc-8151-dbd6a09a0b41,2020-08-17 09:56:02.32126,2020-08-20 15:27:03.705509,0,,,5f7c499d-bab4-4783-95e7-11d8a564ef86,disabled, ,24,0,,0,food-and-beverage-cherry,0,0,,,0,,,0,,,,,,
6b1db330-2037-4b3d-bd47-09df8f240a52,Milk chocolate,db05b572-5c0d-4949-9d1f-6d99ab530896,2020-07-28 22:41:21.592609,2020-07-28 22:41:21.592609,0,,,,new, ,6,9,,19,,0,0,,,0,,,0,,,,,,
56ba2fd1-7b4a-4e86-8bfb-2f517c813f5c,Quinoa,15ebb1b7-0bb3-4c25-8947-1e24955ae69a,2020-07-28 21:07:56.977131,2020-07-28 21:07:56.977131,0,,,,new, ,9,15,,31,,0,0,,,0,,,0,,,,,,
bdfd993e-20fd-4643-a163-9fbc43d8dc92,Other infusion,f858a527-f460-4927-ba49-120654c3747d,2020-11-06 17:09:44.470667,2020-11-06 17:09:44.470667,0,,,5f7c499d-bab4-4783-95e7-11d8a564ef86,new, ,5,41,,338,,0,0,,,0,,,0,,,,,,
665f4724-b2d8-4550-b9b3-197b0f70d1f5,Wheat,15ebb1b7-0bb3-4c25-8947-1e24955ae69a,2020-07-28 21:06:58.032274,2020-07-28 21:06:58.032274,0,,,,new, ,5,1,,0,,0,0,,,0,,,0,,,,,,
ee6a2512-d8b8-4f5f-929b-14258c6b8d48,Body cream,b1400ef7-9db3-46ac-aa2c-2835e319e563,2020-11-06 15:50:24.448525,2020-11-06 15:50:24.448525,0,,,5f7c499d-bab4-4783-95e7-11d8a564ef86,new, ,8,0,,0,,0,0,,,0,,,0,,,,,,
a7e4c6ba-77e6-4085-8e8f-73c3f655b389,disabled Tea,580b9d55-ffc1-46d3-86f4-da1ba3a29a23,2020-07-28 20:39:32.027401,2020-12-18 14:42:07.752664,0,,,5f7c499d-bab4-4783-95e7-11d8a564ef86,disabled, ,19,72,,0,food-and-beverage-tea,0,0,,,0,,,0,,,,,,
4aebfcda-ac6f-4d48-8bf1-ae7808194c05,Canned fish,9e6cd70a-3baa-4c5c-a27e-5c9c2dd6043c,2020-07-28 21:45:10.146623,2020-07-28 21:45:10.146623,0,,,,new, ,3,0,,0,,0,0,,,0,,,0,,,,,,
70851904-7bc5-473e-908b-f38c8d299493,Ice cream,654966a8-5f04-41e3-8b96-3202c41af087,2020-07-28 22:11:53.603427,2020-07-28 22:11:53.603427,0,,,,new, ,5,0,,0,,0,0,,,0,,,0,,,,,,
d4607197-a645-4f7d-bd4f-71a5475e3352,Energy and coffee drinks,cd30def1-2053-421f-a13a-77e1b7983a96,2020-07-28 21:28:11.665996,2020-11-10 13:25:45.319455,0,,,,enabled, ,4,9,,21,food-and-beverage-energy-and-coffee-drinks,0,1,,,0,,,0,,,,,,
e7b60273-db14-4633-9875-f26ec4243849,Peanut,15ebb1b7-0bb3-4c25-8947-1e24955ae69a,2020-07-28 21:08:47.194161,2020-07-28 21:08:47.194161,0,,,,new, ,11,2,,1,,0,0,,,0,,,0,,,,,,
8c67cc93-2b9f-4637-aabb-42c789775edb,Canned meat,9e6cd70a-3baa-4c5c-a27e-5c9c2dd6043c,2020-07-28 21:45:18.101436,2020-07-28 21:45:18.101436,0,,,,new, ,4,0,,0,,0,0,,,0,,,0,,,,,,
7fd0f1eb-63fb-4a02-92b2-400a33cd0226,Dark chocolate,db05b572-5c0d-4949-9d1f-6d99ab530896,2020-07-28 22:41:14.245359,2020-07-28 22:41:14.245359,0,,,,new, ,5,23,,105,,0,0,,,0,,,0,,,,,,
5fba7ad8-fd3c-4d7b-8ea3-3de5a3c4890d,Sustainable flooring ,eec8e432-6869-41a9-9b87-ebd7f8567ddc,2020-08-23 14:54:57.370191,2020-12-15 15:34:13.97399,0,,,e8d6dd70-b942-46bd-9832-f90a5727b663,disabled,1,1,15,,0,green-building-sustainable-flooring,0,0,,,0,,,0,,,,,,
5fc83e98-186d-4b9d-9aef-220c064e398f,Recycled down,d83ab3cb-edb3-41e0-96d1-a65fb94c9153,2020-08-14 10:27:30.194593,2020-08-21 18:23:33.509395,0,,,86c8d37b-3ded-4a14-88b2-80bd3bff8cc7,enabled, ,5,0,,0,textiles-yarns-and-fibers-recycled-down,0,0,,,0,,,0,,,,,,
988e2554-993b-4b40-b7a3-24641e57d46d,Lemonades and soft drinks,cd30def1-2053-421f-a13a-77e1b7983a96,2020-07-28 21:27:06.902123,2020-11-10 13:25:44.231752,0,,,,enabled, ,3,5,,20,food-and-beverage-lemonades-and-soft-drinks,0,0,,,0,,,0,,,,,,
c6b0db6e-6ef0-4adf-a456-623bb092beb0,03,b3d7bf08-80d9-45d9-af50-946db38ab369,2020-07-28 19:33:47.327406,2020-07-28 19:33:47.327406,0,,,a06fd8fb-daff-4d86-beec-41c96a637d34,new,03,1,0,,0,,0,0,,,0,,,0,,,,,,
e1445edf-f91b-467b-a89f-6482e45dc93c,Condiment and Additives,ffcce1f2-8e2d-4b25-b3b6-0ba1d0764268,2020-07-28 21:41:37.446972,2020-11-13 15:33:51.020977,0,,,,disabled, ,7,0,,0,food-and-beverage-condiment-and-additives,0,0,,,0,,,0,,,,,,
616797eb-c05a-4d0b-906d-1a1b0db473a4,Other drinks,cd30def1-2053-421f-a13a-77e1b7983a96,2020-07-28 21:30:58.253678,2020-11-10 13:25:49.328601,0,,,,enabled, ,8,29,,79,food-and-beverage-other-drinks,0,0,,,0,,,0,,,,,,
1c0df224-c237-438c-9a1e-64a6fdd89815,Buckwheat,15ebb1b7-0bb3-4c25-8947-1e24955ae69a,2020-07-28 21:06:10.334541,2020-07-28 21:06:10.334541,0,,,5f7c499d-bab4-4783-95e7-11d8a564ef86,new, ,2,0,,0,,0,0,,,0,,,0,,,,,,
7a8f1ed8-2cae-49c3-a595-0755ad906c41,Couscous,15ebb1b7-0bb3-4c25-8947-1e24955ae69a,2020-07-28 21:07:14.196002,2020-07-28 21:07:14.196002,0,,,,new, ,6,0,,0,,0,0,,,0,,,0,,,,,,
d83ab3cb-edb3-41e0-96d1-a65fb94c9153,Animal-based Fibers & Materials,6318cca7-fb21-4137-a5cd-670f853a94d7,2020-02-13 10:20:18.08249,2020-08-21 18:40:57.63123,9,,,5f7c499d-bab4-4783-95e7-11d8a564ef86,enabled,  ,2,4,,0,textiles-yarns-and-fibers-animal-fibers,0,0,,,0,,,0,,,,,,
116e7c17-3bf8-45f7-9b23-bf403caebe9a,Herbs and spices,580b9d55-ffc1-46d3-86f4-da1ba3a29a23,2020-07-28 14:38:57.819622,2020-12-03 09:49:30.41024,0,,,1de0b3c9-e935-4d1f-9070-6679c631a15b,enabled, ,11,300,,2076,food-and-beverage-herbs-and-spices,0,0,,,0,,,0,,,,,,
a5da22c1-e875-4df0-a3ba-f906df89a89e,Nectar and juices,cd30def1-2053-421f-a13a-77e1b7983a96,2020-07-28 21:26:35.101191,2020-11-10 13:25:43.773398,0,,,,enabled, ,2,23,,110,food-and-beverage-nectar-and-juices,0,1,,,0,,,0,,,,,,
63afa87d-d97b-4588-8184-60473993f6fb,Almond,15ebb1b7-0bb3-4c25-8947-1e24955ae69a,2020-07-28 21:09:27.727722,2020-07-28 21:09:27.727722,0,,,,new, ,14,16,,34,,0,0,,,0,,,0,,,,,,
a438d1e7-c747-4dd2-a268-ae9863861dfd,Syrup,cd30def1-2053-421f-a13a-77e1b7983a96,2020-07-28 21:30:48.850836,2020-11-10 13:25:49.888958,0,,,,enabled, ,7,1,,1,food-and-beverage-syrup,0,0,,,0,,,0,,,,,,
b9da26c8-a976-4278-9648-b602b5e653bb,Pizza,9e6cd70a-3baa-4c5c-a27e-5c9c2dd6043c,2020-07-28 21:50:02.018729,2020-07-28 22:04:09.381894,0,,,,new, ,10,3,,3,,0,0,,,0,,,0,,,,,,
0a07f765-3d62-431b-8bed-7ad838329e5c,Water,cd30def1-2053-421f-a13a-77e1b7983a96,2020-07-28 21:24:31.795824,2020-11-10 13:25:43.541371,0,,,,enabled, ,1,6,,16,food-and-beverage-water,0,4,,,0,,,0,,,,,,
aa912b23-b2df-4aaf-8865-67dbbd08fd4e,Biscuits,9e6cd70a-3baa-4c5c-a27e-5c9c2dd6043c,2020-07-28 21:48:32.433922,2020-07-28 21:48:32.433922,0,,,,new, ,6,0,,0,,0,0,,,0,,,0,,,,,,
db088da1-9613-436a-abad-ed42cc83f65b,White tea,a7e4c6ba-77e6-4085-8e8f-73c3f655b389,2020-07-28 22:22:07.271202,2020-07-28 22:22:07.271202,0,,,,new, ,3,0,,0,,0,0,,,0,,,0,,,,,,
45a08e74-6c6d-4913-8b15-7bd121acb287,Intimate Hygiene and Accessories,1d47f63b-8e49-4309-96e4-e8c6dccd7219,2020-11-06 15:55:44.844206,2020-11-06 16:23:54.234409,0,,,5f7c499d-bab4-4783-95e7-11d8a564ef86,enabled, ,9,9,,16,cosmetics-and-beauty-intimate-hygiene,0,0,,,0,,,0,,,,,,
d4c74cb6-9a29-42ee-9a72-2a016bdecfa6,Blend of coffee,c54c76fb-4906-4afd-b6f6-c7116192dd17,2020-07-28 22:15:30.224346,2020-11-26 10:50:21.809101,0,,,,disabled, ,3,1,,0,food-and-beverage-blend-of-coffee,0,0,,,0,,,0,,,,,,
50b8e7b0-1f41-467e-ae55-565c87a1384c,Coconut,6b5b7082-3d04-47dc-8151-dbd6a09a0b41,2020-08-17 09:58:17.089845,2020-08-20 15:27:19.421386,0,,,5f7c499d-bab4-4783-95e7-11d8a564ef86,disabled, ,28,0,,0,food-and-beverage-coconut,0,0,,,0,,,0,,,,,,
a88d5a02-b936-4a73-b207-93c94b48b582,Flavored tea,a7e4c6ba-77e6-4085-8e8f-73c3f655b389,2020-07-28 22:22:18.164247,2020-07-28 22:22:18.164247,0,,,,new, ,4,0,,0,,0,0,,,0,,,0,,,,,,
60d99456-3764-4a28-bf09-0220aa83d905,Fish,00dced3d-a183-4583-9a03-a0630a57ee07,2020-07-28 21:58:08.237556,2020-07-28 22:00:46.062652,0,,,,new, ,1,0,,0,,0,0,,,0,,,0,,,,,,
f3e1761f-884b-4da0-b629-fde5313753e7,Cocoa butter,db05b572-5c0d-4949-9d1f-6d99ab530896,2020-07-28 22:37:16.289517,2020-07-28 22:37:16.289517,0,,,,new, ,3,0,,0,,0,0,,,0,,,0,,,,,,
bc7c6d22-7d8d-42b1-8d9c-0294ed0dc3f5,Shellfish,00dced3d-a183-4583-9a03-a0630a57ee07,2020-07-28 22:02:59.972342,2020-07-28 22:02:59.972342,0,,,,new, ,2,0,,0,,0,0,,,0,,,0,,,,,,
a1fd18e8-a059-47e3-9fe3-a6fdffe1fd53,Pastries,9e6cd70a-3baa-4c5c-a27e-5c9c2dd6043c,2020-07-28 21:49:53.90325,2020-07-28 22:04:09.381894,0,,,,new, ,9,0,,0,,0,0,,,0,,,0,,,,,,
1362a97a-039f-4e28-9d37-2b49d401960a,Recycled co2 based fibers,c7f59982-e4df-400e-86fe-bd8aa02bff5e,2020-08-14 10:40:02.594963,2020-08-21 19:30:32.447817,0,,,86c8d37b-3ded-4a14-88b2-80bd3bff8cc7,disabled, ,3,0,,0,textiles-yarns-and-fibers-recycled-co2-based-fibers,0,0,,,0,,,0,,,,,,
7f494331-af4f-4fe6-9b5c-5f10b8e0941b,Canned fruit,9e6cd70a-3baa-4c5c-a27e-5c9c2dd6043c,2020-07-28 21:44:47.753657,2020-07-28 21:44:47.753657,0,,,,new, ,1,0,,0,,0,0,,,0,,,0,,,,,,
8f9ef6d7-ea2c-424d-a443-9bb3a289bb72,Sheep,86143d85-d4f8-495d-8607-c08b762e4bef,2020-07-28 22:07:36.083416,2020-08-24 08:59:30.701706,0,,,,disabled, ,7,0,,0,food-and-beverage-sheep,0,0,,,0,,,0,,,,,,
b40ac7b6-0a07-49b8-b07c-d7b9146f5ade,Robusta coffee,c54c76fb-4906-4afd-b6f6-c7116192dd17,2020-07-28 22:14:47.871456,2020-11-26 10:49:13.124941,0,,,,enabled, ,2,0,,0,food-and-beverage-robusta-coffee,0,0,,,0,,,0,,,,,,
938e99e5-223a-4b10-8982-c0070288d0e4,Indian gooseberry,6b5b7082-3d04-47dc-8151-dbd6a09a0b41,2020-08-17 20:50:28.994247,2020-08-20 15:27:31.5378,0,,,5f7c499d-bab4-4783-95e7-11d8a564ef86,disabled, ,38,0,,0,food-and-beverage-indian-gooseberry,0,0,,,0,,,0,,,,,,
2c93bb6f-b2d9-4186-997d-9e7b0e9fe354,Others alcoholic drinks,cd30def1-2053-421f-a13a-77e1b7983a96,2020-07-28 21:31:49.296935,2020-11-10 13:25:47.858267,0,,,,enabled, ,11,0,,0,food-and-beverage-others-alcoholic-drinks,0,0,,,0,,,0,,,,,,
7e2e3cd2-943f-4c5f-9a26-902c2290b195,Aquaculture,6ada5013-a2c9-4a47-bff1-88b98299e6ef,2020-08-27 12:48:18.852221,2020-08-27 13:13:31.189448,2,,,5f7c499d-bab4-4783-95e7-11d8a564ef86,enabled,Coming soon,2,0,,0,livestock-and-petcare-aquaculture,0,1,,,0,,,0,,,,,,
1d74d59d-884b-4059-afdd-8e5d4b1c69e2,Virgin leather ,d83ab3cb-edb3-41e0-96d1-a65fb94c9153,2020-08-14 10:30:41.292361,2020-08-21 18:40:23.873286,0,,,86c8d37b-3ded-4a14-88b2-80bd3bff8cc7,enabled, ,12,0,,0,textiles-yarns-and-fibers-virgin-leather,0,0,,,0,,,0,,,,,,
0e192779-358b-4dce-8a0a-4c9d6abdf1e4,Broccoli,6b5b7082-3d04-47dc-8151-dbd6a09a0b41,2020-08-17 09:50:50.704304,2020-08-20 15:26:48.649389,0,,,5f7c499d-bab4-4783-95e7-11d8a564ef86,disabled, ,13,0,,0,food-and-beverage-broccoli,0,0,,,0,,,0,,,,,,
c957ceb9-a024-4f98-9e17-08a21fd5a094,Blackberry,6b5b7082-3d04-47dc-8151-dbd6a09a0b41,2020-08-17 09:38:27.721717,2020-08-20 15:26:44.426512,0,,,5f7c499d-bab4-4783-95e7-11d8a564ef86,disabled, ,11,0,,0,food-and-beverage-blackberry,0,0,,,0,,,0,,,,,,
65b9803e-7c0e-47e7-bd46-c75bc2839954,Green bean,6b5b7082-3d04-47dc-8151-dbd6a09a0b41,2020-08-17 20:48:00.337712,2020-08-20 15:27:29.224094,0,,,5f7c499d-bab4-4783-95e7-11d8a564ef86,disabled, ,35,0,,0,food-and-beverage-green-bean,0,0,,,0,,,0,,,,,,
accfcdbd-c066-40fb-89bd-28eddcce414b,Horseradish,6b5b7082-3d04-47dc-8151-dbd6a09a0b41,2020-08-17 20:49:57.592821,2020-08-20 15:27:30.672751,0,,,5f7c499d-bab4-4783-95e7-11d8a564ef86,disabled, ,37,0,,0,food-and-beverage-horseradish,0,0,,,0,,,0,,,,,,
b064baf9-08ab-4812-b853-767dea747d5c,Blueberry,6b5b7082-3d04-47dc-8151-dbd6a09a0b41,2020-08-17 09:39:02.242157,2020-08-20 15:26:45.287867,0,,,5f7c499d-bab4-4783-95e7-11d8a564ef86,disabled, ,12,0,,0,food-and-beverage-blueberry,0,0,,,0,,,0,,,,,,
d5c39977-f4f0-4b69-a8c9-7294f453eac4,Biobased polyester,08b682e0-7b45-4683-9451-45abf17e1ceb,2020-08-14 10:35:18.970766,2020-08-21 19:28:21.232708,0,,,86c8d37b-3ded-4a14-88b2-80bd3bff8cc7,enabled, ,2,0,,0,textiles-yarns-and-fibers-biobased-polyester,0,0,,,0,,,0,,,,,,
34ee7a96-8638-4e0a-9111-6a0e78e1cc75,Bell peppers,6b5b7082-3d04-47dc-8151-dbd6a09a0b41,2020-08-17 09:37:12.922995,2020-08-20 15:26:41.894342,0,,,5f7c499d-bab4-4783-95e7-11d8a564ef86,disabled, ,8,0,,0,food-and-beverage-bell-peppers,0,0,,,0,,,0,,,,,,
82fb04f2-ab67-4f29-88f0-069d38e28f78,Centella ,6b5b7082-3d04-47dc-8151-dbd6a09a0b41,2020-08-17 09:55:15.27952,2020-08-20 15:27:01.925589,0,,,5f7c499d-bab4-4783-95e7-11d8a564ef86,disabled, ,22,0,,0,food-and-beverage-centella,0,0,,,0,,,0,,,,,,
0ef7e09c-d25a-4d94-bffb-5cc09cab0b94,Bergamot,6b5b7082-3d04-47dc-8151-dbd6a09a0b41,2020-08-17 09:37:38.859215,2020-08-20 15:26:42.676093,0,,,5f7c499d-bab4-4783-95e7-11d8a564ef86,disabled, ,9,0,,0,food-and-beverage-bergamot,0,0,,,0,,,0,,,,,,
3f802242-adcf-4295-95cb-3051ebefe968,Papaya,6b5b7082-3d04-47dc-8151-dbd6a09a0b41,2020-08-17 20:57:07.777922,2020-08-20 15:27:59.365747,0,,,5f7c499d-bab4-4783-95e7-11d8a564ef86,disabled, ,56,0,,0,food-and-beverage-papaya,0,0,,,0,,,0,,,,,,
04bfdf8b-26d4-4cf2-89a2-d97bd3a70bc7,Buttercup squash,6b5b7082-3d04-47dc-8151-dbd6a09a0b41,2020-08-17 09:51:39.243224,2020-08-20 15:26:50.154324,0,,,5f7c499d-bab4-4783-95e7-11d8a564ef86,disabled, ,15,0,,0,food-and-beverage-buttercup-squash,0,0,,,0,,,0,,,,,,
8ca93bd0-a8a5-4322-8a90-f377d86af0da,Kiwi,6b5b7082-3d04-47dc-8151-dbd6a09a0b41,2020-08-17 20:52:03.434623,2020-08-20 15:27:34.947149,0,,,5f7c499d-bab4-4783-95e7-11d8a564ef86,disabled, ,42,0,,0,food-and-beverage-kiwi,0,0,,,0,,,0,,,,,,
a8de1fcf-06aa-4ce5-ba64-5dcb0a50ec36,Jackfruit,6b5b7082-3d04-47dc-8151-dbd6a09a0b41,2020-08-17 20:50:50.898699,2020-08-20 15:27:32.381455,0,,,5f7c499d-bab4-4783-95e7-11d8a564ef86,disabled, ,39,0,,0,food-and-beverage-jackfruit,0,0,,,0,,,0,,,,,,
ddc1a00b-ff27-4a7b-8e54-f01c22afee67,Cucumber,6b5b7082-3d04-47dc-8151-dbd6a09a0b41,2020-08-17 20:42:34.1022,2020-08-20 15:27:21.589285,0,,,5f7c499d-bab4-4783-95e7-11d8a564ef86,disabled, ,30,0,,0,food-and-beverage-cucumber,0,0,,,0,,,0,,,,,,
6537accc-f701-4d15-ba50-48b719848d5e,Pomegranate,6b5b7082-3d04-47dc-8151-dbd6a09a0b41,2020-08-17 21:00:18.145902,2020-08-20 15:28:11.481014,0,,,5f7c499d-bab4-4783-95e7-11d8a564ef86,disabled, ,65,0,,0,food-and-beverage-pomegranate,0,0,,,0,,,0,,,,,,
b33accf8-ef2a-401e-94f8-80455101d9e8,Kale,6b5b7082-3d04-47dc-8151-dbd6a09a0b41,2020-08-17 20:51:45.942864,2020-08-20 15:27:33.672978,0,,,5f7c499d-bab4-4783-95e7-11d8a564ef86,disabled, ,41,0,,0,food-and-beverage-kale,0,0,,,0,,,0,,,,,,
8d8d4fd6-96bc-4dc0-a19f-338d270ba7d3,Pawpaw,6b5b7082-3d04-47dc-8151-dbd6a09a0b41,2020-08-17 20:57:56.762647,2020-08-20 15:28:00.864149,0,,,5f7c499d-bab4-4783-95e7-11d8a564ef86,disabled, ,58,0,,0,food-and-beverage-pawpaw,0,0,,,0,,,0,,,,,,
30cd7eeb-b2e5-471e-a601-b57be8236e33,Mango,6b5b7082-3d04-47dc-8151-dbd6a09a0b41,2020-08-17 20:54:33.727355,2020-08-20 15:27:43.64601,0,,,5f7c499d-bab4-4783-95e7-11d8a564ef86,disabled, ,48,0,,0,food-and-beverage-mango,0,0,,,0,,,0,,,,,,
c4536a1e-8d0d-48fb-9371-62148dea1dc0,Sheep wool,d83ab3cb-edb3-41e0-96d1-a65fb94c9153,2020-08-14 10:27:52.302918,2020-08-21 18:23:54.90963,0,,,86c8d37b-3ded-4a14-88b2-80bd3bff8cc7,enabled, ,6,0,,0,textiles-yarns-and-fibers-sheep-wool,0,1,,,0,,,0,,,,,,
f56da3df-3987-4a2e-bf05-ff056120d2d7,Tomato,6b5b7082-3d04-47dc-8151-dbd6a09a0b41,2020-08-17 21:05:15.986437,2020-08-20 15:28:44.761169,0,,,5f7c499d-bab4-4783-95e7-11d8a564ef86,disabled, ,80,0,,0,food-and-beverage-tomato,0,0,,,0,,,0,,,,,,
5421abfe-fe26-41d5-83a9-3393f848da2c,Manioc,6b5b7082-3d04-47dc-8151-dbd6a09a0b41,2020-08-17 20:55:17.562516,2020-08-20 15:27:45.251693,0,,,5f7c499d-bab4-4783-95e7-11d8a564ef86,disabled, ,50,0,,0,food-and-beverage-manioc,0,0,,,0,,,0,,,,,,
23289f82-a526-41a4-a8d1-23c00980a59d,Sweet fennel,6b5b7082-3d04-47dc-8151-dbd6a09a0b41,2020-08-17 21:03:31.4187,2020-08-20 15:28:25.645979,0,,,5f7c499d-bab4-4783-95e7-11d8a564ef86,disabled, ,75,0,,0,food-and-beverage-sweet-fennel,0,0,,,0,,,0,,,,,,
7f47b42f-ad53-46ca-a60c-a14d72ba74f9,Pear,6b5b7082-3d04-47dc-8151-dbd6a09a0b41,2020-08-17 20:58:51.750574,2020-08-20 15:28:08.242251,0,,,5f7c499d-bab4-4783-95e7-11d8a564ef86,disabled, ,61,0,,0,food-and-beverage-pear,0,0,,,0,,,0,,,,,,
e4881083-fe8c-43e5-864c-4006eb814b9c,Pet clothing and accessories,dc46e82d-5ad7-44c7-9225-ad822487dc78,2020-08-27 12:55:44.198794,2020-08-27 12:55:48.108711,0,,,5f7c499d-bab4-4783-95e7-11d8a564ef86,enabled,Coming soon,2,0,,0,livestock-and-petcare-pet-clothing-and-accessories,0,0,,,0,,,0,,,,,,
9b057424-1e9f-4cf7-8497-58cc198f08e5,Potato,6b5b7082-3d04-47dc-8151-dbd6a09a0b41,2020-08-17 21:00:38.393904,2020-08-20 15:28:12.572298,0,,,5f7c499d-bab4-4783-95e7-11d8a564ef86,disabled, ,66,0,,0,food-and-beverage-potato,0,0,,,0,,,0,,,,,,
7a72b258-c8d1-4a66-af56-72537d8d5af4,Soursop,6b5b7082-3d04-47dc-8151-dbd6a09a0b41,2020-08-17 21:02:33.364341,2020-08-20 15:28:22.9182,0,,,5f7c499d-bab4-4783-95e7-11d8a564ef86,disabled, ,72,0,,0,food-and-beverage-soursop,0,0,,,0,,,0,,,,,,
dadada2b-654b-463c-b335-9beaedfa6766,Sweet potato,6b5b7082-3d04-47dc-8151-dbd6a09a0b41,2020-08-17 21:04:34.158568,2020-08-20 15:28:42.97514,0,,,5f7c499d-bab4-4783-95e7-11d8a564ef86,disabled, ,78,0,,0,food-and-beverage-sweet-potato,0,0,,,0,,,0,,,,,,
520099ac-5107-460c-a40c-8f16a6034b55,Spinach,6b5b7082-3d04-47dc-8151-dbd6a09a0b41,2020-08-17 21:02:49.944075,2020-08-20 15:28:23.876859,0,,,5f7c499d-bab4-4783-95e7-11d8a564ef86,disabled, ,73,0,,0,food-and-beverage-spinach,0,0,,,0,,,0,,,,,,
87362c4f-9aa1-46e1-9356-e889da4cec92,Pet toys,dc46e82d-5ad7-44c7-9225-ad822487dc78,2020-08-27 12:56:21.005376,2020-08-27 12:56:26.97082,0,,,5f7c499d-bab4-4783-95e7-11d8a564ef86,enabled,Coming soon,3,0,,0,livestock-and-petcare-pet-toys,0,0,,,0,,,0,,,,,,
819fcadc-dc05-4ba2-afc2-38455baeda3d,Tamarillo,6b5b7082-3d04-47dc-8151-dbd6a09a0b41,2020-08-17 21:04:54.069389,2020-08-20 15:28:43.985131,0,,,5f7c499d-bab4-4783-95e7-11d8a564ef86,disabled, ,79,0,,0,food-and-beverage-tamarillo,0,0,,,0,,,0,,,,,,
3972e9c7-c2f5-436d-83e1-b0ff00b0d4f0,Shaving,45a08e74-6c6d-4913-8b15-7bd121acb287,2020-11-06 15:58:05.292628,2020-11-06 15:58:56.007893,0,,,5f7c499d-bab4-4783-95e7-11d8a564ef86,enabled, ,1,7,,14,cosmetics-and-beauty-shaving,0,0,,,0,,,0,,,,,,
48f30fa6-d4dc-478c-a54e-4d91d7fe7bfa,Asparagus,6b5b7082-3d04-47dc-8151-dbd6a09a0b41,2020-08-17 09:35:35.195605,2020-08-20 15:26:38.389171,0,,,5f7c499d-bab4-4783-95e7-11d8a564ef86,disabled, ,4,0,,0,food-and-beverage-asparagus,0,0,,,0,,,0,,,,,,
04d44682-0849-4508-b6dc-a851caa1c10c,Salt water,7e2e3cd2-943f-4c5f-9a26-902c2290b195,2020-08-27 13:10:43.81865,2020-08-27 13:10:50.45562,0,,,5f7c499d-bab4-4783-95e7-11d8a564ef86,enabled,Coming soon,2,0,,0,livestock-and-petcare-salt-water,0,0,,,0,,,0,,,,,,
c6406119-06e6-4cd1-b868-75538ccae6a3,Avocado,6b5b7082-3d04-47dc-8151-dbd6a09a0b41,2020-08-17 09:35:56.71881,2020-08-20 15:26:39.33155,0,,,5f7c499d-bab4-4783-95e7-11d8a564ef86,disabled, ,5,0,,0,food-and-beverage-avocado,0,0,,,0,,,0,,,,,,
c51290ab-61f1-401a-8cfa-5c497f606332,Banana,6b5b7082-3d04-47dc-8151-dbd6a09a0b41,2020-08-17 09:36:21.872479,2020-08-20 15:26:40.210382,0,,,5f7c499d-bab4-4783-95e7-11d8a564ef86,disabled, ,6,0,,0,food-and-beverage-banana,0,0,,,0,,,0,,,,,,
703b9b28-d08b-49b1-a5e3-9dcac3464125,Beetroot,6b5b7082-3d04-47dc-8151-dbd6a09a0b41,2020-08-17 09:36:47.05649,2020-08-20 15:26:41.009512,0,,,5f7c499d-bab4-4783-95e7-11d8a564ef86,disabled, ,7,0,,0,food-and-beverage-beetroot,0,0,,,0,,,0,,,,,,
c1c50212-1055-4dd8-9a8f-87d25d181b0a,Grapefruit,6b5b7082-3d04-47dc-8151-dbd6a09a0b41,2020-08-17 20:46:40.458156,2020-08-20 15:27:24.430159,0,,,5f7c499d-bab4-4783-95e7-11d8a564ef86,disabled, ,33,0,,0,food-and-beverage-grapefruit,0,0,,,0,,,0,,,,,,
9438708c-562f-4dc0-9255-b0d735e57cbd,Perms & texturisers,79eb02c9-d1db-493b-8f2e-3c5cb535232e,2020-08-31 15:11:51.029985,2020-08-31 15:18:52.309283,0,,,5f7c499d-bab4-4783-95e7-11d8a564ef86,enabled, ,3,3,,3,cosmetics-and-beauty-perms-texturisers,0,0,,,0,,,0,,,,,,
0d9b41a4-6b25-4687-98f4-41dcda450708,Wall covering,0c07538d-c0ff-4b0c-b800-0be39cb21326,2020-09-11 14:25:17.068515,2020-09-11 14:25:17.068515,0,,,,new, ,2,1,,0,,0,0,,,0,,,0,,,,,,
93f61ee5-3862-4f8f-a6a9-3b0c7c7ee586,Mandarin,6b5b7082-3d04-47dc-8151-dbd6a09a0b41,2020-08-17 20:54:14.235433,2020-08-20 15:27:42.880029,0,,,5f7c499d-bab4-4783-95e7-11d8a564ef86,disabled, ,47,0,,0,food-and-beverage-mandarin,0,0,,,0,,,0,,,,,,
6e5a19d6-eda0-440b-a92c-492aed95bdae,Nuts,15ebb1b7-0bb3-4c25-8947-1e24955ae69a,2020-08-25 13:24:47.711288,2020-08-25 13:24:56.179157,0,,,5f7c499d-bab4-4783-95e7-11d8a564ef86,enabled,Coming soon,17,9,,0,food-and-beverage-nuts,0,0,,,0,,,0,,,,,,
f9c61dfa-b92f-46bf-9142-d97f37b76c7e,Mohair,d83ab3cb-edb3-41e0-96d1-a65fb94c9153,2020-08-14 10:28:06.527079,2020-08-21 18:24:35.458351,0,,,86c8d37b-3ded-4a14-88b2-80bd3bff8cc7,enabled, ,7,0,,0,textiles-yarns-and-fibers-mohair,0,0,,,0,,,0,,,,,,
f7062eb2-1378-4e0c-864b-7bb4ef3638ca,Recycled polyamide,08b682e0-7b45-4683-9451-45abf17e1ceb,2020-08-14 10:35:31.502765,2020-08-21 19:28:36.25222,0,,,86c8d37b-3ded-4a14-88b2-80bd3bff8cc7,enabled, ,3,13,,25,textiles-yarns-and-fibers-recycled-polyamide,0,0,,,0,,,0,,,,,,
f1794a44-bf88-4483-8178-349749bdbe9c,Manmade protein fibers,c7f59982-e4df-400e-86fe-bd8aa02bff5e,2020-08-14 10:39:19.806574,2020-08-21 19:30:22.215613,0,,,86c8d37b-3ded-4a14-88b2-80bd3bff8cc7,enabled, ,2,0,,0,textiles-yarns-and-fibers-manmade-protein-fibers,0,0,,,0,,,0,,,,,,
3f763aee-71ce-4928-a19f-874307b4463d,Personal lubricant,45a08e74-6c6d-4913-8b15-7bd121acb287,2020-11-06 15:58:20.760499,2020-11-06 15:58:56.369302,0,,,5f7c499d-bab4-4783-95e7-11d8a564ef86,enabled, ,2,4,,6,cosmetics-and-beauty-personal-lubricant,0,0,,,0,,,0,,,,,,
08b682e0-7b45-4683-9451-45abf17e1ceb,Synthetic Fibers,6318cca7-fb21-4137-a5cd-670f853a94d7,2020-02-13 10:40:10.754676,2020-08-21 19:29:15.762253,1,,,86c8d37b-3ded-4a14-88b2-80bd3bff8cc7,enabled,  ,4,1,,40,textiles-yarns-and-fibers-synthetics,0,0,,,0,,,0,,,,,,
ffcce1f2-8e2d-4b25-b3b6-0ba1d0764268,Grocery,580b9d55-ffc1-46d3-86f4-da1ba3a29a23,2020-07-28 20:16:43.799589,2020-11-13 15:52:49.162817,11,,,5f7c499d-bab4-4783-95e7-11d8a564ef86,enabled, ,17,94,,0,food-and-beverage-grocery,0,0,,,0,,,0,,,,,,
065a7584-65fc-41dc-949b-87fb5de2bea1,Acai,6b5b7082-3d04-47dc-8151-dbd6a09a0b41,2020-07-17 11:25:04.966063,2020-08-20 15:26:31.197174,0,,,5f7c499d-bab4-4783-95e7-11d8a564ef86,disabled, ,1,0,,0,food-and-beverages-acai,0,0,,,0,,,0,,,,,,
74b82c86-efe7-487a-91f7-7993be2e5927,Pet basics,dc46e82d-5ad7-44c7-9225-ad822487dc78,2020-08-27 12:56:57.800471,2020-08-27 12:57:01.722143,0,,,5f7c499d-bab4-4783-95e7-11d8a564ef86,enabled,Coming soon,4,0,,0,livestock-and-petcare-pet-basics,0,0,,,0,,,0,,,,,,
d4be5ed7-6e72-4a5c-85b2-196a8b35c99a,Pet travel,dc46e82d-5ad7-44c7-9225-ad822487dc78,2020-08-27 12:57:27.801127,2020-08-27 12:57:31.481665,0,,,5f7c499d-bab4-4783-95e7-11d8a564ef86,enabled,Coming soon,5,0,,0,livestock-and-petcare-pet-travel,0,0,,,0,,,0,,,,,,
bcb6d019-5b67-482c-ac43-90ca2038f500,old Food,580b9d55-ffc1-46d3-86f4-da1ba3a29a23,2020-02-13 10:11:40.886346,2020-08-07 10:29:46.415087,5,,,5f7c499d-bab4-4783-95e7-11d8a564ef86,disabled,  ,8,16571,,10,food-beverage-food,3,12,,,0,,,0,,,,,,
541f3f88-0c64-43bd-9196-e888914d3448,Brackish water,7e2e3cd2-943f-4c5f-9a26-902c2290b195,2020-08-27 13:13:18.445397,2020-08-27 13:13:31.186269,0,,,5f7c499d-bab4-4783-95e7-11d8a564ef86,enabled,Coming soon,3,0,,0,livestock-and-petcare-brackish-water,0,0,,,0,,,0,,,,,,
e7ecbdd4-33b9-405a-9737-9d6856714257,Guava,6b5b7082-3d04-47dc-8151-dbd6a09a0b41,2020-08-17 20:49:41.562433,2020-08-20 15:27:30.085453,0,,,5f7c499d-bab4-4783-95e7-11d8a564ef86,disabled, ,36,0,,0,food-and-beverage-guava,0,0,,,0,,,0,,,,,,
4b2b8345-18dc-4c89-b25d-5d24601dc7f8,Chard,6b5b7082-3d04-47dc-8151-dbd6a09a0b41,2020-08-17 09:55:41.650477,2020-08-20 15:27:02.664003,0,,,5f7c499d-bab4-4783-95e7-11d8a564ef86,disabled, ,23,0,,0,food-and-beverage-chard,0,0,,,0,,,0,,,,,,
a6b6dac7-6cdf-448f-95c1-211eb8eee647,Brussels sprout,6b5b7082-3d04-47dc-8151-dbd6a09a0b41,2020-08-17 09:51:15.620445,2020-08-20 15:26:49.35543,0,,,5f7c499d-bab4-4783-95e7-11d8a564ef86,disabled, ,14,0,,0,food-and-beverage-brussels-sprout,0,0,,,0,,,0,,,,,,
946e538b-e3da-43e9-9ce8-e1a375ae5639,Jocote,6b5b7082-3d04-47dc-8151-dbd6a09a0b41,2020-08-17 20:51:08.797913,2020-08-20 15:27:33.160804,0,,,5f7c499d-bab4-4783-95e7-11d8a564ef86,disabled, ,40,0,,0,food-and-beverage-jocote,0,0,,,0,,,0,,,,,,
506c1355-2cc1-4767-acb0-4dc9a51316e6,Pea,6b5b7082-3d04-47dc-8151-dbd6a09a0b41,2020-08-17 20:58:16.489955,2020-08-20 15:28:05.835445,0,,,5f7c499d-bab4-4783-95e7-11d8a564ef86,disabled, ,59,0,,0,food-and-beverage-pea,0,0,,,0,,,0,,,,,,
c38b9e5a-4111-4521-930e-42b81e8fb47b,Lemon,6b5b7082-3d04-47dc-8151-dbd6a09a0b41,2020-08-17 20:52:25.692901,2020-08-20 15:27:36.322956,0,,,5f7c499d-bab4-4783-95e7-11d8a564ef86,disabled, ,43,0,,0,food-and-beverage-lemon,0,0,,,0,,,0,,,,,,
cfcf30a6-b85f-4f4c-854a-777c959c11d7,Grandilla,6b5b7082-3d04-47dc-8151-dbd6a09a0b41,2020-08-17 20:46:21.104703,2020-08-20 15:27:23.442905,0,,,5f7c499d-bab4-4783-95e7-11d8a564ef86,disabled, ,32,0,,0,food-and-beverage-grandilla,0,0,,,0,,,0,,,,,,
d8f7bbe3-2309-4e4b-b0c7-e4409b3fdb48,Mulberry,6b5b7082-3d04-47dc-8151-dbd6a09a0b41,2020-08-17 20:55:54.767856,2020-08-20 15:27:56.302174,0,,,5f7c499d-bab4-4783-95e7-11d8a564ef86,disabled, ,52,0,,0,food-and-beverage-mulberry,0,0,,,0,,,0,,,,,,
0529bdd0-9fb3-4c0d-b168-6bdeece0d405,Lettuce,6b5b7082-3d04-47dc-8151-dbd6a09a0b41,2020-08-17 20:52:52.864129,2020-08-20 15:27:39.014445,0,,,5f7c499d-bab4-4783-95e7-11d8a564ef86,disabled, ,44,0,,0,food-and-beverage-lettuce,0,0,,,0,,,0,,,,,,
16158bda-0043-4819-8635-ab251a58a4cc,Peach,6b5b7082-3d04-47dc-8151-dbd6a09a0b41,2020-08-17 20:58:35.971743,2020-08-20 15:28:07.101647,0,,,5f7c499d-bab4-4783-95e7-11d8a564ef86,disabled, ,60,0,,0,food-and-beverage-peach,0,0,,,0,,,0,,,,,,
8ebee41d-4983-454f-8088-41eb76f83809,Nectarine,6b5b7082-3d04-47dc-8151-dbd6a09a0b41,2020-08-17 20:56:10.520653,2020-08-20 15:27:57.040019,0,,,5f7c499d-bab4-4783-95e7-11d8a564ef86,disabled, ,53,0,,0,food-and-beverage-nectarine,0,0,,,0,,,0,,,,,,
91593dc5-6ae7-4c6b-a20a-515fd24faa27,Onion,6b5b7082-3d04-47dc-8151-dbd6a09a0b41,2020-08-17 20:56:28.480358,2020-08-20 15:27:57.782618,0,,,5f7c499d-bab4-4783-95e7-11d8a564ef86,disabled, ,54,0,,0,food-and-beverage-onion,0,0,,,0,,,0,,,,,,
c83728c9-c055-45a4-960f-327e7e58ff11,Sweet onion,6b5b7082-3d04-47dc-8151-dbd6a09a0b41,2020-08-17 21:04:06.595235,2020-08-20 15:28:42.208064,0,,,5f7c499d-bab4-4783-95e7-11d8a564ef86,disabled, ,77,0,,0,food-and-beverage-sweet-onion,0,0,,,0,,,0,,,,,,
a85fbfc6-fa09-41f5-a3c4-efad3bc94a2f,Pineapple,6b5b7082-3d04-47dc-8151-dbd6a09a0b41,2020-08-17 20:59:10.485974,2020-08-20 15:28:09.216446,0,,,5f7c499d-bab4-4783-95e7-11d8a564ef86,disabled, ,62,0,,0,food-and-beverage-pineapple,0,0,,,0,,,0,,,,,,
ec71df36-beeb-40f3-a0aa-2126a6dea906,Pumpkin,6b5b7082-3d04-47dc-8151-dbd6a09a0b41,2020-08-17 21:01:09.466659,2020-08-20 15:28:15.385886,0,,,5f7c499d-bab4-4783-95e7-11d8a564ef86,disabled, ,67,0,,0,food-and-beverage-pumpkin,0,0,,,0,,,0,,,,,,
4da9216d-dbc2-4260-bb62-1e4e133a9eef,Dragon fruit,6b5b7082-3d04-47dc-8151-dbd6a09a0b41,2020-08-17 20:59:32.767452,2020-08-20 15:28:09.894495,0,,,5f7c499d-bab4-4783-95e7-11d8a564ef86,disabled, ,63,0,,0,food-and-beverage-dragon-fruit,0,0,,,0,,,0,,,,,,
1665d458-5ecf-4aab-bef8-dbed17e49913,Plum,6b5b7082-3d04-47dc-8151-dbd6a09a0b41,2020-08-17 20:59:55.741874,2020-08-20 15:28:10.633487,0,,,5f7c499d-bab4-4783-95e7-11d8a564ef86,disabled, ,64,0,,0,food-and-beverage-plum,0,0,,,0,,,0,,,,,,
1d4e9f97-8ac1-486d-ab99-d6debf4bdbe8,Strawberry,6b5b7082-3d04-47dc-8151-dbd6a09a0b41,2020-08-17 21:03:11.556708,2020-08-20 15:28:24.725357,0,,,5f7c499d-bab4-4783-95e7-11d8a564ef86,disabled, ,74,0,,0,food-and-beverage-strawberry,0,0,,,0,,,0,,,,,,
846b0850-a490-498b-8634-a0a3a4497959,Rambutan,6b5b7082-3d04-47dc-8151-dbd6a09a0b41,2020-08-17 21:01:28.595478,2020-08-20 15:28:17.14955,0,,,5f7c499d-bab4-4783-95e7-11d8a564ef86,disabled, ,68,0,,0,food-and-beverage-rambutan,0,0,,,0,,,0,,,,,,
b6d6d6ad-6e78-4f94-9ffb-0d691f066c71,Sweet granadilla,6b5b7082-3d04-47dc-8151-dbd6a09a0b41,2020-08-17 21:03:47.698079,2020-08-20 15:28:40.180978,0,,,5f7c499d-bab4-4783-95e7-11d8a564ef86,disabled, ,76,0,,0,food-and-beverage-sweet-granadilla,0,0,,,0,,,0,,,,,,
d7c8fb92-b67f-40a0-a438-a4f99ed8a6f4,Watermelon,6b5b7082-3d04-47dc-8151-dbd6a09a0b41,2020-08-17 21:05:36.278229,2020-08-20 15:28:45.548415,0,,,5f7c499d-bab4-4783-95e7-11d8a564ef86,disabled, ,81,0,,0,food-and-beverage-watermelon,0,0,,,0,,,0,,,,,,
e618083c-e38e-4923-9763-012b21317ab9,Apple,6b5b7082-3d04-47dc-8151-dbd6a09a0b41,2020-08-17 09:33:43.735015,2020-08-20 15:26:33.600323,0,,,5f7c499d-bab4-4783-95e7-11d8a564ef86,disabled, ,2,0,,0,food-and-beverage-apple,0,0,,,0,,,0,,,,,,
4e7159bd-3786-4a2f-8c18-7270a0ed9a15,Apricot,6b5b7082-3d04-47dc-8151-dbd6a09a0b41,2020-08-17 09:34:07.99822,2020-08-20 15:26:37.409038,0,,,5f7c499d-bab4-4783-95e7-11d8a564ef86,disabled, ,3,0,,0,food-and-beverage-apricot,0,0,,,0,,,0,,,,,,
5e71bb3e-80be-40fd-b672-dd4f23ef736a,Lime,6b5b7082-3d04-47dc-8151-dbd6a09a0b41,2020-08-17 20:53:12.706683,2020-08-20 15:27:40.024777,0,,,5f7c499d-bab4-4783-95e7-11d8a564ef86,disabled, ,45,0,,0,food-and-beverage-lime,0,0,,,0,,,0,,,,,,
7ff39a43-cce2-4508-ba51-fe4f34787598,Orange,6b5b7082-3d04-47dc-8151-dbd6a09a0b41,2020-08-17 20:56:51.339252,2020-08-20 15:27:58.546542,0,,,5f7c499d-bab4-4783-95e7-11d8a564ef86,disabled, ,55,0,,0,food-and-beverage-orange,0,0,,,0,,,0,,,,,,
0359590a-01dc-4c42-b60e-dc7631f3c1d9,Nail polish,f270564d-05c5-4b7a-8745-a98974fdc711,2020-08-31 15:37:29.479613,2020-08-31 16:41:30.344756,0,,,5f7c499d-bab4-4783-95e7-11d8a564ef86,enabled, ,1,1,,4,cosmetics-and-beauty-nail-polish,0,0,,,0,,,0,,,,,,
6d5b94ce-b441-4892-954f-50b3af2ac970,Copoaz,6b5b7082-3d04-47dc-8151-dbd6a09a0b41,2020-08-17 20:42:15.998845,2020-08-20 15:27:20.773848,0,,,5f7c499d-bab4-4783-95e7-11d8a564ef86,disabled, ,29,0,,0,food-and-beverage-copoazu,0,0,,,0,,,0,,,,,,
88fbdd3e-223c-4d53-9f92-0885a13611bf,Nail file,f270564d-05c5-4b7a-8745-a98974fdc711,2020-08-31 15:43:38.76279,2020-08-31 16:41:32.124544,0,,,5f7c499d-bab4-4783-95e7-11d8a564ef86,enabled, ,3,0,,0,cosmetics-and-beauty-nail-file,0,0,,,0,,,0,,,,,,
719b3647-4a75-47d7-a36c-8f676f80e6ee,Treats,36f76dce-3976-48ce-bb2b-b8b0a7565af4,2020-08-27 13:01:15.541476,2020-08-27 13:01:20.679462,0,,,5f7c499d-bab4-4783-95e7-11d8a564ef86,enabled,Coming soon,1,0,,0,livestock-and-petcare-treats,0,0,,,0,,,0,,,,,,
d32ada62-625c-4f27-a738-95cc316bbd2e,Dental floss,0864a7ab-624a-4956-a6d1-662a451fcbb3,2020-08-31 14:59:30.948015,2020-08-31 15:00:17.141729,0,,,5f7c499d-bab4-4783-95e7-11d8a564ef86,enabled, ,4,0,,0,cosmetics-and-beauty-dental-floss,0,0,,,0,,,0,,,,,,
bd60ba27-5c5b-46dd-a9ae-00cf7fc17aca,Eggplant,6b5b7082-3d04-47dc-8151-dbd6a09a0b41,2020-08-17 20:46:04.589981,2020-08-20 15:27:22.388035,0,,,5f7c499d-bab4-4783-95e7-11d8a564ef86,disabled, ,31,0,,0,food-and-beverage-eggplant,0,0,,,0,,,0,,,,,,
73cf929e-ad81-498c-a654-8dc03fa9d864,Citron,6b5b7082-3d04-47dc-8151-dbd6a09a0b41,2020-08-17 09:56:41.275108,2020-08-20 15:27:04.321515,0,,,5f7c499d-bab4-4783-95e7-11d8a564ef86,disabled, ,25,0,,0,food-and-beverage-citron,0,0,,,0,,,0,,,,,,
f83f3ab6-ca70-4617-b7f2-f677e951f23e,Rose hip,6b5b7082-3d04-47dc-8151-dbd6a09a0b41,2020-08-17 21:02:15.566961,2020-08-20 15:28:19.720924,0,,,5f7c499d-bab4-4783-95e7-11d8a564ef86,disabled, ,71,0,,0,food-and-beverage-rose-hip,0,0,,,0,,,0,,,,,,
b21499ff-075f-4ba8-a254-ddcd72717e93,Honey and pollen products,ffcce1f2-8e2d-4b25-b3b6-0ba1d0764268,2020-07-28 21:42:21.538616,2020-11-13 11:01:05.582751,0,,,,enabled, ,11,19,,37,food-and-beverage-honey-and-pollen-products,1,0,,,0,,,0,,,,,,
05f12ccf-78ce-4e9b-b67a-2dc91905ffd1,Sun care,1d47f63b-8e49-4309-96e4-e8c6dccd7219,2020-08-31 14:52:55.621064,2020-09-03 14:50:14.353452,0,,,5f7c499d-bab4-4783-95e7-11d8a564ef86,enabled, ,8,24,,3,cosmetics-and-beauty-sun-care,0,0,,,0,,,0,,,,,,
19f9bdf8-1650-4385-81d8-1605a14642b6,Pants,c2ae8df7-9a79-4d65-91d2-1467aa4bef38,2020-10-28 09:11:06.533302,2020-10-28 13:30:15.395039,0,,,f2be9342-62fc-4793-868e-b3173628a091,enabled, ,6,9,,214,fashion-and-apparel-pants,0,0,,,0,,,0,,,,,,
b1b69d63-45a5-4873-8063-00355db80d43,Calabash,6b5b7082-3d04-47dc-8151-dbd6a09a0b41,2020-08-17 09:52:41.054064,2020-08-20 15:26:51.630483,0,,,5f7c499d-bab4-4783-95e7-11d8a564ef86,disabled, ,17,0,,0,food-and-beverage-calabash,0,0,,,0,,,0,,,,,,
5400754b-9878-45b4-b090-16290c09050d,Mangosteen,6b5b7082-3d04-47dc-8151-dbd6a09a0b41,2020-08-17 20:54:53.071246,2020-08-20 15:27:44.451984,0,,,5f7c499d-bab4-4783-95e7-11d8a564ef86,disabled, ,49,0,,0,food-and-beverage-mangosteen,0,0,,,0,,,0,,,,,,
b881a627-481e-48d1-bfd8-de2dde5307d4,Passion fruit,6b5b7082-3d04-47dc-8151-dbd6a09a0b41,2020-08-17 20:57:24.498618,2020-08-20 15:28:04.811968,0,,,5f7c499d-bab4-4783-95e7-11d8a564ef86,disabled,Passion fruit,57,0,,0,food-and-beverage-passion-fruit,0,0,,,0,,,0,,,,,,
b2bf82c4-6bad-4489-9b42-e8612d37b35f,Celery,6b5b7082-3d04-47dc-8151-dbd6a09a0b41,2020-08-17 09:54:39.390905,2020-08-20 15:27:01.029748,0,,,5f7c499d-bab4-4783-95e7-11d8a564ef86,disabled, ,21,0,,0,food-and-beverage-celery,0,0,,,0,,,0,,,,,,
2edd211c-c55f-4f8c-957f-0b4c8d5d68ca,Other cotton,1a0c6ae9-dcdc-4c2f-bf8d-bb6fd53efd8e,2020-08-18 12:38:43.712891,2020-08-21 18:20:45.075879,0,,,86c8d37b-3ded-4a14-88b2-80bd3bff8cc7,enabled,Coming soon,5,0,,0,textiles-yarns-and-fibers-other-cotton,0,0,,,0,,,0,,,,,,
ff6a3b3d-67e7-4da5-9381-232137878515,Cape gooseberry,6b5b7082-3d04-47dc-8151-dbd6a09a0b41,2020-08-17 09:53:19.002913,2020-08-20 15:26:53.009272,0,,,5f7c499d-bab4-4783-95e7-11d8a564ef86,disabled, ,18,0,,0,food-and-beverage-cape-gooseberry,0,0,,,0,,,0,,,,,,
15888bc6-8d98-47f2-a18f-2fc1ff5c4404,Raspberry,6b5b7082-3d04-47dc-8151-dbd6a09a0b41,2020-08-17 21:01:56.530187,2020-08-17 21:17:06.675426,0,,,5f7c499d-bab4-4783-95e7-11d8a564ef86,disabled, ,70,0,,0,food-and-beverage-raspberry,0,0,,,0,,,0,,,,,,
65a942f5-465e-402a-adc0-29cfea4fc8d7,Duck,86143d85-d4f8-495d-8607-c08b762e4bef,2020-07-28 22:06:22.086437,2020-09-28 15:43:40.30958,0,,,5f7c499d-bab4-4783-95e7-11d8a564ef86,enabled, ,2,0,,0,food-and-beverage-duck,0,0,,,0,,,0,,,,,,
dc46e82d-5ad7-44c7-9225-ad822487dc78,Petcare,6ada5013-a2c9-4a47-bff1-88b98299e6ef,2020-08-18 15:10:47.148133,2020-08-27 13:03:52.290887,4,,,5f7c499d-bab4-4783-95e7-11d8a564ef86,enabled,Coming soon,1,7,,48,livestock-and-petcare-petcare,0,0,,,0,,,0,,,,,,
401d084d-ff82-43bd-ace7-809d3f9e08d9,Toothbrush,0864a7ab-624a-4956-a6d1-662a451fcbb3,2020-08-31 14:55:20.922675,2020-08-31 15:00:13.266932,0,,,5f7c499d-bab4-4783-95e7-11d8a564ef86,enabled, ,1,0,,0,cosmetics-and-beauty-toothbrush,0,0,,,0,,,0,,,,,,
7467ab00-4753-4c10-ae9e-e14aeae15d9a,Coir,599de445-e713-4420-82b8-31c585522dea,2020-09-01 13:46:54.250114,2020-09-01 13:46:54.250114,0,,,86c8d37b-3ded-4a14-88b2-80bd3bff8cc7,new, ,2,0,,0,,0,0,,,0,,,0,,,,,,
17031cd1-c60e-4e0e-966c-5d531c0f4509,Air fresheners,fbddc009-76ce-4ce9-809b-e09a18e57d89,2020-11-13 15:11:32.465616,2020-11-13 15:11:32.465616,0,,,5f7c499d-bab4-4783-95e7-11d8a564ef86,new, ,5,17,,80,,0,1,,,0,,,0,,,,,,
9f6d131a-6167-45b6-bd86-523c1c2389de,Hardwood Flooring,5fba7ad8-fd3c-4d7b-8ea3-3de5a3c4890d,2020-09-11 14:20:32.544196,2020-09-11 14:21:44.000774,0,,,,new, ,2,3,,0,,0,3,,,0,,,0,,,,,,
ee603131-55e8-4cf3-8eb5-3b42f50ccc2b,Makeup,1d47f63b-8e49-4309-96e4-e8c6dccd7219,2020-08-31 14:45:15.021331,2020-11-06 16:04:51.310133,6,,,5f7c499d-bab4-4783-95e7-11d8a564ef86,enabled, ,3,40,,3,cosmetics-and-beauty-makeup,0,0,,,0,,,0,,,,,,
9e6cd70a-3baa-4c5c-a27e-5c9c2dd6043c,Canned and baked food,580b9d55-ffc1-46d3-86f4-da1ba3a29a23,2020-07-28 17:12:58.257133,2020-08-07 10:54:44.389836,0,,,5f7c499d-bab4-4783-95e7-11d8a564ef86,enabled, ,16,108,,706,food-and-beverage-canned-and-baked-food,0,0,,,0,,,0,,,,,,
313bfdf8-f41d-47e1-bceb-1d828aa7a3e3,Dry food,36f76dce-3976-48ce-bb2b-b8b0a7565af4,2020-08-27 13:02:01.884919,2020-08-27 13:02:05.865812,0,,,5f7c499d-bab4-4783-95e7-11d8a564ef86,enabled,Coming soon,2,0,,0,livestock-and-petcare-dry-food,0,0,,,0,,,0,,,,,,
36f76dce-3976-48ce-bb2b-b8b0a7565af4,Petfood,dc46e82d-5ad7-44c7-9225-ad822487dc78,2020-08-27 12:54:54.230945,2020-08-27 13:03:52.28851,4,,,5f7c499d-bab4-4783-95e7-11d8a564ef86,enabled,Coming soon,1,6,,11,livestock-and-petcare-petfood,0,0,,,0,,,0,,,,,,
d502fa86-09c0-480a-886b-4fb0e0b68936,Wet food,36f76dce-3976-48ce-bb2b-b8b0a7565af4,2020-08-27 13:03:01.053734,2020-08-27 13:03:05.083847,0,,,5f7c499d-bab4-4783-95e7-11d8a564ef86,enabled,Coming soon,4,0,,0,livestock-and-petcare-wet-food,0,0,,,0,,,0,,,,,,
370fbac9-371e-4223-a73f-89689b8c9945,Floss,0864a7ab-624a-4956-a6d1-662a451fcbb3,2020-08-31 14:59:50.971705,2020-08-31 15:00:18.031597,0,,,5f7c499d-bab4-4783-95e7-11d8a564ef86,enabled, ,5,1,,1,cosmetics-and-beauty-floss,0,0,,,0,,,0,,,,,,
63685a0b-5a55-4094-a5ee-f1b506e88d13,Flax,599de445-e713-4420-82b8-31c585522dea,2020-09-01 13:47:12.669992,2020-09-01 13:47:12.669992,0,,,86c8d37b-3ded-4a14-88b2-80bd3bff8cc7,new, ,3,2,,0,,0,0,,,0,,,0,,,,,,
50658c35-e7fb-4d11-9da0-99a5ffa8dd7b,Fragrance,1d47f63b-8e49-4309-96e4-e8c6dccd7219,2020-08-31 14:47:06.074141,2020-08-31 21:01:27.360636,0,,,5f7c499d-bab4-4783-95e7-11d8a564ef86,enabled, ,4,31,,0,cosmetics-and-beauty-fragrance,0,0,,,0,,,0,,,,,,
f270564d-05c5-4b7a-8745-a98974fdc711,Nail care,1d47f63b-8e49-4309-96e4-e8c6dccd7219,2020-08-31 14:51:07.854749,2020-08-31 16:41:32.869511,0,,,5f7c499d-bab4-4783-95e7-11d8a564ef86,enabled, ,5,32,,0,cosmetics-and-beauty-nail-care,0,0,,,0,,,0,,,,,,
4cba84c6-eb3c-4e09-af64-c32df4277f58,After shave,50658c35-e7fb-4d11-9da0-99a5ffa8dd7b,2020-08-31 15:35:52.070935,2020-08-31 21:01:27.357345,0,,,5f7c499d-bab4-4783-95e7-11d8a564ef86,enabled, ,3,9,,0,cosmetics-and-beauty-after-shave,0,0,,,0,,,0,,,,,,
973e35e9-ac73-4462-a80b-e0cd92e7315c,Nettle,599de445-e713-4420-82b8-31c585522dea,2020-09-01 13:48:01.998713,2020-09-01 13:48:01.998713,0,,,86c8d37b-3ded-4a14-88b2-80bd3bff8cc7,new, ,5,0,,0,,0,0,,,0,,,0,,,,,,
4e4df385-ed2e-46b9-a67f-cd4e433065c0,Kapok,599de445-e713-4420-82b8-31c585522dea,2020-09-01 13:48:29.281507,2020-09-01 13:48:29.281507,0,,,86c8d37b-3ded-4a14-88b2-80bd3bff8cc7,new, ,6,0,,0,,0,0,,,0,,,0,,,,,,
b9ebc85c-8e73-4abc-8565-7fe2700a3348,Egg substitutes,654966a8-5f04-41e3-8b96-3202c41af087,2020-11-13 15:24:22.911779,2020-11-13 15:24:22.911779,0,,,5f7c499d-bab4-4783-95e7-11d8a564ef86,new, ,10,2,,2,,0,0,,,0,,,0,,,,,,
eed3bca1-47c3-4d76-9f36-8fa0f4c85ee5,Sweatshirts and Hoodies,c2ae8df7-9a79-4d65-91d2-1467aa4bef38,2020-10-28 09:12:07.35548,2020-10-28 13:30:16.420019,0,,,e2f02684-7a2d-46b0-85ac-467231db9534,enabled, ,9,3,,6,fashion-and-apparel-sweatshirts-and-hoodies,0,0,,,0,,,0,,,,,,
cf7d4202-cc2f-4708-9424-7d3497f26121,Hiking shoes,3ca090e9-f24e-4bfb-b702-5745bd5bd1e4,2020-10-28 09:46:12.034889,2020-10-28 09:46:12.034889,0,,,5f7c499d-bab4-4783-95e7-11d8a564ef86,new, ,6,0,,0,,0,0,,,0,,,0,,,,,,
9f6c304b-41b9-4e87-81a0-410a9d789d2d,Coats and Jackets,c2ae8df7-9a79-4d65-91d2-1467aa4bef38,2020-10-28 09:09:56.843148,2020-10-28 13:30:14.072905,0,,,e2f02684-7a2d-46b0-85ac-467231db9534,enabled, ,3,6,,24,fashion-and-apparel-coats-and-jackets,0,0,,,0,,,0,,,,,,
3ca090e9-f24e-4bfb-b702-5745bd5bd1e4,Shoes,c2ae8df7-9a79-4d65-91d2-1467aa4bef38,2020-10-28 09:34:12.897941,2020-10-28 13:30:19.182483,0,,,781e9fc8-d542-45f9-9f6b-494a040c9f88,enabled, ,16,1,,9,fashion-and-apparel-shoes,0,1,,,0,,,0,,,,,,
2154ef9b-dcbf-4b77-97b8-ad63bffeb3a2,Condiments and Sauces,ffcce1f2-8e2d-4b25-b3b6-0ba1d0764268,2020-07-28 21:41:30.295539,2020-11-13 15:33:44.211194,0,,,,enabled, ,6,105,,420,food-and-beverage-seasonings-and-sauces,0,0,,,0,,,0,,,,,,
83ab351a-a55f-4ec4-8e67-0e6a579a5f3d,Marmoleum,5fba7ad8-fd3c-4d7b-8ea3-3de5a3c4890d,2020-09-11 14:22:05.542079,2020-09-11 14:22:05.542079,0,,,,new, ,4,0,,0,,0,0,,,0,,,0,,,,,,
12fccc1a-0371-41e4-83ca-26fadd99fb9d,Shirts,c2ae8df7-9a79-4d65-91d2-1467aa4bef38,2020-10-28 09:11:35.17278,2020-10-28 13:30:15.794916,0,,,e2f02684-7a2d-46b0-85ac-467231db9534,enabled, ,7,11,,165,fashion-and-apparel-shirts,0,0,,,0,,,0,,,,,,
5098d8a0-3c78-4b1a-a652-690a6022f649,Paints and primers,3cc1e6e5-ca19-4198-889d-98e614794abf,2020-09-11 14:23:07.910052,2020-09-11 14:23:07.910052,0,,,,new, ,1,2,,0,,0,1,,,0,,,0,,,,,,
7a669a76-ba13-485d-b64a-2da08bc719fe,Blouses,c2ae8df7-9a79-4d65-91d2-1467aa4bef38,2020-10-28 09:11:53.583384,2020-10-28 13:30:16.101534,0,,,e2f02684-7a2d-46b0-85ac-467231db9534,enabled, ,8,3,,6,fashion-and-apparel-blouses,0,0,,,0,,,0,,,,,,
43b4f2ed-e537-40a6-bdea-e6b883a02c41,Strippers and thinners,3cc1e6e5-ca19-4198-889d-98e614794abf,2020-09-11 14:23:15.364092,2020-09-11 14:23:15.364092,0,,,,new, ,2,0,,0,,0,0,,,0,,,0,,,,,,
25e0d608-b226-419c-8c58-1456e4149b24,Dresses,c2ae8df7-9a79-4d65-91d2-1467aa4bef38,2020-10-28 09:09:42.669441,2020-10-28 13:30:13.076722,0,,,e2f02684-7a2d-46b0-85ac-467231db9534,enabled, ,2,5,,139,fashion-and-apparel-dresses,0,0,,,0,,,0,,,,,,
7b8a8835-20e1-4dc5-a872-9d49ce8e655b,Sneakers and athletic,3ca090e9-f24e-4bfb-b702-5745bd5bd1e4,2020-10-28 09:41:55.281944,2020-10-28 09:42:23.342712,0,,,5f7c499d-bab4-4783-95e7-11d8a564ef86,new, ,1,0,,0,,0,0,,,0,,,0,,,,,,
8941ef28-4522-497b-9088-b387ca94f6e5,Baking,ffcce1f2-8e2d-4b25-b3b6-0ba1d0764268,2020-11-13 15:25:50.898903,2020-11-13 15:37:27.664818,0,,,5f7c499d-bab4-4783-95e7-11d8a564ef86,enabled, ,12,29,,118,food-and-beverage-baking,0,0,,,0,,,0,,,,,,
b78df7ab-ff0b-4691-8816-8d3078986343,Household cleaners,fbddc009-76ce-4ce9-809b-e09a18e57d89,2020-09-11 14:24:25.097893,2020-09-11 14:24:25.097893,0,,,,new, ,1,2,,0,,0,0,,,0,,,0,,,,,,
8581b407-33ff-4917-8a88-f108cabd7c1f,Odor blocking sealers,3cc1e6e5-ca19-4198-889d-98e614794abf,2020-09-11 14:23:55.342423,2020-09-29 10:58:56.970788,0,,,,new, ,6,1,,0,,0,0,,,0,,,0,,,,,,
cbbc119c-fe00-4a76-9400-67f791086cd7,Cut flower,92085400-358c-4ea4-a691-5f0fca04bbd7,2020-05-04 11:58:15.322372,2020-05-04 11:59:11.462619,0,,,5f7c499d-bab4-4783-95e7-11d8a564ef86,enabled, ,3,5,,148,flowers-plants-and-seeds-cut-flower,0,0,,,0,,,0,,,,,,
a557059e-1d53-4371-8da3-808a328aa2d1,Plasters and pigments,3cc1e6e5-ca19-4198-889d-98e614794abf,2020-09-11 14:23:23.16,2020-09-11 14:23:23.16,0,,,,new, ,3,2,,0,,0,0,,,0,,,0,,,,,,
fbddc009-76ce-4ce9-809b-e09a18e57d89,Cleaners,eec8e432-6869-41a9-9b87-ebd7f8567ddc,2020-09-11 14:24:15.791008,2020-12-15 15:34:12.765073,0,,,,disabled, ,3,5,,0,green-building-cleaners,0,0,,,0,,,0,,,,,,
da9970a0-06a9-4ece-8ecb-af10508159d1,Floor cleaners,fbddc009-76ce-4ce9-809b-e09a18e57d89,2020-09-11 14:24:41.07727,2020-09-11 14:24:41.07727,0,,,,new, ,3,0,,0,,0,0,,,0,,,0,,,,,,
7158b9d0-4547-42bc-b025-3c2562e89c80,Wood stains and sealers,3cc1e6e5-ca19-4198-889d-98e614794abf,2020-09-11 14:23:47.377885,2020-09-29 10:58:56.970788,0,,,,new, ,5,0,,0,,0,1,,,0,,,0,,,,,,
3cc1e6e5-ca19-4198-889d-98e614794abf,Non-toxic paints and coatings,eec8e432-6869-41a9-9b87-ebd7f8567ddc,2020-09-11 14:22:57.241892,2020-12-15 15:34:13.39672,0,,,,disabled, ,2,8,,0,green-building-non-toxic-paints-and-coatings,0,0,,,0,,,0,,,,,,
fc466044-e1b1-4d9e-9b76-15155059fa80,Roofing,0c07538d-c0ff-4b0c-b800-0be39cb21326,2020-09-11 14:25:10.049076,2020-09-11 14:25:10.049076,0,,,,new, ,1,1,,0,,0,0,,,0,,,0,,,,,,
5be9f4db-decf-438a-b8c1-b1238ae6ab2e,Industrial cleaners,fbddc009-76ce-4ce9-809b-e09a18e57d89,2020-09-11 14:24:31.816966,2020-09-11 14:24:31.816966,0,,,,new, ,2,0,,0,,0,0,,,0,,,0,,,,,,
e4ebf336-3aee-4c8e-905f-06014e5a4164,Mold and mildew cleaners,fbddc009-76ce-4ce9-809b-e09a18e57d89,2020-09-11 14:24:50.621289,2020-09-11 14:24:50.621289,0,,,,new, ,4,0,,0,,0,0,,,0,,,0,,,,,,
6212b920-209e-4e0f-b1b7-c6718ac39fb3,Concrete and masonry sealers,3cc1e6e5-ca19-4198-889d-98e614794abf,2020-09-11 14:24:04.655764,2020-09-29 10:58:56.970788,0,,,,new, ,7,0,,0,,0,0,,,0,,,0,,,,,,
4ba8b94d-c785-475c-bbc8-8bfb65dd493a,"Caulks, sealants and adhesive",3cc1e6e5-ca19-4198-889d-98e614794abf,2020-09-11 14:23:31.378577,2020-09-11 14:23:31.378577,0,,,,new, ,4,8,,0,,0,0,,,0,,,0,,,,,,
de2ae879-d01c-4dbf-b5ff-78203ae38dc6,Loungewear,c2ae8df7-9a79-4d65-91d2-1467aa4bef38,2020-10-28 09:14:58.357391,2020-10-28 13:30:18.313868,0,,,e2f02684-7a2d-46b0-85ac-467231db9534,enabled, ,14,1,,11,fashion-and-apparel-loungewear,0,0,,,0,,,0,,,,,,
5a66e9c3-734c-4256-a31c-705ce8c024d0,Boots and booties,3ca090e9-f24e-4bfb-b702-5745bd5bd1e4,2020-10-28 09:42:12.909438,2020-10-28 09:42:12.909438,0,,,5f7c499d-bab4-4783-95e7-11d8a564ef86,new, ,2,0,,0,,0,0,,,0,,,0,,,,,,
de236e40-939b-444c-a456-f6192972eb8d,Cardigans,c2ae8df7-9a79-4d65-91d2-1467aa4bef38,2020-10-28 09:09:26.285133,2020-10-28 13:30:12.23632,0,,,e2f02684-7a2d-46b0-85ac-467231db9534,enabled, ,1,3,,21,fashion-and-apparel-cardigans,0,0,,,0,,,0,,,,,,
19bd5d83-6cee-4ce0-8b43-45077dbe2b13,Bags,c2ae8df7-9a79-4d65-91d2-1467aa4bef38,2020-10-28 09:14:43.941586,2020-10-28 13:30:17.890555,0,,,261c68bb-898a-4411-bd2f-a616e250028e,enabled, ,13,2,,13,fashion-and-apparel-bags,0,2,,,0,,,0,,,,,,
17509bed-ac20-49ae-ab4e-adc7dfe65b0e,Skirts,c2ae8df7-9a79-4d65-91d2-1467aa4bef38,2020-10-28 09:12:26.543079,2020-10-28 13:30:16.792368,0,,,e2f02684-7a2d-46b0-85ac-467231db9534,enabled, ,10,5,,36,fashion-and-apparel-skirts,0,0,,,0,,,0,,,,,,
14236936-7036-4fc7-962c-511e5d3be1cf,Sweeteners and sugar substitutes,ffcce1f2-8e2d-4b25-b3b6-0ba1d0764268,2020-11-13 15:52:49.150526,2020-11-13 15:52:49.150526,0,,,5f7c499d-bab4-4783-95e7-11d8a564ef86,new, ,13,44,,167,,0,0,,,0,,,0,,,,,,
dd10cfc3-de90-4628-adae-4bc39e0d49af,Underwear,c2ae8df7-9a79-4d65-91d2-1467aa4bef38,2020-10-28 09:14:06.267307,2020-12-03 13:14:49.426453,0,,,e2f02684-7a2d-46b0-85ac-467231db9534,enabled, ,11,27,,228,fashion-and-apparel-underwear,0,0,,,0,,,0,,,,,,
565062bd-eced-46a3-b571-03a5bab9b462,Cabinents,d66dcf14-d340-4047-9757-da56c44a7611,2020-09-11 14:26:01.521562,2020-09-11 14:26:01.521562,0,,,,new, ,1,0,,0,,0,0,,,0,,,0,,,,,,
387543b5-29f8-4c40-a424-89bd255bf589,Toys,eec8e432-6869-41a9-9b87-ebd7f8567ddc,2020-11-13 16:03:23.13469,2020-12-15 15:34:07.579051,0,,,5f7c499d-bab4-4783-95e7-11d8a564ef86,disabled, ,9,1,,1,home-and-interiors-toys,0,1,,,0,,,0,,,,,,
e37ff3b3-fc46-4edd-a18b-c1d7618318d4,Accessories,eec8e432-6869-41a9-9b87-ebd7f8567ddc,2020-09-29 14:23:11.372996,2020-12-15 15:34:09.279221,0,,,5f7c499d-bab4-4783-95e7-11d8a564ef86,disabled, ,8,2,,0,green-building-accessories,0,0,,,0,,,0,,,,,,
f5610f06-81e6-4b24-b784-bd27a3eb2d51,Energy solutions,eec8e432-6869-41a9-9b87-ebd7f8567ddc,2020-09-29 14:13:49.561395,2020-12-15 15:34:10.007983,0,,,5f7c499d-bab4-4783-95e7-11d8a564ef86,disabled, ,7,0,,0,green-building-energy-solutions,0,24,,,0,,,0,,,,,,
cbe2a6b3-c5a6-43e9-ac0e-77d748c4b082,Flavored tea,f858a527-f460-4927-ba49-120654c3747d,2020-08-25 13:15:49.77833,2020-08-25 13:15:53.905089,0,,,5f7c499d-bab4-4783-95e7-11d8a564ef86,enabled,Coming soon,4,13,,5,food-and-beverage-flavored-tea,0,0,,,0,,,0,,,,,,
e764c191-0530-4702-9b5e-966f96587672,Furniture,eec8e432-6869-41a9-9b87-ebd7f8567ddc,2020-09-21 13:12:09.470415,2020-12-15 15:34:10.609504,0,,,,disabled, ,6,5,,0,green-building-furniture,0,18,,,0,,,0,,,,,,
d66dcf14-d340-4047-9757-da56c44a7611,Fixtures,eec8e432-6869-41a9-9b87-ebd7f8567ddc,2020-09-11 14:25:48.783824,2020-12-15 15:34:11.0892,0,,,,disabled, ,5,1,,0,green-building-fixtures,0,0,,,0,,,0,,,,,,
8f4c103e-73cf-4654-9642-0ad6b8723719,Lighting,f5610f06-81e6-4b24-b784-bd27a3eb2d51,2020-09-29 14:14:21.492301,2020-09-29 14:14:21.492301,0,,,5f7c499d-bab4-4783-95e7-11d8a564ef86,new, ,1,0,,0,,0,3,,,0,,,0,,,,,,
271f9326-3be1-43a8-ba54-e15b69a1b16d,Heating and air conditioning,f5610f06-81e6-4b24-b784-bd27a3eb2d51,2020-09-29 14:16:39.018642,2020-09-29 14:16:39.018642,0,,,5f7c499d-bab4-4783-95e7-11d8a564ef86,new, ,4,1,,0,,0,0,,,0,,,0,,,,,,
c8a37211-60e7-4f97-87e8-2a11b130ba84,Automation,f5610f06-81e6-4b24-b784-bd27a3eb2d51,2020-09-29 14:15:07.338926,2020-09-29 14:15:07.338926,0,,,5f7c499d-bab4-4783-95e7-11d8a564ef86,new, ,2,0,,0,,0,0,,,0,,,0,,,,,,
a931e4bc-cebb-4246-8d18-9891efe0a52f,Clogs and sandals,3ca090e9-f24e-4bfb-b702-5745bd5bd1e4,2020-10-28 09:42:57.764026,2020-10-28 09:42:57.764026,0,,,5f7c499d-bab4-4783-95e7-11d8a564ef86,new, ,3,0,,0,,0,0,,,0,,,0,,,,,,
6024304b-030b-44bb-9494-ec51a8ce86d5,Water Treatment,f5610f06-81e6-4b24-b784-bd27a3eb2d51,2020-09-29 14:15:57.980559,2020-09-29 14:16:22.117377,0,,,5f7c499d-bab4-4783-95e7-11d8a564ef86,new, ,3,1,,0,,0,0,,,0,,,0,,,,,,
ad5d05d9-ae76-4fb3-9590-3c5cd44caf12,Insulation,0c07538d-c0ff-4b0c-b800-0be39cb21326,2020-09-11 14:25:39.694043,2020-09-11 14:25:39.694043,0,,,,new, ,5,1,,0,,0,0,,,0,,,0,,,,,,
bab35ebc-7e87-4eb8-bb48-4f90d4f9ecc4,Loafers,3ca090e9-f24e-4bfb-b702-5745bd5bd1e4,2020-10-28 09:45:38.021414,2020-10-28 09:45:38.021414,0,,,5f7c499d-bab4-4783-95e7-11d8a564ef86,new, ,5,0,,0,,0,0,,,0,,,0,,,,,,
f2eb8b0c-d5f2-4931-b01f-b403d6d6df9c,Countertops,d66dcf14-d340-4047-9757-da56c44a7611,2020-09-11 14:30:51.859821,2020-09-11 14:30:51.859821,0,,,,new, ,2,4,,0,,0,0,,,0,,,0,,,,,,
769da2e4-e42f-4ed4-9d1d-25bc20742373,Household linen,eec8e432-6869-41a9-9b87-ebd7f8567ddc,2020-11-16 14:06:52.573384,2020-12-15 15:35:45.591545,0,,,9351835d-e963-4627-808f-a34c16f458ee,enabled,1,10,1,,1,home-and-interiors-household-linen,0,0,,,0,,,0,,,,,,
a3c1f0f2-fd41-4211-b5c3-7a1ba9aa62d1,Table linen,769da2e4-e42f-4ed4-9d1d-25bc20742373,2020-11-16 14:38:02.474991,2020-12-15 15:35:42.195198,0,,,5f7c499d-bab4-4783-95e7-11d8a564ef86,disabled,1,2,0,,0,home-and-interiors-table-linen,0,0,,,0,,,0,,,,,,
9a1cd5d6-6fd6-4b8f-b07c-76c4ab3584c4,Tops,c2ae8df7-9a79-4d65-91d2-1467aa4bef38,2020-10-28 09:10:45.153933,2020-10-28 13:30:14.400363,0,,,e2f02684-7a2d-46b0-85ac-467231db9534,enabled, ,5,6,,119,fashion-and-apparel-tops,0,0,,,0,,,0,,,,,,
ec9e1c97-ff94-4857-989a-c223d4390f67,Bed linen,769da2e4-e42f-4ed4-9d1d-25bc20742373,2020-11-16 14:37:43.510026,2020-11-16 14:38:51.132673,0,,,5f7c499d-bab4-4783-95e7-11d8a564ef86,enabled,1,1,1,,44,home-and-interiors-bed-linen,0,0,,,0,,,0,,,,,,
63cc375c-7ec0-4095-824f-d8cf5a5529ee,Curtains and draperies,769da2e4-e42f-4ed4-9d1d-25bc20742373,2020-11-16 14:38:17.380073,2020-12-15 15:35:45.582312,0,,,5f7c499d-bab4-4783-95e7-11d8a564ef86,disabled,1,3,0,,0,home-and-interiors-curtains-and-draperies,0,0,,,0,,,0,,,,,,
e2998f57-790c-47b8-94bf-4c5cf2ccf126,Kitchen linen,769da2e4-e42f-4ed4-9d1d-25bc20742373,2020-11-16 14:38:46.373001,2020-11-16 14:38:53.419032,0,,,5f7c499d-bab4-4783-95e7-11d8a564ef86,enabled,1,5,1,,11,home-and-interiors-kitchen-linen,0,0,,,0,,,0,,,,,,
fd721155-a181-41ec-b8f5-42612048c095,Chicken,86143d85-d4f8-495d-8607-c08b762e4bef,2020-07-28 22:05:33.492806,2020-09-28 15:43:27.110546,0,,,5f7c499d-bab4-4783-95e7-11d8a564ef86,enabled, ,1,1,,12,food-and-beverage-chicken,0,0,,,0,,,0,,,,,,
1bb4835f-44cd-4093-ad8b-0e9bba79bc93,Bathroom linen,769da2e4-e42f-4ed4-9d1d-25bc20742373,2020-11-16 14:38:31.606303,2020-11-16 14:38:52.994538,0,,,5f7c499d-bab4-4783-95e7-11d8a564ef86,enabled,1,4,1,,134,home-and-interiors-bathroom-linen,0,0,,,0,,,0,,,,,,
3bda9a92-fef2-4e4d-b74c-985aea9282ff,Beef,86143d85-d4f8-495d-8607-c08b762e4bef,2020-07-28 22:07:05.960066,2020-09-28 15:46:05.403988,0,,,5f7c499d-bab4-4783-95e7-11d8a564ef86,enabled, ,4,9,,4,food-and-beverage-beef,0,0,,,0,,,0,,,,,,
ac65c1a8-e8ae-4212-8172-399951c129b9,Pork,86143d85-d4f8-495d-8607-c08b762e4bef,2020-07-28 22:07:16.433372,2020-09-28 15:46:27.08922,0,,,5f7c499d-bab4-4783-95e7-11d8a564ef86,enabled, ,5,2,,5,food-and-beverage-pork,0,0,,,0,,,0,,,,,,
b1400ef7-9db3-46ac-aa2c-2835e319e563,Body care,1d47f63b-8e49-4309-96e4-e8c6dccd7219,2020-08-31 14:52:32.756365,2020-11-06 15:51:18.173211,7,,,5f7c499d-bab4-4783-95e7-11d8a564ef86,enabled, ,7,258,,43,cosmetics-and-beauty-body-care,0,0,,,0,,,0,,,,,,
a674204b-d57b-4a19-9ffc-fe8afd136191,Wine,cd30def1-2053-421f-a13a-77e1b7983a96,2020-02-13 10:11:09.17021,2020-08-06 16:29:38.811134,0,,,5f7c499d-bab4-4783-95e7-11d8a564ef86,enabled,  ,12,252,,93,food-beverage-wine,3,11,,,0,,,0,,,,,,
c7b073b5-d44e-44a7-af74-b72bba6dedf9,Other poultry,86143d85-d4f8-495d-8607-c08b762e4bef,2020-07-28 22:06:30.128431,2020-09-28 15:47:18.568068,0,,,5f7c499d-bab4-4783-95e7-11d8a564ef86,enabled, ,3,1,,8,food-and-beverage-other-poultry,0,0,,,0,,,0,,,,,,
6fedadf3-b4f1-4334-91b9-782a8d110c8d,Accessories,c2ae8df7-9a79-4d65-91d2-1467aa4bef38,2020-10-28 09:14:25.895991,2020-10-28 13:30:17.50246,0,,,261c68bb-898a-4411-bd2f-a616e250028e,enabled, ,12,6,,72,fashion-and-apparel-accessories,0,0,,,0,,,0,,,,,,
9ff5ff7c-6ed8-4636-8c48-27df1d30de23,Recycled leather,d83ab3cb-edb3-41e0-96d1-a65fb94c9153,2020-08-14 10:30:58.466296,2020-08-21 18:40:57.485781,0,,,86c8d37b-3ded-4a14-88b2-80bd3bff8cc7,enabled, ,13,4,,7,textiles-yarns-and-fibers-recycled-leather,0,0,,,0,,,0,,,,,,
0c07538d-c0ff-4b0c-b800-0be39cb21326,"Walls, windows and roofs",eec8e432-6869-41a9-9b87-ebd7f8567ddc,2020-09-11 14:25:00.881779,2020-12-15 15:34:11.552507,0,,,,disabled, ,4,4,,1,green-building-walls-windows-and-roofs,0,0,,,0,,,0,,,,,,
0c7fc49c-b297-4314-9a0a-ea8fa0ad53e2,Decaffeinated coffee,dd73b88c-0e1b-4bd0-b4c1-f10c673d3191,2020-08-25 13:12:02.201344,2020-08-25 13:13:52.58808,0,,,5f7c499d-bab4-4783-95e7-11d8a564ef86,enabled,Coming soon,4,24,,2,food-and-beverage-decaffeinated-coffee,0,0,,,0,,,0,,,,,,
dd6c482c-3328-4758-97e3-2f47f44069f7,Alpaca,d83ab3cb-edb3-41e0-96d1-a65fb94c9153,2020-08-14 10:29:18.026171,2020-08-21 18:27:25.9217,0,,,86c8d37b-3ded-4a14-88b2-80bd3bff8cc7,enabled, ,9,2,,2,textiles-yarns-and-fibers-alpaca,0,0,,,0,,,0,,,,,,
7ed0c26d-3713-4c17-94b8-807922142b81,Blush,ee603131-55e8-4cf3-8eb5-3b42f50ccc2b,2020-08-31 15:24:44.511941,2020-08-31 15:26:12.607031,0,,,5f7c499d-bab4-4783-95e7-11d8a564ef86,enabled, ,5,9,,8,cosmetics-and-beauty-blush,0,0,,,0,,,0,,,,,,
d671a799-f817-426d-b654-83e751713c04,Pima cotton,c9244271-c396-48b6-bc8d-f71b70e0beeb,2020-08-14 09:21:12.424402,2020-08-14 10:13:10.245939,0,,,5f7c499d-bab4-4783-95e7-11d8a564ef86,disabled, ,2,13,,250,textiles-yarns-and-fibers-pima-cotton,0,0,,,0,,,0,,,,,,
135c9215-7fe5-4961-a991-35e11d0d06ec,Kombucha,0fae2de1-6537-4d36-9cdb-30edf1e37990,2020-02-10 16:57:06.722216,2020-11-16 16:54:23.420109,0,,,5f7c499d-bab4-4783-95e7-11d8a564ef86,disabled,  ,1,33,,51,food-beverage-kombucha,0,0,,,0,,,0,,,,,,
3e408b8d-641b-4918-8c7b-e3293d915a59,Nail polish remover,f270564d-05c5-4b7a-8745-a98974fdc711,2020-08-31 15:41:07.833351,2020-08-31 16:41:31.241878,0,,,5f7c499d-bab4-4783-95e7-11d8a564ef86,enabled, ,2,25,,1,cosmetics-and-beauty-nail-polish-remover,0,0,,,0,,,0,,,,,,
6750006e-b561-4910-b39e-a35f00d7fc87,Cashmere,d83ab3cb-edb3-41e0-96d1-a65fb94c9153,2020-08-14 10:28:54.258732,2020-08-21 18:26:32.198993,0,,,86c8d37b-3ded-4a14-88b2-80bd3bff8cc7,enabled, ,8,10,,14,textiles-yarns-and-fibers-cashmere,0,0,,,0,,,0,,,,,,
3d8edce0-120e-4e1e-ae2a-78331531e85e,Hair coloration,79eb02c9-d1db-493b-8f2e-3c5cb535232e,2020-08-31 15:17:29.741516,2020-09-03 15:11:44.266085,0,,,5f7c499d-bab4-4783-95e7-11d8a564ef86,enabled, ,4,13,,61,cosmetics-and-beauty-hair-colors,0,0,,,0,,,0,,,,,,
a382ece6-48e0-46db-b1ea-255cf7c277ea,Seed,92085400-358c-4ea4-a691-5f0fca04bbd7,2020-05-04 11:58:34.29951,2020-05-04 11:59:12.50585,0,,,5f7c499d-bab4-4783-95e7-11d8a564ef86,enabled, ,4,2,,14,flowers-plants-and-seeds-seed,0,0,,,0,,,0,,,,,,
2d075a10-c545-4d21-ba6b-904babbe4eb3,Organic cotton,c9244271-c396-48b6-bc8d-f71b70e0beeb,2020-08-14 09:21:29.154566,2020-08-14 10:13:10.974261,0,,,5f7c499d-bab4-4783-95e7-11d8a564ef86,disabled, ,3,91,,284,textiles-yarns-and-fibers-organic-cotton,0,0,,,0,,,0,,,,,,
1b587a32-b6b3-4ec7-998f-4e6b5bfaeccb,Mascara,ee603131-55e8-4cf3-8eb5-3b42f50ccc2b,2020-08-31 15:24:13.701255,2020-08-31 15:26:11.70535,0,,,5f7c499d-bab4-4783-95e7-11d8a564ef86,enabled, ,4,22,,20,cosmetics-and-beauty-mascara,0,0,,,0,,,0,,,,,,
319ae339-224b-4069-bc26-79278d4797ee,White tea,f858a527-f460-4927-ba49-120654c3747d,2020-08-25 13:15:37.88656,2020-08-25 13:15:53.547787,0,,,5f7c499d-bab4-4783-95e7-11d8a564ef86,enabled,Coming soon,3,14,,11,food-and-beverage-white-tea,0,0,,,0,,,0,,,,,,
5b983898-f8d9-4174-a16d-3f0fb62d6845,Jute,599de445-e713-4420-82b8-31c585522dea,2020-09-01 13:46:33.980743,2020-09-01 13:46:33.980743,0,,,86c8d37b-3ded-4a14-88b2-80bd3bff8cc7,new, ,1,3,,1,,0,0,,,0,,,0,,,,,,
4e96f732-e4e9-470f-b4f2-7e6a9cf3a0a6,Potted plants,92085400-358c-4ea4-a691-5f0fca04bbd7,2020-05-04 11:57:23.625452,2020-05-04 21:15:04.895185,0,,,5f7c499d-bab4-4783-95e7-11d8a564ef86,enabled, ,1,2,,6,flowers-plants-and-seeds-plants,0,0,,,0,,,0,,,,,,
fb2e5491-78b7-4797-8a66-e0f4905ff17a,Cupro,d36696b7-cd59-4f4e-8f7e-d575f1caed07,2020-08-14 10:33:01.355011,2020-08-21 19:25:23.099281,0,,,86c8d37b-3ded-4a14-88b2-80bd3bff8cc7,enabled, ,3,11,,54,textiles-yarns-and-fibers-cupro,0,0,,,0,,,0,,,,,,
fc7d0a6d-d06d-41b5-ae18-ea4ab928fcdf,Perfume,50658c35-e7fb-4d11-9da0-99a5ffa8dd7b,2020-08-31 15:27:49.399014,2020-08-31 21:01:25.044564,0,,,5f7c499d-bab4-4783-95e7-11d8a564ef86,enabled, ,1,30,,63,cosmetics-and-beauty-perfume,0,0,,,0,,,0,,,,,,
e21197e0-73ff-445f-a8ca-34920524e165,Toothpaste,0864a7ab-624a-4956-a6d1-662a451fcbb3,2020-08-31 14:57:30.27531,2020-08-31 15:00:15.072339,0,,,5f7c499d-bab4-4783-95e7-11d8a564ef86,enabled, ,2,67,,70,cosmetics-and-beauty-toothpaste,0,0,,,0,,,0,,,,,,
cd30def1-2053-421f-a13a-77e1b7983a96,Beverage,580b9d55-ffc1-46d3-86f4-da1ba3a29a23,2020-07-28 20:51:42.407012,2020-11-10 13:25:50.283826,1,,,5f7c499d-bab4-4783-95e7-11d8a564ef86,enabled, ,21,39,,13,food-and-beverage-beverage,0,0,,,0,,,0,,,,,,
2405fd52-2d7a-4fab-b353-392ce5719995,Meat and poultry2,580b9d55-ffc1-46d3-86f4-da1ba3a29a23,2020-02-13 10:12:40.162215,2020-09-28 15:50:06.732979,0,,,5f7c499d-bab4-4783-95e7-11d8a564ef86,disabled,  ,25,24,,36,food-and-beverage-meat-and-poultry,0,1,,,0,,,0,,,,,,
50d7c0a8-bb9c-4d70-b52a-82b454a87f20,Body wash,b1400ef7-9db3-46ac-aa2c-2835e319e563,2020-08-31 20:57:27.605192,2020-11-06 15:51:18.16747,0,,,5f7c499d-bab4-4783-95e7-11d8a564ef86,disabled, ,7,10,,6,cosmetics-and-beauty-body-wash,0,0,,,0,,,0,,,,,,
233ca0b3-146e-4d32-b1c0-4ae83e1c8f7d,Fragrant oils,50658c35-e7fb-4d11-9da0-99a5ffa8dd7b,2020-08-31 15:30:21.789288,2020-08-31 21:01:26.579567,0,,,5f7c499d-bab4-4783-95e7-11d8a564ef86,enabled, ,2,12,,60,cosmetics-and-beauty-fragrant-oils,0,0,,,0,,,0,,,,,,
4c5bbe3d-6ec9-46e2-a606-e7ac95002616,After sun care,05f12ccf-78ce-4e9b-b67a-2dc91905ffd1,2020-08-31 21:00:18.79718,2020-08-31 21:00:38.357988,0,,,5f7c499d-bab4-4783-95e7-11d8a564ef86,enabled, ,3,22,,15,cosmetics-and-beauty-after-sun-care,0,0,,,0,,,0,,,,,,
c5e69a1d-dbd9-42fe-bd66-5550878a7319,Silk,d83ab3cb-edb3-41e0-96d1-a65fb94c9153,2020-02-13 10:20:50.534517,2020-08-21 18:21:16.07786,0,,,86c8d37b-3ded-4a14-88b2-80bd3bff8cc7,enabled,  ,2,49,,86,textiles-yarns-and-fibers-silk,0,0,,,0,,,0,,,,,,
f318d8a3-848b-4050-801d-72713fd9a21b,Modal,d36696b7-cd59-4f4e-8f7e-d575f1caed07,2020-08-14 10:33:17.055949,2020-08-21 19:25:41.901879,0,,,86c8d37b-3ded-4a14-88b2-80bd3bff8cc7,enabled, ,4,17,,11,textiles-yarns-and-fibers-modal,0,0,,,0,,,0,,,,,,
ff27a599-51bf-4e20-b74f-2a0144f8d246,Facial toner,c07be53d-1254-4708-9b71-0072f6d1bc4d,2020-08-31 20:03:26.755758,2020-08-31 21:01:01.450543,0,,,5f7c499d-bab4-4783-95e7-11d8a564ef86,enabled, ,6,35,,28,cosmetics-and-beauty-facial-toner,0,0,,,0,,,0,,,,,,
bb1e5327-70f9-41c9-a240-915598eeb0a7,Lip & eyeliner,ee603131-55e8-4cf3-8eb5-3b42f50ccc2b,2020-08-31 15:20:58.622797,2020-08-31 15:26:09.723225,0,,,5f7c499d-bab4-4783-95e7-11d8a564ef86,enabled, ,1,87,,74,cosmetics-and-beauty-lip-eyeliner,0,0,,,0,,,0,,,,,,
a91c59b6-ed74-4f53-92d4-0428ac8311aa,Body lotion,b1400ef7-9db3-46ac-aa2c-2835e319e563,2020-08-31 20:53:25.78609,2020-08-31 21:00:49.635971,0,,,5f7c499d-bab4-4783-95e7-11d8a564ef86,enabled, ,6,39,,45,cosmetics-and-beauty-body-lotion,0,0,,,0,,,0,,,,,,
86c825b8-e5cb-4cae-bc2f-98a294f69a79,Milk alternatives,654966a8-5f04-41e3-8b96-3202c41af087,2020-02-13 10:10:08.868994,2020-11-13 15:22:48.54839,0,,,5f7c499d-bab4-4783-95e7-11d8a564ef86,enabled,  ,9,44,,157,food-beverage-milk-alternatives,0,0,,,0,,,0,,,,,,
50815d42-46b8-4ef0-8f2e-80dd5b08a6a0,Mouthwash,0864a7ab-624a-4956-a6d1-662a451fcbb3,2020-08-31 14:58:22.295461,2020-08-31 15:00:16.116596,0,,,5f7c499d-bab4-4783-95e7-11d8a564ef86,enabled, ,3,15,,13,cosmetics-and-beauty-mouthwash,0,0,,,0,,,0,,,,,,
a627e7fb-eef2-4252-bf35-b8b461fedf76,Hair Conditioner,79eb02c9-d1db-493b-8f2e-3c5cb535232e,2020-08-31 15:07:56.733869,2020-08-31 15:18:55.733402,0,,,5f7c499d-bab4-4783-95e7-11d8a564ef86,enabled, ,1,54,,92,cosmetics-and-beauty-hair-conditioner,0,0,,,0,,,0,,,,,,
e8b74e75-4970-464b-9225-fe17f13bd6a4,Arabica coffee,dd73b88c-0e1b-4bd0-b4c1-f10c673d3191,2020-08-25 13:10:57.818234,2020-08-25 13:13:51.166149,0,,,5f7c499d-bab4-4783-95e7-11d8a564ef86,enabled,Coming soon,1,1884,,6,food-and-beverage-arabica-coffee,0,0,,,0,,,0,,,,,,
49ce63c3-3d3f-4f14-9202-155b77bef608,Lyocell,d36696b7-cd59-4f4e-8f7e-d575f1caed07,2020-02-13 10:22:06.083343,2020-08-21 18:42:23.152412,0,,,86c8d37b-3ded-4a14-88b2-80bd3bff8cc7,enabled,  ,1,67,,170,textiles-yarns-and-fibers-lyocell,0,0,,,0,,,0,,,,,,
2318032e-4e64-4fb3-8c67-773590c91bb7,Viscose,d36696b7-cd59-4f4e-8f7e-d575f1caed07,2020-08-14 10:32:49.314594,2020-08-21 19:22:45.959919,0,,,86c8d37b-3ded-4a14-88b2-80bd3bff8cc7,enabled, ,2,90,,237,textiles-yarns-and-fibers-viscose,0,0,,,0,,,0,,,,,,
20245ede-1c5c-4c24-b869-d9eb84288eb5,Antiperspirant & deodorants,b1400ef7-9db3-46ac-aa2c-2835e319e563,2020-08-31 20:50:22.634659,2020-08-31 21:00:46.485725,0,,,5f7c499d-bab4-4783-95e7-11d8a564ef86,enabled, ,2,80,,121,cosmetics-and-beauty-antiperspirant-deodorants,0,0,,,0,,,0,,,,,,
26735415-d78e-47e0-bc0b-4c654d3b4f6c,Exfoliator,c07be53d-1254-4708-9b71-0072f6d1bc4d,2020-08-31 19:58:42.102357,2020-08-31 21:00:59.804474,0,,,5f7c499d-bab4-4783-95e7-11d8a564ef86,enabled, ,4,50,,71,cosmetics-and-beauty-exfoliator,0,0,,,0,,,0,,,,,,
f41bba18-3fd2-44ea-88c8-a4e0c638ec38,Hemp,599de445-e713-4420-82b8-31c585522dea,2020-09-01 13:47:43.69805,2020-09-01 13:47:43.69805,0,,,86c8d37b-3ded-4a14-88b2-80bd3bff8cc7,new, ,4,13,,13,,0,0,,,0,,,0,,,,,,
162b8b07-e0d2-4030-9acf-b67a77f33bdd,Recycled polyester,08b682e0-7b45-4683-9451-45abf17e1ceb,2020-02-13 10:40:34.442218,2020-08-21 19:28:04.200297,0,,,86c8d37b-3ded-4a14-88b2-80bd3bff8cc7,enabled,  ,1,78,,137,textiles-and-yarns-recycled-polyester,0,0,,,0,,,0,,,,,,
71cf87be-ae16-4c34-aa66-479402203533,Eye shadow,ee603131-55e8-4cf3-8eb5-3b42f50ccc2b,2020-08-31 15:23:06.071472,2020-08-31 15:26:11.019188,0,,,5f7c499d-bab4-4783-95e7-11d8a564ef86,enabled, ,3,12,,32,cosmetics-and-beauty-eye-shadow,0,0,,,0,,,0,,,,,,
5d7d8f4c-19cb-4e82-846f-c1adfa946dcc,Tanning products,05f12ccf-78ce-4e9b-b67a-2dc91905ffd1,2020-08-31 20:59:18.585671,2020-09-03 14:50:14.347696,0,,,5f7c499d-bab4-4783-95e7-11d8a564ef86,enabled, ,1,13,,8,cosmetics-and-beauty-spray-tan,0,0,,,0,,,0,,,,,,
75d19c08-420f-442a-b496-aa1cff6a19fd, Sunscreen,05f12ccf-78ce-4e9b-b67a-2dc91905ffd1,2020-08-31 20:59:47.278837,2020-08-31 21:00:37.475877,0,,,5f7c499d-bab4-4783-95e7-11d8a564ef86,enabled, ,2,22,,51,cosmetics-and-beauty-sunscreen,0,0,,,0,,,0,,,,,,
f858a527-f460-4927-ba49-120654c3747d,Tea,580b9d55-ffc1-46d3-86f4-da1ba3a29a23,2020-02-13 10:10:51.662991,2020-11-06 17:09:44.479343,4,,,5f7c499d-bab4-4783-95e7-11d8a564ef86,enabled,  ,24,569,,784,food-beverage-tea,0,1,,,0,,,0,,,,,,
19e3cb92-a1fe-4b5b-818c-66d1464e22f0,Moisturiser,c07be53d-1254-4708-9b71-0072f6d1bc4d,2020-08-31 20:46:53.665349,2020-08-31 21:01:05.184832,0,,,5f7c499d-bab4-4783-95e7-11d8a564ef86,enabled, ,8,159,,413,cosmetics-and-beauty-moisturiser,0,0,,,0,,,0,,,,,,
2d84726c-590c-4c7a-9214-db43a22758d7,Mask ,c07be53d-1254-4708-9b71-0072f6d1bc4d,2020-08-31 16:45:16.024851,2020-09-28 11:16:59.059225,0,,,5f7c499d-bab4-4783-95e7-11d8a564ef86,enabled, ,2,75,,165,cosmetics-and-beauty-facial-mask,0,0,,,0,,,0,,,,,,
e0eabd9c-6ba2-439d-b90e-916b1e578707,Face cleanser,c07be53d-1254-4708-9b71-0072f6d1bc4d,2020-08-31 16:44:23.629895,2020-09-28 11:11:03.677949,0,,,5f7c499d-bab4-4783-95e7-11d8a564ef86,enabled, ,1,188,,202,cosmetics-and-beauty-cleansing-lotion,0,0,,,0,,,0,,,,,,
335668a8-e9fc-4f4a-9051-a4725bfa58e6,disabled Grocery,580b9d55-ffc1-46d3-86f4-da1ba3a29a23,2020-02-13 10:13:11.373282,2020-12-17 19:47:11.110499,0,,,5f7c499d-bab4-4783-95e7-11d8a564ef86,disabled,  ,27,152,,1013,food-and-beverage-pantry,0,2,,,0,,,0,,,,,,
1cc85139-5c55-41bc-82f2-00639eae6f70,Body soap,b1400ef7-9db3-46ac-aa2c-2835e319e563,2020-08-31 20:48:47.783344,2020-08-31 21:29:07.362903,0,,,5f7c499d-bab4-4783-95e7-11d8a564ef86,enabled, ,1,154,,262,cosmetics-and-beauty-soap,0,0,,,0,,,0,,,,,,
2a7a2298-252b-48b4-9317-7de4b0998b23,Acetate,d36696b7-cd59-4f4e-8f7e-d575f1caed07,2020-08-14 10:33:29.842821,2020-08-21 19:25:55.063989,0,,,86c8d37b-3ded-4a14-88b2-80bd3bff8cc7,enabled, ,5,14,,29,textiles-yarns-and-fibers-acetate,0,0,,,0,,,0,,,,,,
c9c2a6a3-dc53-4c8d-a275-2710dfe98545,Linen,6318cca7-fb21-4137-a5cd-670f853a94d7,2020-02-13 10:19:47.8892,2020-08-21 19:30:52.156246,0,,,86c8d37b-3ded-4a14-88b2-80bd3bff8cc7,enabled,  ,6,77,,153,textiles-yarns-and-fibers-linen,0,0,,,0,,,0,,,,,,
af08ee68-6e87-4aeb-8f16-8df5bb3db973,Body scrub,b1400ef7-9db3-46ac-aa2c-2835e319e563,2020-08-31 20:51:55.209747,2020-08-31 21:00:48.104394,0,,,5f7c499d-bab4-4783-95e7-11d8a564ef86,enabled, ,4,100,,30,cosmetics-and-beauty-body-scrub,0,0,,,0,,,0,,,,,,
c04a1da8-c892-44a6-8c48-483acbe0c390,Hair removal,c07be53d-1254-4708-9b71-0072f6d1bc4d,2020-08-31 20:47:35.153226,2020-09-28 11:19:19.465676,0,,,5f7c499d-bab4-4783-95e7-11d8a564ef86,enabled, ,9,27,,19,cosmetics-and-beauty-shaving-cream,0,0,,,0,,,0,,,,,,
654966a8-5f04-41e3-8b96-3202c41af087,Eggs and Dairy Products,580b9d55-ffc1-46d3-86f4-da1ba3a29a23,2020-07-28 15:19:56.91659,2020-11-13 15:24:22.925263,1,,,5f7c499d-bab4-4783-95e7-11d8a564ef86,enabled, ,14,20,,0,food-and-beverage-eggs-and-dairy-products,0,0,,,0,,,0,,,,,,
0864a7ab-624a-4956-a6d1-662a451fcbb3,Oral care,1d47f63b-8e49-4309-96e4-e8c6dccd7219,2020-08-31 14:43:50.62406,2020-08-31 15:00:18.035544,0,,,5f7c499d-bab4-4783-95e7-11d8a564ef86,enabled, ,1,60,,56,cosmetics-and-beauty-oral-care,0,0,,,0,,,0,,,,,,
f82983a5-f1ba-40c7-ad88-bea52fcaa491,Hydrating & anti-aging cream,c07be53d-1254-4708-9b71-0072f6d1bc4d,2020-08-31 20:02:30.006198,2020-08-31 21:01:00.647121,0,,,5f7c499d-bab4-4783-95e7-11d8a564ef86,enabled, ,5,88,,80,cosmetics-and-beauty-hydrating-anti-aging-cream,0,0,,,0,,,0,,,,,,
d04bfdfe-c5c8-4e49-b2a4-0fd1db613ed1,Other synthetic fibers,08b682e0-7b45-4683-9451-45abf17e1ceb,2020-08-14 10:36:00.682791,2020-08-21 19:29:15.724349,0,,,86c8d37b-3ded-4a14-88b2-80bd3bff8cc7,enabled, ,5,55,,46,textiles-yarns-and-fibers-other-synthetic-fibers,0,0,,,0,,,0,,,,,,
05240934-3f90-44bb-9c19-0a5adb9c40a6,Shower gel,b1400ef7-9db3-46ac-aa2c-2835e319e563,2020-08-31 20:52:50.279697,2020-08-31 21:00:48.875018,0,,,5f7c499d-bab4-4783-95e7-11d8a564ef86,enabled, ,5,143,,216,cosmetics-and-beauty-shower-gel,0,0,,,0,,,0,,,,,,
026b46da-9681-4e70-acc2-2eeb933872c7,Other hair care,79eb02c9-d1db-493b-8f2e-3c5cb535232e,2020-08-31 15:17:55.233475,2020-08-31 15:18:54.57684,0,,,5f7c499d-bab4-4783-95e7-11d8a564ef86,enabled, ,5,37,,76,cosmetics-and-beauty-other-hair-care,0,0,,,0,,,0,,,,,,
967f8204-0682-4287-aad7-711df2f013d0,Other wool,d83ab3cb-edb3-41e0-96d1-a65fb94c9153,2020-08-14 10:29:53.834734,2020-08-21 18:28:47.580742,0,,,86c8d37b-3ded-4a14-88b2-80bd3bff8cc7,enabled, ,11,52,,249,textiles-yarns-and-fibers-other-wool,0,1,,,0,,,0,,,,,,
ed8cbe70-4e65-4c86-ae5b-33a666d0a7f8,Body oil,b1400ef7-9db3-46ac-aa2c-2835e319e563,2020-08-31 20:51:19.271086,2020-08-31 21:00:47.257425,0,,,5f7c499d-bab4-4783-95e7-11d8a564ef86,enabled, ,3,112,,202,cosmetics-and-beauty-body-oil,0,0,,,0,,,0,,,,,,
79eb02c9-d1db-493b-8f2e-3c5cb535232e,Hair care,1d47f63b-8e49-4309-96e4-e8c6dccd7219,2020-08-31 14:44:46.346562,2020-09-03 15:11:44.271533,0,,,5f7c499d-bab4-4783-95e7-11d8a564ef86,enabled, ,2,194,,100,cosmetics-and-beauty-hair-care,0,0,,,0,,,0,,,,,,
f77e847d-e91c-41c1-8158-970af4cc92e0,Lipstick & gloss,ee603131-55e8-4cf3-8eb5-3b42f50ccc2b,2020-08-31 15:22:01.538424,2020-08-31 15:26:10.380761,0,,,5f7c499d-bab4-4783-95e7-11d8a564ef86,enabled, ,2,20,,47,cosmetics-and-beauty-lipstick-gloss,0,0,,,0,,,0,,,,,,
f1aba43a-bf0d-41da-a862-bb12a8657799,Eye cream,c07be53d-1254-4708-9b71-0072f6d1bc4d,2020-08-31 20:45:59.975069,2020-08-31 21:01:02.207686,0,,,5f7c499d-bab4-4783-95e7-11d8a564ef86,enabled, ,7,136,,82,cosmetics-and-beauty-eye-cream,0,0,,,0,,,0,,,,,,
2099d94d-685d-430c-a4a0-d69c837c4848,Other nail supplies,f270564d-05c5-4b7a-8745-a98974fdc711,2020-08-31 16:41:04.168046,2020-08-31 16:41:32.86613,0,,,5f7c499d-bab4-4783-95e7-11d8a564ef86,enabled, ,4,10,,12,cosmetics-and-beauty-other-nail-supplies,0,0,,,0,,,0,,,,,,
80fa9cea-73f7-4d8f-a5a7-a0ab2035a0d7,Foundation & powder,ee603131-55e8-4cf3-8eb5-3b42f50ccc2b,2020-08-31 15:25:54.158268,2020-08-31 15:26:13.353593,0,,,5f7c499d-bab4-4783-95e7-11d8a564ef86,enabled, ,6,32,,62,cosmetics-and-beauty-foundation-powder,0,0,,,0,,,0,,,,,,
bc9dbe8e-91d5-4b21-950d-41be03c05912,Shampoo,79eb02c9-d1db-493b-8f2e-3c5cb535232e,2020-08-31 15:09:21.196113,2020-08-31 15:18:51.521406,0,,,5f7c499d-bab4-4783-95e7-11d8a564ef86,enabled, ,2,186,,131,cosmetics-and-beauty-shampoo,0,0,,,0,,,0,,,,,,
09fd1a21-5d63-44e1-8e07-a59102a1ead1,Serum,c07be53d-1254-4708-9b71-0072f6d1bc4d,2020-08-31 19:57:30.292493,2020-08-31 21:00:58.631977,0,,,5f7c499d-bab4-4783-95e7-11d8a564ef86,enabled, ,3,145,,111,cosmetics-and-beauty-serum,0,0,,,0,,,0,,,,,,
8577a9fc-0078-4239-a9fd-b84683c6d62e,Organic cotton,1a0c6ae9-dcdc-4c2f-bf8d-bb6fd53efd8e,2020-02-13 10:19:25.847132,2020-12-24 17:17:32.226166,0,,,86c8d37b-3ded-4a14-88b2-80bd3bff8cc7,enabled,  ,2,151,,704,textiles-yarns-and-fibers-organic-cotton-bis,0,3,,,0,,,0,,,,,,
fafb502b-dab9-47c7-addb-a4376e8a78fc,old Coffee-diseabled,580b9d55-ffc1-46d3-86f4-da1ba3a29a23,2019-09-12 17:23:06.254168,2020-12-24 17:17:31.989594,0,,,5f7c499d-bab4-4783-95e7-11d8a564ef86,disabled,Coming soon,4,1,,0,food-and-beverage-coffee-bis,0,0,,,0,,,0,,,,,,
9423b835-1168-4b5c-bbd3-1d93772473aa,Seafood,580b9d55-ffc1-46d3-86f4-da1ba3a29a23,2020-02-13 10:12:58.979087,2020-12-24 17:17:32.034091,0,,,5f7c499d-bab4-4783-95e7-11d8a564ef86,enabled,  ,26,12041,,73,food-and-beverage-seafood-bis,0,1,,,0,,,0,,,,,,
628c6855-6109-43e5-b716-0ca0dcd36726,Sheep,86143d85-d4f8-495d-8607-c08b762e4bef,2020-07-28 22:07:25.839587,2020-12-24 17:17:32.065659,0,,,5f7c499d-bab4-4783-95e7-11d8a564ef86,enabled, ,6,0,,0,food-and-beverage-sheep-bis,0,0,,,0,,,0,,,,,,
4433bbae-012b-479d-add8-24a79b008370,Raspberry,6b5b7082-3d04-47dc-8151-dbd6a09a0b41,2020-08-17 21:01:55.26047,2020-12-24 17:17:32.110409,0,,,5f7c499d-bab4-4783-95e7-11d8a564ef86,disabled, ,69,0,,0,food-and-beverage-raspberry-bis,0,0,,,0,,,0,,,,,,
146cd338-3646-4226-aed5-e47947b3eb17,Robusta coffee,dd73b88c-0e1b-4bd0-b4c1-f10c673d3191,2020-08-25 13:11:16.822799,2020-12-24 17:17:32.243071,0,,,5f7c499d-bab4-4783-95e7-11d8a564ef86,enabled,Coming soon,2,1061,,0,food-and-beverage-robusta-coffee-bis,0,0,,,0,,,0,,,,,,
ba64171e-b3cd-4a64-9a70-500e1efe737e,Arabica coffee,c54c76fb-4906-4afd-b6f6-c7116192dd17,2020-07-28 22:14:34.250637,2020-12-24 17:17:32.259599,0,,,,enabled, ,1,0,,0,food-and-beverage-arabica-coffee-bis,0,0,,,0,,,0,,,,,,
bbecc5a0-42ee-4cfb-ad41-7d20b4d58ec4,Decaffeinated coffee,c54c76fb-4906-4afd-b6f6-c7116192dd17,2020-07-28 22:16:27.1087,2020-12-24 17:17:32.28915,0,,,,enabled, ,4,9,,7,food-and-beverage-decaffeinated-coffee-bis,0,0,,,0,,,0,,,,,,
d11b1302-0816-4faf-857e-0f5a5f9575ff,Pima cotton,1a0c6ae9-dcdc-4c2f-bf8d-bb6fd53efd8e,2020-02-13 10:19:36.169246,2020-12-24 17:17:32.310458,0,,,86c8d37b-3ded-4a14-88b2-80bd3bff8cc7,enabled,  ,3,17,,2,textiles-yarns-and-fibers-pima-cotton-bis,0,1,,,0,,,0,,,,,,
9f2ef6af-c832-492f-b693-9e137ee4bd50,Recycled cotton,1a0c6ae9-dcdc-4c2f-bf8d-bb6fd53efd8e,2020-08-14 10:16:06.964271,2020-12-24 17:17:32.332431,0,,,86c8d37b-3ded-4a14-88b2-80bd3bff8cc7,enabled, ,4,34,,33,textiles-yarns-and-fibers-recycled-cotton-bis,0,0,,,0,,,0,,,,,,
553ef10e-0140-407b-b268-d7cbdea9ec04,Blend of coffee,dd73b88c-0e1b-4bd0-b4c1-f10c673d3191,2020-08-25 13:11:47.528796,2020-12-24 17:17:32.357423,0,,,5f7c499d-bab4-4783-95e7-11d8a564ef86,enabled,Coming soon,3,0,,0,food-and-beverage-blend-of-coffee-bis,0,0,,,0,,,0,,,,,,
86143d85-d4f8-495d-8607-c08b762e4bef,Meat and poultry,580b9d55-ffc1-46d3-86f4-da1ba3a29a23,2020-07-28 14:55:51.922134,2020-12-24 17:17:32.090689,0,,,5f7c499d-bab4-4783-95e7-11d8a564ef86,enabled, ,12,16,,11,food-and-beverage-meat-and-poultry-bis,0,0,,,0,,,0,,,,,,
6b5b7082-3d04-47dc-8151-dbd6a09a0b41,Fruits and vegetables,580b9d55-ffc1-46d3-86f4-da1ba3a29a23,2020-02-13 10:11:57.326483,2020-12-24 17:17:32.12196,0,,,5f7c499d-bab4-4783-95e7-11d8a564ef86,enabled,  ,22,6589,,305,food-and-beverage-fruits-and-vegetables,1,0,,,0,,,0,,,,,,
1a0c6ae9-dcdc-4c2f-bf8d-bb6fd53efd8e,Cotton,6318cca7-fb21-4137-a5cd-670f853a94d7,2020-02-13 10:19:13.302632,2020-12-24 17:17:32.231863,4,,,86c8d37b-3ded-4a14-88b2-80bd3bff8cc7,enabled,  ,1,85,,284,textiles-yarns-and-fibers-plant-based-natural-fibers,0,5,,,0,,,0,,,,,,
dd73b88c-0e1b-4bd0-b4c1-f10c673d3191,Coffee,580b9d55-ffc1-46d3-86f4-da1ba3a29a23,2020-02-10 16:50:48.30623,2020-12-24 17:17:32.251379,0,,,1de0b3c9-e935-4d1f-9070-6679c631a15b,enabled,  ,23,1646,,245,food-beverage-coffee,0,9,,,0,,,0,,,,,,
c54c76fb-4906-4afd-b6f6-c7116192dd17,disabled Coffee,580b9d55-ffc1-46d3-86f4-da1ba3a29a23,2020-07-28 20:40:58.266938,2020-12-24 17:17:32.271465,0,,,5f7c499d-bab4-4783-95e7-11d8a564ef86,disabled, ,20,42,,126,food-and-beverage-coffee,0,0,,,0,,,0,,,,,,
