id,parent_id
1,
2,1
3,2
4,3
5,3
6,2
7,2
8,1
9,8
10,9
11,9
12,8
13,12
14,12
15,8
16,1
17,16
18,16
19,18
20,18
21,1
22,21
23,21
24,1
25,24
26,25
27,25
28,25
29,25
30,25
31,24
32,31
33,31
34,1
35,34
36,35
37,35
38,35
39,35
40,35
41,34
42,34
43,42
44,42
45,42
46,42
47,34
48,47
49,47
50,34
51,
52,51
53,52
54,52
55,52
56,51
57,56
58,56
59,56
60,51
61,60
62,61
63,61
64,61
65,60
66,65
67,65
68,65
69,51
70,69
71,69
72,71
73,71
74,71
75,69
76,69
77,76
78,76
79,76
80,69
81,51
82,51
83,82
84,82
85,84
86,84
87,84
88,82
89,82
90,89
91,89
92,82
93,82
94,51
95,94
96,95
97,95
98,95
99,95
100,94
101,100
102,100
103,100
104,100
105,94
106,105
107,105
108,105
109,105
110,105
111,94
112,111
113,111
114,111
115,111
116,111
117,94
118,51
119,118
120,118
121,118
122,118
123,118
124,118
125,51
126,125
127,125
128,51
129,128
130,129
131,129
132,129
133,128
134,128
135,134
136,134
137,134
138,134
139,
140,139
141,140
142,141
143,141
144,140
145,144
146,144
147,144
148,144
149,144
150,144
151,139
152,151
153,152
154,152
155,152
156,152
157,151
158,157
159,157
160,157
161,157
162,157
163,151
164,163
165,163
166,163
167,163
168,163
169,163
170,163
171,151
172,171
173,171
174,171
175,171
176,171
177,171
178,171
179,151
180,179
181,179
182,179
183,179
184,179
185,179
186,179
187,151
188,187
189,187
190,187
191,187
192,187
193,151
194,193
195,193
196,193
197,193
198,193
199,193
200,151
201,139
202,201
203,202
204,202
205,202
206,202
207,202
208,201
209,208
210,208
211,208
212,208
213,208
214,201
215,214
216,214
217,214
218,214
219,214
220,201
221,220
222,220
223,220
224,220
225,220
226,220
227,220
228,201
229,228
230,228
231,228
232,228
233,228
234,228
235,201
236,235
237,235
238,235
239,235
240,235
241,235
242,235
243,201
244,243
245,243
246,243
247,243
248,243
249,201
250,139
251,250
252,251
253,251
254,251
255,251
256,250
257,256
258,256
259,256
260,256
261,256
262,256
263,256
264,250
265,264
266,264
267,264
268,264
269,264
270,264
271,250
272,271
273,271
274,271
275,271
276,250
277,276
278,276
279,276
280,276
281,276
282,276
283,250
284,283
285,283
286,283
287,283
288,283
289,283
290,283
291,283
292,250
293,292
294,292
295,292
296,292
297,292
298,292
299,139
300,299
301,299
302,299
303,302
304,302
305,302
306,299
307,306
308,306
309,306
310,306
311,306
312,299
313,312
314,312
315,299
316,315
317,315
318,315
319,315
320,315
321,299
322,321
323,321
324,321
325,139
326,325
327,326
328,326
329,326
330,326
331,326
332,326
333,326
334,325
335,334
336,334
337,334
338,334
339,334
340,334
341,334
342,139
343,342
344,343
345,343
346,342
347,346
348,346
349,342
350,349
351,349
352,342
353,352
354,352
355,342
356,355
357,355
358,342
359,342
360,359
361,359
362,342
363,362
364,362
365,342
366,365
367,365
368,139
369,368
370,369
371,369
372,368
373,372
374,372
375,368
376,368
377,
378,377
379,378
380,378
381,378
382,378
383,377
384,383
385,383
386,385
387,385
388,383
389,388
390,388
391,377
392,391
393,391
394,377
395,394
396,394
397,377
398,397
399,397
400,397
401,377
402,401
403,401
404,401
405,401
406,401
407,401
408,401
409,401
410,401
411,377
412,411
413,412
414,412
415,411
416,415
417,415
418,411
419,377
420,419
421,420
422,420
423,419
424,423
425,423
426,377
427,377
428,
429,428
430,428
431,430
432,430
433,428
434,428
435,434
436,434
437,428
438,437
439,437
440,428
441,440
442,440
443,428
444,428
445,428
446,445
447,445
448,447
449,447
450,447
451,447
452,
453,452
454,453
455,453
456,452
457,456
458,456
459,456
460,456
461,456
462,452
463,462
464,462
465,462
466,462
467,462
468,462
469,462
470,452
471,470
472,470
473,
474,473
475,474
476,474
477,473
478,473
479,478
480,478
481,478
482,473
483,482
484,482
485,482
486,473
487,486
488,487
489,487
490,486
491,490
492,490
493,473
494,493
495,493
496,473
497,473
498,497
499,497
500,497
501,473
502,501
503,501
504,501
505,501
506,505
507,505
508,501
509,501
510,501
511,510
512,510
513,510
514,510
515,473
516,515
517,515
518,517
519,517
520,517
521,515
522,515
523,515
524,515
525,473
526,525
527,525
528,525
529,528
530,528
531,525
532,473
533,532
534,532
535,534
536,534
537,534
538,534
539,532
540,532
541,532
542,473
543,542
544,542
545,542
546,545
547,545
548,545
549,545
550,545
551,545
552,542
553,542
554,542
555,542
556,473
557,556
558,556
559,556
560,556
561,556
562,556
563,556
564,556
565,556
566,556
567,556
568,556
569,556
570,556
571,556
572,556
573,556
574,556
575,
576,575
577,576
578,577
579,577
580,577
581,576
582,581
583,581
584,576
585,584
586,584
587,575
588,587
589,588
590,588
591,587
592,591
593,591
594,587
595,594
596,594
597,587
598,597
599,597
600,587
601,600
602,600
603,587
604,603
605,603
606,587
607,587
608,587
609,575
610,609
611,609
612,575
613,612
614,612
615,612
616,612
617,612
618,575
619,618
620,618
621,618
622,618
623,618
624,575
625,624
626,624
627,575
628,627
629,628
630,628
631,627
632,575
633,632
634,632
635,632
636,575
637,636
638,636
639,638
640,638
641,636
642,636
643,575
644,643
645,643
646,643
647,643
648,643
649,643
650,643
651,643
652,575
653,652
654,652
655,652
656,575
657,656
658,656
659,575
660,659
661,659
662,659
663,659
664,659
665,575
666,
667,666
668,667
669,668
670,668
671,667
672,671
673,671
674,667
675,666
676,675
677,675
678,675
679,675
680,666
681,666
682,681
683,682
684,682
685,681
686,685
687,685
688,666
689,688
690,688
691,666
692,691
693,692
694,692
695,691
696,666
697,696
698,696
699,666
700,699
701,700
702,700
703,699
704,703
705,703
706,699
707,706
708,706
709,666
710,709
711,710
712,710
713,709
714,713
715,713
716,709
717,716
718,716
719,666
720,719
721,720
722,720
723,719
724,719
725,719
726,725
727,725
728,
729,728
730,729
731,730
732,730
733,729
734,733
735,733
736,728
737,736
738,736
739,728
740,739
741,739
742,728
743,742
744,742
745,728
746,745
747,745
748,728
749,748
750,748
751,748
752,748
753,728
754,753
755,753
756,728
757,756
758,756
759,758
760,758
761,756
762,756
763,756
764,756
765,756
766,
767,766
768,766
769,768
770,768
771,766
772,771
773,772
774,772
775,772
776,771
777,766
778,777
779,778
780,778
781,777
782,781
783,781
784,781
785,777
786,766
787,786
788,786
789,766
790,789
791,789
792,789
793,766
794,793
795,793
796,766
797,796
798,797
799,797
800,797
801,797
802,797
803,796
804,766
805,
806,805
807,806
808,806
809,805
810,809
811,809
812,811
813,811
814,805
815,805
816,805
817,816
818,816
819,805
820,805
821,820
822,820
823,822
824,822
825,820
826,820
827,820
828,820
829,820
830,820
831,830
832,830
833,805
834,833
835,833
836,805
837,836
838,836
839,838
840,838
841,838
842,838
843,838
844,838
845,836
846,836
847,846
848,846
849,805
850,849
851,849
852,805
853,852
854,852
855,852
856,852
857,805
858,857
859,858
860,858
861,858
862,858
863,858
864,858
865,857
866,865
867,865
868,865
869,865
870,865
871,805
872,805
873,872
874,872
875,
876,875
877,876
878,876
879,875
880,879
881,880
882,880
883,880
884,880
885,880
886,880
887,879
888,879
889,888
890,888
891,888
892,
893,892
894,893
895,893
896,893
897,892
898,897
899,897
900,
901,900
902,901
903,901
904,901
905,900
906,905
907,905
908,900
909,900
910,909
911,909
912,909
913,900
914,900
915,900
916,915
917,915
918,900
919,918
920,918
921,900
922,921
923,921
924,900
925,900
926,925
927,925
928,900
929,928
930,929
931,929
932,928
933,932
934,932
935,900
936,935
937,936
938,936
939,935
940,939
941,939
942,900
943,942
944,943
945,943
946,942
947,946
948,946
949,900
950,949
951,950
952,950
953,949
954,953
955,953
956,949
957,949
958,949
959,900
960,959
961,959
962,900
963,962
964,962
965,900
966,965
967,965
968,900
969,900
970,969
971,969
972,900
973,
974,973
975,973
976,975
977,975
978,975
979,978
980,978
981,978
982,975
983,982
984,982
985,982
986,975
987,975
988,973
989,973
990,989
991,990
992,990
993,990
994,990
995,990
996,990
997,990
998,990
999,989
1000,989
1001,1000
1002,1000
1003,973
1004,1003
1005,1003
1006,1005
1007,1005
1008,1003
1009,1003
1010,1003
1011,1010
1012,1010
1013,1010
1014,1010
1015,1010
1016,1010
1017,1010
1018,1010
1019,1010
1020,1003
1021,1020
1022,1020
1023,1020
1024,1020
1025,
1026,1025
1027,1026
1028,1026
1029,1026
1030,1025
1031,1030
1032,1030
1033,
1034,1033
1035,1034
1036,1034
1037,1033
1038,1033
1039,1033
1040,1033
1041,1033
1042,1033
1043,1033
1044,1033
1045,
1046,1045
1047,1045
1048,
1049,1048
1050,1048
1051,
1052,1051
1053,1051
1054,1051
1055,1054
1056,1054
1057,1051
1058,1051
1059,1051
1060,1059
1061,1059
1062,1059
1063,1062
1064,1062
1065,1059
1066,
1067,1066
1068,1067
1069,1067
1070,1067
1071,1066
1072,1071
1073,1072
1074,1072
1075,1071
1076,1071
1077,1071
1078,1066
1079,1066
1080,1079
1081,1079
1082,1079
1083,1079
1084,1079
1085,1079
1086,1066
1087,1086
1088,1086
1089,1086
1090,1089
1091,1089
1092,1086
1093,1086
1094,
1095,1094
1096,1095
1097,1095
1098,1095
1099,1095
1100,1094
1101,1100
1102,1100
1103,1094
1104,1103
1105,1103
1106,1103
1107,1103
1108,1103
1109,1094
1110,1109
1111,1109
1112,1094
1113,1112
1114,1112
1115,1112
1116,1112
1117,1116
1118,1116
1119,1112
1120,1112
1121,1112
1122,1112
1123,1122
1124,1122
1125,1094
1126,1125
1127,1125
1128,1125
1129,1125
1130,1125
1131,1125
1132,1094
1133,1132
1134,1132
1135,1134
1136,1134
1137,1094
1138,1137
1139,1138
1140,1138
1141,1137
1142,1137
1143,1137
1144,1137
1145,1137
1146,1137
1147,1137
1148,1137
1149,1148
1150,1148
1151,1148
1152,1148
1153,1094
1154,1153
1155,1154
1156,1154
1157,1154
1158,1153
1159,1158
1160,1158
1161,1153
1162,1161
1163,1161
1164,1161
1165,1161
1166,1161
1167,1161
1168,1161
1169,1161
1170,1153
1171,1170
1172,1170
1173,1153
1174,1153
1175,1174
1176,1174
1177,1153
1178,1177
1179,1177
1180,1153
1181,1180
1182,1180
1183,1153
1184,
1185,1184
1186,1185
1187,1186
1188,1186
1189,1185
1190,1185
1191,1184
1192,1191
1193,1191
1194,1191
1195,1184
1196,1195
1197,1195
1198,1195
1199,1195
1200,1184
1201,1200
1202,1200
1203,1184
1204,1184
1205,1204
1206,1204
1207,1204
1208,1204
1209,1204
1210,1204
1211,1204
1212,
1213,1212
1214,1213
1215,1213
1216,1212
1217,1216
1218,1216
1219,1212
1220,1219
1221,1219
1222,1219
1223,1219
1224,1219
1225,1219
1226,1219
1227,1219
1228,1219
1229,1219
1230,1219
1231,1219
1232,1212
1233,1232
1234,1232
1235,1232
1236,1232
1237,1232
1238,1232
1239,1232
1240,1232
1241,1232
1242,1232
1243,1232
1244,1232
1245,1244
1246,1244
1247,1244
1248,1244
1249,1244
1250,1244
1251,1244
1252,1244
1253,1244
1254,1244
1255,1232
1256,1232
1257,1232
1258,1212
1259,1258
1260,1258
1261,1258
1262,1258
1263,1258
1264,1258
1265,1258
1266,1258
1267,1258
1268,1258
1269,1212
1270,1269
1271,1269
1272,1269
1273,1269
1274,1269
1275,1269
1276,1269
1277,1269
1278,1269
1279,1269
1280,1269
1281,1269
1282,1269
1283,1269
1284,1269
1285,1269
1286,1269
1287,1269
1288,1269
1289,1269
1290,1269
1291,1269
1292,1269
1293,1269
1294,1269
1295,1269
1296,1269
1297,1269
1298,1269
1299,1269
1300,1269
1301,1269
1302,1269
1303,1269
1304,1212
1305,1304
1306,1304
1307,1304
1308,1304
1309,1212
1310,1309
1311,1309
1312,1309
1313,1309
1314,1309
1315,1309
1316,1309
1317,1309
1318,1309
1319,1309
1320,1309
1321,1309
1322,1212
1323,
1324,1323
1325,1324
1326,1324
1327,1323
1328,1327
1329,1327
1330,1327
1331,1327
1332,1323
1333,1332
1334,1332
1335,1332
1336,1323
1337,1323
1338,1323
1339,1338
1340,1338
1341,1338
1342,1338
1343,1342
1344,1342
1345,1338
1346,1338
1347,1338
1348,1323
1349,1323
1350,1323
1351,1350
1352,1350
1353,
1354,1353
1355,1354
1356,1354
1357,1354
1358,1353
1359,1358
1360,1358
1361,1358
1362,1358
1363,1358
1364,1358
1365,1358
1366,1353
1367,1366
1368,1367
1369,1367
1370,1367
1371,1367
1372,1366
1373,1372
1374,1372
1375,1372
1376,1372
1377,
1378,1377
1379,1377
1380,1377
1381,1377
1382,1381
1383,1381
1384,1377
1385,1384
1386,1384
1387,1377
1388,1387
1389,1387
1390,1377
1391,1377
1392,1391
1393,1391
1394,1391
1395,1391
1396,1391
1397,1391
1398,1377
1399,1377
1400,1399
1401,1399
1402,1377
1403,1402
1404,1402
1405,1377
1406,1377
1407,1406
1408,1406
1409,1377
1410,1377
1411,1410
1412,1411
1413,1411
1414,1410
1415,1377
1416,1415
1417,1416
1418,1416
1419,1415
1420,1415
1421,1415
1422,1415
1423,1377
1424,1423
1425,1423
1426,1423
1427,1423
1428,1427
1429,1427
1430,1377
1431,1430
1432,1430
1433,1430
1434,1377
1435,1434
1436,1434
1437,1377
1438,1437
1439,1437
1440,1377
1441,1377
1442,1441
1443,1441
1444,1441
1445,1377
1446,1445
1447,1445
1448,1447
1449,1447
1450,1445
1451,1445
1452,1377
1453,1452
1454,1452
1455,1377
1456,1455
1457,1455
1458,1455
1459,1377
1460,1459
1461,1459
1462,1377
1463,1377
1464,1463
1465,1463
1466,1465
1467,1465
1468,1463
1469,1377
1470,1469
1471,1469
1472,1469
1473,
1474,1473
1475,1474
1476,1475
1477,1475
1478,1474
1479,1473
1480,1473
1481,1473
1482,1473
1483,1473
1484,1473
1485,1473
1486,1473
1487,1473
1488,1473
1489,1473
1490,1489
1491,1489
1492,1473
1493,1492
1494,1492
1495,1473
1496,1473
1497,1496
1498,1496
1499,1473
1500,1499
1501,1499
1502,1473
1503,1502
1504,1502
1505,1473
1506,1473
1507,1473
1508,1507
1509,1508
1510,1508
1511,1507
1512,1511
1513,1511
1514,1507
1515,1507
1516,1507
1517,1507
1518,1517
1519,1517
1520,1473
1521,1520
1522,1520
1523,
1524,1523
1525,1524
1526,1525
1527,1525
1528,1525
1529,1524
1530,1523
1531,1530
1532,1530
1533,1523
1534,1523
1535,1523
1536,1523
1537,1523
1538,1537
1539,1537
1540,1537
1541,1537
1542,1537
1543,1537
1544,1543
1545,1543
1546,1543
1547,1543
1548,1523
1549,1548
1550,1548
1551,1523
1552,1551
1553,1551
1554,1523
1555,1554
1556,1555
1557,1555
1558,1555
1559,1555
1560,1555
1561,1555
1562,1555
1563,1555
1564,1555
1565,1555
1566,1555
1567,1555
1568,1555
1569,1555
1570,1555
1571,1555
1572,1555
1573,1555
1574,1555
1575,1555
1576,1555
1577,1555
1578,1555
1579,1555
1580,1554
1581,1554
1582,1581
1583,1581
1584,1581
1585,1581
1586,1581
1587,1581
1588,1581
1589,1581
1590,1581
1591,1581
1592,1581
1593,1581
1594,1581
1595,1581
1596,1581
1597,1581
1598,1581
1599,1581
1600,1581
1601,1581
1602,1581
1603,1581
1604,1581
1605,1581
1606,1581
1607,1581
1608,1581
1609,1581
1610,1581
1611,1581
1612,1581
1613,1581
1614,1581
1615,1581
1616,1581
1617,1581
1618,1581
1619,1581
1620,1581
1621,1581
1622,1581
1623,1581
1624,1581
1625,1581
1626,1523
1627,1626
1628,1627
1629,1627
1630,1627
1631,1627
1632,1627
1633,1627
1634,1627
1635,1627
1636,1627
1637,1626
1638,1637
1639,1637
1640,1637
1641,1637
1642,1523
1643,1642
1644,1642
1645,1642
1646,1523
1647,1646
1648,1647
1649,1647
1650,1646
1651,1646
1652,1523
1653,1652
1654,1652
1655,1523
1656,
1657,1656
1658,1657
1659,1657
1660,1657
1661,1656
1662,1656
1663,1656
1664,1663
1665,1663
1666,1665
1667,1665
1668,1663
1669,1663
1670,1663
1671,1663
1672,1671
1673,1671
1674,1663
1675,1663
1676,1663
1677,1656
1678,1677
1679,1678
1680,1678
1681,1678
1682,1677
1683,1677
1684,1656
1685,1684
1686,1684
1687,1656
1688,1656
1689,1656
1690,1689
1691,1689
1692,1689
1693,1689
1694,1656
1695,1656
1696,1695
1697,1696
1698,1696
1699,1695
1700,1699
1701,1699
1702,1699
1703,1656
1704,1703
1705,1703
1706,1656
1707,1706
1708,1706
1709,1656
1710,1709
1711,1709
1712,1656
1713,1712
1714,1713
1715,1713
1716,1712
1717,1712
1718,1656
1719,1718
1720,1718
1721,1656
1722,1656
1723,1722
1724,1722
1725,1722
1726,1722
1727,1722
1728,1656
1729,1728
1730,1728
1731,1656
1732,1731
1733,1731
1734,1656
1735,1734
1736,1734
1737,1656
1738,1656
1739,1656
1740,1739
1741,1739
1742,1656
1743,1742
1744,1742
1745,1742
1746,1742
1747,1742
1748,1742
1749,1742
1750,1742
1751,1742
1752,1656
1753,1752
1754,1753
1755,1753
1756,1752
1757,1752
1758,1656
1759,1758
1760,1758
1761,1758
1762,1761
1763,1761
1764,1761
1765,1761
1766,1758
1767,1766
1768,1766
1769,1758
1770,1769
1771,1769
1772,1758
1773,1656
1774,1773
1775,1773
1776,1656
1777,1776
1778,1777
1779,1777
1780,1776
1781,1656
1782,1781
1783,1781
1784,1656
1785,1784
1786,1784
1787,1656
1788,1787
1789,1787
1790,1787
1791,1656
1792,1791
1793,1792
1794,1792
1795,1791
1796,1795
1797,1795
1798,1795
1799,1795
1800,1795
1801,1795
1802,1795
1803,1795
1804,1791
1805,1791
1806,1656
1807,1806
1808,1806
1809,1808
1810,1808
1811,1656
1812,1811
1813,1811
1814,1813
1815,1813
1816,1813
1817,1813
1818,1813
1819,1811
1820,1819
1821,1819
1822,1819
1823,1819
1824,1656
1825,1824
1826,1824
1827,1824
1828,1824
1829,1824
1830,1824
1831,1830
1832,1830
1833,1830
1834,1656
1835,1834
1836,1835
1837,1835
1838,1834
1839,1656
1840,1839
1841,1840
1842,1840
1843,1839
1844,1656
1845,1844
1846,1845
1847,1845
1848,1844
1849,1844
1850,1656
1851,1850
1852,1850
1853,1850
1854,1850
1855,1850
1856,1855
1857,1855
1858,1850
1859,1850
1860,1850
1861,1850
1862,1850
1863,1656
1864,1863
1865,1863
1866,1863
1867,1863
1868,1656
1869,1868
1870,1868
1871,1870
1872,1870
1873,1868
1874,1868
1875,1656
1876,1875
1877,1875
1878,1875
1879,1875
1880,1875
1881,1656
1882,1881
1883,1881
1884,1656
1885,1884
1886,1884
1887,1656
1888,1656
1889,1656
1890,1889
1891,1889
1892,1889
1893,1656
1894,1656
1895,1894
1896,1894
1897,1894
1898,1894
1899,1894
1900,1894
1901,1894
1902,1656
1903,
1904,1903
1905,1904
1906,1904
1907,1906
1908,1906
1909,1906
1910,1906
1911,1906
1912,1903
1913,1912
1914,1913
1915,1913
1916,1912
1917,1912
1918,1912
1919,1918
1920,1918
1921,1918
1922,1918
1923,1912
1924,1912
1925,1912
1926,1912
1927,1903
1928,1927
1929,1928
1930,1928
1931,1928
1932,1928
1933,1928
1934,1928
1935,1927
1936,1935
1937,1935
1938,1935
1939,1935
1940,1927
1941,1940
1942,1940
1943,1927
1944,1943
1945,1943
1946,1943
1947,1943
1948,1943
1949,1943
1950,1943
1951,1943
1952,1943
1953,1943
1954,1943
1955,1927
1956,1955
1957,1955
1958,1955
1959,1927
1960,1959
1961,1959
1962,1959
1963,1903
1964,1963
1965,1963
1966,1963
1967,1903
1968,1967
1969,1968
1970,1968
1971,1968
1972,1968
1973,1968
1974,1968
1975,1968
1976,1968
1977,1968
1978,1967
1979,1978
1980,1978
1981,1967
1982,1981
1983,1981
1984,1981
1985,1967
1986,1985
1987,1985
1988,1985
1989,1985
1990,1985
1991,1985
1992,1967
1993,1992
1994,1992
1995,1903
1996,1995
1997,1996
1998,1996
1999,1996
2000,1996
2001,1995
2002,2001
2003,2001
2004,1903
2005,2004
2006,2005
2007,2005
2008,2005
2009,2005
2010,2005
2011,2004
2012,2011
2013,2011
2014,2011
2015,2011
2016,1903
2017,2016
2018,2017
2019,2017
2020,2016
2021,2020
2022,2020
2023,2020
2024,1903
2025,2024
2026,2025
2027,2025
2028,2024
2029,2024
2030,2024
2031,2030
2032,2030
2033,2030
2034,2030
2035,2024
2036,2024
2037,2024
2038,2024
2039,2024
2040,2024
2041,1903
2042,2041
2043,2041
2044,2041
2045,2041
2046,2041
2047,1903
2048,1903
2049,2048
2050,2049
2051,2049
2052,2049
2053,2048
2054,2053
2055,2053
2056,2048
2057,2056
2058,2056
2059,2056
2060,2048
2061,2048
2062,1903
2063,1903
2064,2063
2065,2064
2066,2064
2067,2064
2068,2064
2069,2063
2070,2069
2071,2069
2072,2069
2073,2063
2074,2073
2075,2073
2076,2063
2077,2063
2078,2063
2079,2063
2080,2063
2081,2080
2082,2080
2083,2063
2084,1903
2085,2084
2086,2085
2087,2085
2088,2085
2089,2084
2090,2089
2091,2089
2092,2089
2093,2084
2094,2093
2095,2093
2096,2093
2097,2093
2098,2093
2099,2093
2100,2093
2101,2093
2102,2084
2103,2084
2104,2084
2105,2084
2106,2084
2107,1903
2108,2107
2109,2108
2110,2108
2111,2108
2112,2108
2113,2108
2114,2108
2115,2108
2116,2108
2117,2108
2118,2107
2119,2107
2120,2119
2121,2119
2122,2119
2123,2119
2124,1903
2125,2124
2126,2125
2127,2125
2128,2125
2129,2125
2130,2125
2131,2124
2132,2124
2133,2132
2134,2132
2135,2132
2136,2132
2137,2132
2138,2132
2139,2132
2140,1903
2141,2140
2142,2141
2143,2141
2144,2141
2145,2141
2146,2141
2147,2141
2148,2141
2149,2141
2150,2140
2151,2150
2152,2150
2153,2150
2154,2150
2155,2140
2156,2140
2157,2156
2158,2156
2159,1903
2160,2159
2161,2159
2162,1903
2163,2162
2164,2163
2165,2163
2166,2162
2167,1903
2168,2167
2169,2168
2170,2168
2171,2167
2172,2171
2173,2171
2174,2171
2175,2167
2176,2167
2177,2176
2178,2176
2179,2176
2180,2176
2181,2176
2182,2176
2183,2176
2184,2176
2185,2176
2186,2167
2187,2186
2188,2186
2189,1903
2190,2189
2191,2190
2192,2190
2193,2190
2194,2190
2195,2190
2196,2189
2197,2196
2198,2196
2199,2189
2200,2199
2201,2199
2202,2189
2203,2202
2204,2202
2205,2202
2206,2202
2207,2202
2208,2189
2209,1903
2210,2209
2211,2209
2212,2209
2213,1903
2214,2213
2215,2214
2216,2214
2217,2214
2218,2213
2219,2218
2220,2218
2221,2218
2222,2218
2223,1903
2224,2223
2225,2224
2226,2224
2227,2224
2228,2223
2229,2228
2230,2228
2231,1903
2232,2231
2233,2231
2234,2231
2235,2231
2236,1903
2237,1903
2238,1903
2239,2238
2240,2238
2241,1903
2242,2241
2243,2241
2244,2241
2245,2241
2246,2241
2247,1903
2248,2247
2249,2247
2250,2247
2251,2247
2252,2247
2253,1903
2254,2253
2255,2254
2256,2254
2257,2254
2258,2254
2259,2253
2260,2253
2261,2260
2262,2260
2263,2260
2264,2260
2265,2260
2266,2260
2267,1903
2268,2267
2269,2268
2270,2268
2271,2267
2272,2271
2273,2271
2274,2267
2275,2274
2276,2274
2277,2274
2278,2274
2279,2267
2280,2279
2281,2279
2282,2267
2283,2282
2284,2282
2285,2282
2286,2282
2287,2282
2288,2267
2289,2288
2290,2288
2291,2267
2292,2291
2293,2291
2294,2291
2295,2267
2296,2295
2297,2295
2298,1903
2299,2298
2300,2298
2301,2298
2302,2298
2303,2302
2304,2302
2305,1903
2306,1903
2307,2306
2308,2307
2309,2307
2310,2307
2311,2307
2312,2307
2313,2307
2314,2307
2315,2307
2316,2307
2317,2306
2318,1903
2319,2318
2320,2319
2321,2319
2322,2319
2323,2318
2324,2323
2325,2323
2326,2323
2327,2323
2328,2318
2329,2318
2330,2318
2331,2318
2332,1903
2333,2332
2334,2332
2335,1903
2336,2335
2337,2336
2338,2336
2339,2335
2340,2335
2341,2335
2342,2341
2343,2341
2344,2341
2345,2341
2346,2341
2347,2335
2348,2347
2349,2347
2350,2335
2351,2350
2352,2350
2353,2350
2354,2350
2355,2335
2356,2355
2357,2355
2358,1903
2359,2358
2360,2358
2361,1903
2362,2361
2363,2361
2364,2361
2365,2361
2366,2361
2367,2361
2368,1903
2369,
2370,2369
2371,2370
2372,2370
2373,2369
2374,2373
2375,2373
2376,2373
2377,2373
2378,2373
2379,2373
2380,2369
2381,2380
2382,2380
2383,2380
2384,2383
2385,2383
2386,2380
2387,2380
2388,2369
2389,2388
2390,2388
2391,2388
2392,2391
2393,2391
2394,2391
2395,2388
2396,2388
2397,2388
2398,2369
2399,2398
2400,2398
2401,2398
2402,2398
2403,2369
2404,2403
2405,2403
2406,2403
2407,2403
2408,2403
2409,2403
2410,2403
2411,2403
2412,2403
2413,2403
2414,2403
2415,2403
2416,2403
2417,2403
2418,2403
2419,2403
2420,2403
2421,2403
2422,2403
2423,2403
2424,2423
2425,2423
2426,2423
2427,2423
2428,2423
2429,2423
2430,
2431,2430
2432,2430
2433,2432
2434,2432
2435,2434
2436,2434
2437,2432
2438,2432
2439,2432
2440,2432
2441,2432
2442,2432
2443,2430
2444,2443
2445,2443
2446,2430
2447,2446
2448,2446
2449,2446
2450,2430
2451,2450
2452,2450
2453,2450
2454,2450
2455,2450
2456,2455
2457,2455
2458,2450
2459,2450
2460,
2461,2460
2462,2461
2463,2461
2464,2461
2465,2460
2466,2465
2467,2465
2468,2460
2469,2460
2470,2469
2471,2470
2472,2470
2473,2470
2474,2470
2475,2470
2476,2470
2477,2470
2478,2470
2479,2469
2480,2469
2481,2460
2482,2460
2483,2482
2484,2483
2485,2483
2486,2482
2487,2482
2488,2487
2489,2487
2490,2487
2491,2487
2492,2487
2493,2482
2494,2460
2495,2494
2496,2494
2497,2494
2498,2494
2499,2460
2500,2499
2501,2499
2502,2499
2503,2460
2504,2503
2505,2503
2506,2460
2507,2460
2508,2460
2509,2508
2510,2508
2511,2460
2512,2511
2513,2511
2514,2460
2515,2514
2516,2514
2517,2460
2518,2517
2519,2518
2520,2518
2521,2517
2522,
2523,2522
2524,2523
2525,2524
2526,2524
2527,2524
2528,2523
2529,2528
2530,2528
2531,2528
2532,2523
2533,2523
2534,2522
2535,2534
2536,2534
2537,2534
2538,2534
2539,2534
2540,2534
2541,2534
2542,2522
2543,2522
2544,2543
2545,2543
2546,2543
2547,2543
2548,2547
2549,2547
2550,2522
2551,2550
2552,2550
2553,2550
2554,2550
2555,2522
2556,2555
2557,2555
2558,2555
2559,2555
2560,2555
2561,2522
2562,2561
2563,2561
2564,2561
2565,2561
2566,2565
2567,2565
2568,2561
2569,
2570,2569
2571,2570
2572,2571
2573,2571
2574,2570
2575,2570
2576,2569
2577,2576
2578,2577
2579,2577
2580,2577
2581,2577
2582,2576
2583,2576
2584,2569
2585,2584
2586,2585
2587,2585
2588,2585
2589,2585
2590,2585
2591,2585
2592,2584
2593,2592
2594,2592
2595,2592
2596,2592
2597,2592
2598,2592
2599,2569
2600,2599
2601,2599
2602,2569
2603,2602
2604,2602
2605,2602
2606,2602
2607,2602
2608,2569
2609,2569
2610,
2611,2610
2612,2611
2613,2611
2614,2610
2615,2614
2616,2615
2617,2615
2618,2614
2619,2614
2620,2610
2621,2620
2622,2620
2623,2610
2624,2610
2625,2624
2626,2624
2627,2610
2628,2627
2629,2627
2630,2629
2631,2629
2632,2610
2633,2632
2634,2632
2635,
2636,2635
2637,2635
2638,2635
2639,2635
2640,2639
2641,2639
2642,2635
2643,2635
2644,2643
2645,2643
2646,
2647,2646
2648,2647
2649,2647
2650,2647
2651,2647
2652,2651
2653,2651
2654,2646
2655,2654
2656,2654
2657,2656
2658,2656
2659,2656
2660,2656
2661,2656
2662,2656
2663,2656
2664,2656
2665,2656
2666,2654
2667,2666
2668,2666
2669,2666
2670,2666
2671,2666
2672,2666
2673,2666
2674,2666
2675,2666
2676,2666
2677,2666
2678,2666
2679,2654
2680,2679
2681,2679
2682,2679
2683,2679
2684,2679
2685,2679
2686,2679
2687,2654
2688,2687
2689,2687
2690,2687
2691,2687
2692,2687
2693,2646
2694,2693
2695,2693
2696,2693
2697,2693
2698,2693
2699,2646
2700,2646
2701,2700
2702,2700
2703,2700
2704,2700
2705,2646
2706,2705
2707,2705
2708,2646
2709,2708
2710,2708
2711,
2712,2711
2713,2712
2714,2712
2715,2712
2716,2712
2717,2711
2718,2717
2719,2717
2720,2711
2721,2711
2722,2711
2723,2722
2724,2722
2725,2711
2726,2725
2727,2725
2728,2725
2729,2725
2730,2711
2731,2711
2732,2731
2733,2731
2734,2731
2735,2731
2736,2735
2737,2735
2738,2735
2739,2735
2740,2735
2741,2735
2742,2735
2743,2711
2744,2743
2745,2743
2746,2745
2747,2745
2748,2745
2749,2711
2750,2749
2751,2749
2752,2711
2753,2752
2754,2753
2755,2753
2756,2752
2757,2756
2758,2756
2759,2756
2760,2756
2761,2752
2762,2711
2763,2762
2764,2762
2765,2762
2766,2711
2767,2711
2768,2711
2769,2768
2770,2769
2771,2769
2772,2769
2773,2768
2774,2711
2775,2711
2776,2775
2777,2775
2778,2711
2779,2711
2780,2711
2781,2711
2782,2781
2783,2781
2784,2711
2785,2784
2786,2784
2787,2784
2788,2784
2789,2784
2790,2784
2791,2784
2792,2784
2793,2784
2794,2784
2795,2711
2796,2795
2797,2796
2798,2796
2799,2796
2800,2796
2801,2795
2802,2711
2803,2802
2804,2802
2805,2802
2806,2802
2807,2802
2808,2802
2809,2808
2810,2808
2811,2808
2812,2808
2813,2808
2814,2808
2815,2808
2816,2808
2817,2808
2818,2808
2819,2808
2820,2808
2821,2808
2822,2808
2823,2808
2824,2808
2825,2808
2826,2808
2827,2808
2828,2808
2829,2808
2830,2808
2831,2808
2832,2802
2833,2832
2834,2832
2835,2832
2836,2802
2837,2802
2838,2802
2839,2802
2840,2802
2841,2802
2842,2711
2843,2842
2844,2842
2845,2842
2846,2842
2847,2842
2848,2842
2849,2842
2850,2842
2851,2842
2852,2842
2853,2852
2854,2852
2855,2842
2856,2842
2857,2856
2858,2856
2859,2842
2860,2711
2861,2860
2862,2860
2863,
2864,2863
2865,2864
2866,2864
2867,2864
2868,2864
2869,2863
2870,2869
2871,2869
2872,2869
2873,2869
2874,2863
2875,2874
2876,2875
2877,2875
2878,2874
2879,2874
2880,2874
2881,2863
2882,2881
2883,2881
2884,2883
2885,2883
2886,2881
2887,2881
2888,2881
2889,2881
2890,2889
2891,2889
2892,2881
2893,2863
2894,2893
2895,2894
2896,2894
2897,2893
2898,2897
2899,2897
2900,2893
2901,2893
2902,2901
2903,2901
2904,2863
2905,2904
2906,2904
2907,2863
2908,2907
2909,2907
2910,2907
2911,2907
2912,2907
2913,2907
2914,2907
2915,2907
2916,2915
2917,2915
2918,2915
2919,2915
2920,2863
2921,2920
2922,2920
2923,2863
2924,2923
2925,2923
2926,2923
2927,2923
2928,2923
2929,2923
2930,2923
2931,2863
2932,2863
2933,2932
2934,2932
2935,2863
2936,2935
2937,2936
2938,2936
2939,2935
2940,2935
2941,2940
2942,2940
2943,2935
2944,2863
2945,2944
2946,2944
2947,2863
2948,2863
2949,2948
2950,2948
2951,2948
2952,2948
2953,2948
2954,2948
2955,2863
2956,2955
2957,2955
2958,2955
2959,2863
2960,2959
2961,2959
2962,2961
2963,2961
2964,2961
2965,2961
2966,2961
2967,2961
2968,2959
2969,2968
2970,2968
2971,2968
2972,2968
2973,2968
2974,2968
2975,2968
2976,2968
2977,2968
2978,2968
2979,2968
2980,2968
2981,2959
2982,2863
2983,2982
2984,2982
2985,2863
2986,2985
2987,2985
2988,2863
2989,2988
2990,2988
2991,2988
2992,2988
2993,2992
2994,2992
2995,2988
2996,2995
2997,2995
2998,2988
2999,2998
3000,2998
3001,2998
3002,2998
3003,2988
3004,3003
3005,3003
3006,3003
3007,2988
3008,3007
3009,3007
3010,3007
3011,3007
3012,3007
3013,2863
3014,3013
3015,3014
3016,3014
3017,3014
3018,3014
3019,3014
3020,3013
3021,3013
3022,3013
3023,2863
3024,3023
3025,3023
3026,3023
3027,2863
3028,3027
3029,3027
3030,3029
3031,3029
3032,3027
3033,3027
3034,3027
3035,3027
3036,2863
3037,3036
3038,3036
3039,2863
3040,3039
3041,3039
3042,3039
3043,3039
3044,2863
3045,3044
3046,3044
3047,3044
3048,3044
3049,3044
3050,3044
3051,3044
3052,3044
3053,3044
3054,3044
3055,3044
3056,3044
3057,3044
3058,3044
3059,
3060,3059
3061,3060
3062,3060
3063,3062
3064,3062
3065,3062
3066,3060
3067,3059
3068,3067
3069,3068
3070,3068
3071,3067
3072,3067
3073,3072
3074,3072
3075,3067
3076,3075
3077,3075
3078,3067
3079,3078
3080,3078
3081,3067
3082,3067
3083,3067
3084,3067
3085,3084
3086,3084
3087,3059
3088,3059
3089,3059
3090,3089
3091,3089
3092,3089
3093,3092
3094,3092
3095,3059
3096,3095
3097,3095
3098,3059
3099,3059
3100,3099
3101,3100
3102,3100
3103,3099
3104,3103
3105,3103
3106,3103
3107,3103
3108,3059
3109,3108
3110,3109
3111,3109
3112,3109
3113,3109
3114,3109
3115,3109
3116,3108
3117,3116
3118,3116
3119,3116
3120,3116
3121,3116
3122,3116
3123,3108
3124,3123
3125,3123
3126,3123
3127,3123
3128,3123
3129,3123
3130,3108
3131,3130
3132,3130
3133,3130
3134,3130
3135,3130
3136,3130
3137,3059
3138,3137
3139,3138
3140,3138
3141,3138
3142,3137
3143,3142
3144,3142
3145,3142
3146,3142
3147,3142
3148,3142
3149,3142
3150,3059
3151,3150
3152,3150
3153,3150
3154,3150
3155,3150
3156,3150
3157,3156
3158,3156
3159,3156
3160,3156
3161,3150
3162,3161
3163,3161
3164,3161
3165,3161
3166,3059
3167,3166
3168,3167
3169,3167
3170,3167
3171,3167
3172,3166
3173,3166
3174,3059
3175,3174
3176,3174
3177,3174
3178,3059
3179,3178
3180,3178
3181,3059
3182,3181
3183,3182
3184,3182
3185,3182
3186,3182
3187,3181
3188,3181
3189,3181
3190,3181
3191,3181
3192,3181
3193,3059
3194,3193
3195,3193
3196,3195
3197,3195
3198,3195
3199,3195
3200,3195
3201,3195
3202,3059
3203,
3204,3203
3205,3204
3206,3204
3207,3204
3208,3203
3209,3208
3210,3208
3211,3210
3212,3210
3213,3203
3214,3213
3215,3213
3216,3213
3217,3213
3218,3213
3219,3213
3220,3213
3221,3213
3222,3213
3223,3213
3224,3213
3225,3213
3226,3203
3227,3226
3228,3227
3229,3227
3230,3227
3231,3227
3232,3227
3233,3227
3234,3226
3235,3234
3236,3234
3237,3203
3238,3237
3239,3237
3240,3237
3241,3237
3242,3203
3243,3242
3244,3243
3245,3243
3246,3243
3247,3243
3248,3242
3249,3248
3250,3248
3251,3242
3252,3242
3253,3242
3254,3242
3255,3254
3256,3254
3257,3203
3258,3257
3259,3258
3260,3258
3261,3258
3262,3257
3263,3262
3264,3262
3265,3262
3266,3203
3267,3203
3268,3267
3269,3267
3270,3267
3271,3267
3272,3203
3273,3272
3274,3272
3275,3203
3276,3275
3277,3275
3278,
3279,3278
3280,3278
3281,3280
3282,3281
3283,3281
3284,3281
3285,3281
3286,3281
3287,3281
3288,3281
3289,3280
3290,3289
3291,3289
3292,3289
3293,3280
3294,3293
3295,3293
3296,3293
3297,3293
3298,3293
3299,3293
3300,3293
3301,3280
3302,3301
3303,3301
3304,3301
3305,3301
3306,3301
3307,3301
3308,3301
3309,3278
3310,3309
3311,3309
3312,3311
3313,3311
3314,3311
3315,3311
3316,3311
3317,3311
3318,3309
3319,3309
3320,3309
3321,3309
3322,3278
3323,3322
3324,3322
3325,3322
3326,3278
3327,
3328,3327
3329,3328
3330,3328
3331,3328
3332,3328
3333,3328
3334,3327
3335,3334
3336,3335
3337,3335
3338,3335
3339,3335
3340,3334
3341,3334
3342,3327
3343,3342
3344,3342
3345,3327
3346,3345
3347,3345
3348,
3349,3348
3350,3349
3351,3349
3352,3351
3353,3351
3354,3349
3355,3354
3356,3354
3357,3348
3358,3357
3359,3357
3360,3348
3361,3360
3362,3360
3363,3360
3364,3363
3365,3363
3366,3360
3367,3366
3368,3366
3369,3366
3370,3348
3371,3370
3372,3370
3373,3348
3374,3348
3375,3374
3376,3374
3377,3348
3378,3377
3379,3377
3380,3377
3381,3377
3382,3377
3383,3377
3384,3383
3385,3383
3386,3383
3387,3383
3388,3383
3389,3383
3390,3383
3391,3383
3392,3383
3393,3383
3394,3383
3395,3383
3396,3383
3397,3383
3398,3383
3399,3383
3400,3383
3401,3377
3402,3401
3403,3401
3404,3401
3405,3401
3406,3401
3407,3401
3408,3401
3409,3401
3410,3401
3411,3401
3412,3401
3413,3401
3414,3401
3415,3401
3416,3401
3417,3401
3418,3401
3419,3401
3420,3348
3421,3420
3422,3420
3423,3420
3424,3420
3425,3420
3426,3420
3427,3420
3428,3420
3429,3428
3430,3428
3431,3428
3432,3428
3433,3428
3434,3428
3435,3428
3436,3428
3437,3428
3438,3428
3439,3428
3440,3428
3441,3428
3442,3420
3443,3420
3444,3420
3445,3420
3446,3420
3447,3420
3448,3420
3449,3420
3450,3348
3451,3450
3452,3450
3453,3452
3454,3452
3455,3348
3456,3455
3457,3456
3458,3456
3459,3456
3460,3455
3461,3348
3462,3461
3463,3462
3464,3462
3465,3462
3466,3462
3467,3462
3468,3462
3469,3462
3470,3462
3471,3462
3472,3461
3473,3472
3474,3472
3475,3472
3476,3348
3477,3476
3478,3476
3479,3476
3480,3476
3481,3476
3482,3476
3483,3476
3484,3476
3485,3484
3486,3484
3487,3484
3488,3476
3489,3488
3490,3488
3491,3488
3492,3488
3493,3488
3494,3488
3495,3488
3496,3488
3497,3488
3498,3488
3499,3488
3500,3488
3501,3488
3502,3488
3503,3488
3504,3488
3505,3488
3506,3488
3507,3488
3508,3348
3509,3348
3510,3348
3511,3510
3512,3510
3513,3348
3514,3348
3515,3348
3516,3515
3517,3515
3518,3515
3519,3515
3520,3515
3521,3515
3522,3521
3523,3521
3524,3521
3525,3521
3526,3521
3527,3521
3528,3521
3529,3515
3530,3348
3531,3348
3532,3531
3533,3531
3534,3348
3535,3534
3536,3534
3537,
3538,3537
3539,3538
3540,3538
3541,3537
3542,3537
3543,3542
3544,3542
3545,3537
3546,3545
3547,3545
3548,
3549,3548
3550,3549
3551,3550
3552,3550
3553,3550
3554,3549
3555,3554
3556,3554
3557,3554
3558,3554
3559,3548
3560,3559
3561,3560
3562,3560
3563,3560
3564,3559
3565,
3566,3565
3567,3565
3568,3565
3569,3568
3570,3569
3571,3569
3572,3568
3573,3572
3574,3572
3575,3565
3576,3575
3577,3576
3578,3576
3579,3575
3580,3579
3581,3579
3582,3565
3583,3565
3584,3583
3585,3583
3586,3583
3587,3583
3588,3587
3589,3587
3590,3587
3591,3565
3592,3591
3593,3591
3594,3591
3595,3591
3596,
3597,3596
3598,3597
3599,3597
3600,3597
3601,3597
3602,3597
3603,3596
3604,3603
3605,3603
3606,3603
3607,3603
3608,3603
3609,3603
3610,3603
3611,3603
3612,3603
3613,3603
3614,3603
3615,3603
3616,3603
3617,3603
3618,3603
3619,3603
3620,3603
3621,3620
3622,3620
3623,3620
3624,3620
3625,3620
3626,3620
3627,3620
3628,3620
3629,3620
3630,3620
3631,3620
3632,3620
3633,3620
3634,3620
3635,3620
3636,3620
3637,3620
3638,3620
3639,3620
3640,3620
3641,3620
3642,3620
3643,3620
3644,3620
3645,3603
3646,3645
3647,3645
3648,3645
3649,3645
3650,3645
3651,3645
3652,3645
3653,3645
3654,3645
3655,3645
3656,3645
3657,3645
3658,3645
3659,3645
3660,3645
3661,3645
3662,3645
3663,3645
3664,3645
3665,3645
3666,3645
3667,3645
3668,3645
3669,3645
3670,3645
3671,3645
3672,3645
3673,3645
3674,3645
3675,3645
3676,3645
3677,3645
3678,3645
3679,3645
3680,3645
3681,3645
3682,3645
3683,3645
3684,3645
3685,3645
3686,3645
3687,3645
3688,3645
3689,3645
3690,3645
3691,3645
3692,3645
3693,3645
3694,3645
3695,3645
3696,3645
3697,3645
3698,3645
3699,3645
3700,3596
3701,3700
3702,3700
3703,3596
3704,3703
3705,3704
3706,3704
3707,3704
3708,3704
3709,3704
3710,3704
3711,3703
3712,3711
3713,3711
3714,3703
3715,3714
3716,3714
3717,3703
3718,3717
3719,3717
3720,3717
3721,3717
3722,3717
3723,3717
3724,3717
3725,3717
3726,3717
3727,3703
3728,3727
3729,3727
3730,3727
3731,3596
3732,3731
3733,3732
3734,3732
3735,3732
3736,3732
3737,3732
3738,3732
3739,3732
3740,3732
3741,3732
3742,3732
3743,3731
3744,3743
3745,3743
3746,3743
3747,3743
3748,3743
3749,3743
3750,3743
3751,3743
3752,3743
3753,3743
3754,3743
3755,3743
3756,3731
3757,3731
3758,3731
3759,3731
3760,3759
3761,3759
3762,3759
3763,3759
3764,3759
3765,3759
3766,3759
3767,3759
3768,3759
3769,3759
3770,3759
3771,3759
3772,3759
3773,3759
3774,3759
3775,3759
3776,3759
3777,3759
3778,3596
3779,3778
3780,3778
3781,3778
3782,3778
3783,3596
3784,3596
3785,3784
3786,3784
3787,3784
3788,3784
3789,3784
3790,3784
3791,3784
3792,3784
3793,3784
3794,3596
3795,3794
3796,3794
3797,3794
3798,3794
3799,3596
3800,3799
3801,3800
3802,3800
3803,3800
3804,3800
3805,3800
3806,3800
3807,3800
3808,3800
3809,3800
3810,3800
3811,3800
3812,3800
3813,3800
3814,3800
3815,3800
3816,3800
3817,3800
3818,3800
3819,3799
3820,3819
3821,3819
3822,3819
3823,3819
3824,3819
3825,3819
3826,3819
3827,3819
3828,3819
3829,3799
3830,3829
3831,3829
3832,3829
3833,3799
3834,3833
3835,3833
3836,3596
3837,3836
3838,3836
3839,3838
3840,3838
3841,3838
3842,3838
3843,3838
3844,3838
3845,3838
3846,3836
3847,3846
3848,3846
3849,3846
3850,3846
3851,3846
3852,3836
3853,3836
3854,3836
3855,3836
3856,3836
3857,3836
3858,3836
3859,3596
3860,3596
3861,3860
3862,3860
3863,3860
3864,3596
3865,3864
3866,3864
3867,3596
3868,3867
3869,3867
3870,3867
3871,3867
3872,3596
3873,3872
3874,3872
3875,3872
3876,3596
3877,3876
3878,3876
3879,3876
3880,3876
3881,3876
3882,3596
3883,3882
3884,3882
3885,3882
3886,3882
3887,3882
3888,3882
3889,3596
3890,3889
3891,3889
3892,3889
3893,3889
3894,3889
3895,3889
3896,3889
3897,3889
3898,3596
3899,3898
3900,3898
3901,3596
3902,3901
3903,3901
3904,3596
3905,3904
3906,3904
3907,3904
3908,3907
3909,3907
3910,3904
3911,3904
3912,3904
3913,3904
3914,3904
3915,3904
3916,3904
3917,3904
3918,3904
3919,3904
3920,3904
3921,3904
3922,3904
3923,3904
3924,3904
3925,3904
3926,3904
3927,3904
3928,3904
3929,3904
3930,3904
3931,3904
3932,3904
3933,3904
3934,3904
3935,3904
3936,3904
3937,3904
3938,3904
3939,3904
3940,3904
3941,3904
3942,3904
3943,
3944,3943
3945,3944
3946,3944
3947,3946
3948,3946
3949,3946
3950,3946
3951,3943
3952,3951
3953,3951
3954,3943
3955,3943
3956,3943
3957,3956
3958,3956
3959,3958
3960,3958
3961,3943
3962,3943
3963,3962
3964,3962
3965,3943
3966,3965
3967,3965
3968,3943
3969,3943
3970,3943
3971,3970
3972,3970
3973,3970
3974,3970
3975,3974
3976,3974
3977,
3978,3977
3979,3977
3980,3977
3981,3977
3982,3977
3983,3977
3984,3977
3985,3984
3986,3984
3987,3984
3988,3984
3989,3984
3990,3984
3991,3984
3992,
3993,3992
3994,3993
3995,3994
3996,3994
3997,3993
3998,3997
3999,3997
4000,3993
4001,3992
4002,4001
4003,4002
4004,4002
4005,4001
4006,3992
4007,4006
4008,4006
4009,4006
4010,3992
4011,3992
4012,4011
4013,4011
4014,4013
4015,4013
4016,4011
4017,4016
4018,4016
4019,4011
4020,3992
4021,4020
4022,4020
4023,3992
4024,4023
4025,4023
4026,3992
4027,4026
4028,4026
4029,3992
4030,4029
4031,4029
4032,3992
4033,3992
4034,4033
4035,4034
4036,4034
4037,4033
4038,4033
4039,4033
4040,3992
4041,4040
4042,4041
4043,4041
4044,4040
4045,4040
4046,4040
4047,3992
4048,
4049,4048
4050,4048
4051,4050
4052,4050
4053,4052
4054,4052
4055,4048
4056,4048
4057,4056
4058,4057
4059,4057
4060,4056
4061,4048
4062,4061
4063,4062
4064,4062
4065,4062
4066,4062
4067,4062
4068,4062
4069,4062
4070,4061
4071,4070
4072,4070
4073,4070
4074,4070
4075,4070
4076,4070
4077,4070
4078,4070
4079,4070
4080,4061
4081,4080
4082,4080
4083,4080
4084,4080
4085,4080
4086,4080
4087,4080
4088,4061
4089,4088
4090,4088
4091,4088
4092,4088
4093,4088
4094,4088
4095,4088
4096,4088
4097,4088
4098,4048
4099,4098
4100,4099
4101,4099
4102,4099
4103,4099
4104,4099
4105,4099
4106,4099
4107,4098
4108,4107
4109,4107
4110,4107
4111,4107
4112,4107
4113,4107
4114,4107
4115,4098
4116,4115
4117,4115
4118,4115
4119,4115
4120,4115
4121,4115
4122,4115
4123,4098
4124,4123
4125,4123
4126,4123
4127,4123
4128,4123
4129,4123
4130,4123
4131,4048
4132,4131
4133,4131
4134,4048
4135,4134
4136,4135
4137,4135
4138,4135
4139,4135
4140,4134
4141,4140
4142,4140
4143,4140
4144,4140
4145,4134
4146,4145
4147,4145
4148,4145
4149,4145
4150,4134
4151,4150
4152,4150
4153,4150
4154,4150
4155,4134
4156,4155
4157,4155
4158,4155
4159,4048
4160,4159
4161,4160
4162,4160
4163,4160
4164,4159
4165,4164
4166,4164
4167,4164
4168,4159
4169,4168
4170,4168
4171,4168
4172,4159
4173,4172
4174,4172
4175,4172
4176,4172
4177,4159
4178,4177
4179,4177
4180,4177
4181,4048
4182,4181
4183,4182
4184,4182
4185,4181
4186,4185
4187,4185
4188,4181
4189,4188
4190,4188
4191,4188
4192,4181
4193,4192
4194,4192
4195,4181
4196,4195
4197,4195
4198,4048
4199,4198
4200,4199
4201,4199
4202,4199
4203,4198
4204,4198
4205,4204
4206,4204
4207,4204
4208,4198
4209,4208
4210,4208
4211,4208
4212,4208
4213,4198
4214,4213
4215,4213
4216,4213
4217,4048
4218,4217
4219,4218
4220,4218
4221,4218
4222,4218
4223,4218
4224,4217
4225,4224
4226,4224
4227,4224
4228,4224
4229,4224
4230,
4231,4230
4232,4231
4233,4231
4234,4233
4235,4233
4236,4231
4237,4230
4238,4237
4239,4237
4240,4230
4241,4240
4242,4240
4243,4230
4244,4230
4245,4244
4246,4244
4247,4230
4248,4247
4249,4247
4250,4230
4251,4250
4252,4250
4253,4250
4254,4230
4255,4254
4256,4255
4257,4255
4258,4254
4259,4258
4260,4258
4261,4230
4262,4261
4263,4261
4264,4230
4265,
4266,4265
4267,4266
4268,4266
4269,4265
4270,4269
4271,4270
4272,4270
4273,4269
4274,4269
4275,4274
4276,4274
4277,4274
4278,4274
4279,4274
4280,4269
4281,4280
4282,4280
4283,4280
4284,4280
4285,4280
4286,4280
4287,4269
4288,4287
4289,4287
4290,4287
4291,4269
4292,4291
4293,4291
4294,4291
4295,4265
4296,4295
4297,4295
4298,4297
4299,4297
4300,4297
4301,4297
4302,4295
4303,4302
4304,4302
4305,4302
4306,4265
4307,4306
4308,4307
4309,4307
4310,4307
4311,4306
4312,4265
4313,4265
4314,4265
4315,4314
4316,4314
4317,4314
4318,4314
4319,4318
4320,4318
4321,4318
4322,4318
4323,4314
4324,4323
4325,4323
4326,4323
4327,4323
4328,4314
4329,4328
4330,4328
4331,4314
4332,4331
4333,4331
4334,4331
4335,4331
4336,4314
4337,4336
4338,4336
4339,4336
4340,4336
4341,4314
4342,4341
4343,4341
4344,4341
4345,4341
4346,4265
4347,4346
4348,4346
4349,4348
4350,4348
4351,4348
4352,4348
4353,4346
4354,4353
4355,4353
4356,4353
4357,4353
4358,
4359,4358
4360,4359
4361,4359
4362,4359
4363,4359
4364,4359
4365,4359
4366,4359
4367,4359
4368,4359
4369,4359
4370,4359
4371,4359
4372,4359
4373,4359
4374,4359
4375,4358
4376,4358
4377,4376
4378,4377
4379,4377
4380,4376
4381,4376
4382,4376
4383,4376
4384,4358
4385,4384
4386,4384
4387,4358
4388,4387
4389,4387
4390,4358
4391,4390
4392,4390
4393,4390
4394,4390
4395,4358
4396,4358
4397,4396
4398,4396
4399,4358
4400,4399
4401,4400
4402,4400
4403,4399
4404,4403
4405,4403
4406,4399
4407,4406
4408,4406
4409,4399
4410,4409
4411,4409
4412,4399
4413,4412
4414,4412
4415,4412
4416,4412
4417,4399
4418,4417
4419,4417
4420,4417
4421,4399
4422,4421
4423,4421
4424,4421
4425,4358
4426,4425
4427,4426
4428,4426
4429,4425
4430,4425
4431,4425
4432,4358
4433,4432
4434,4432
4435,4432
4436,4358
4437,4436
4438,4437
4439,4437
4440,4436
4441,4440
4442,4440
4443,4436
4444,4443
4445,4443
4446,4358
4447,4446
4448,4447
4449,4447
4450,4447
4451,4447
4452,4446
4453,4452
4454,4452
4455,4452
4456,4446
4457,4456
4458,4456
4459,4446
4460,4459
4461,4459
4462,4358
4463,4462
4464,4463
4465,4463
4466,4463
4467,4462
4468,4467
4469,4467
4470,4467
4471,4467
4472,4462
4473,4462
4474,4473
4475,4473
4476,4473
4477,4473
4478,4358
4479,4478
4480,4479
4481,4479
4482,4479
4483,4479
4484,4478
4485,4484
4486,4484
4487,4484
4488,4478
4489,4488
4490,4488
4491,4358
4492,4491
4493,4492
4494,4492
4495,4492
4496,4492
4497,4491
4498,4497
4499,4497
4500,4497
4501,4497
4502,4491
4503,4502
4504,4502
4505,4502
4506,4502
4507,4491
4508,4507
4509,4507
4510,4507
4511,4507
4512,4491
4513,4512
4514,4512
4515,4512
4516,4512
4517,
4518,4517
4519,4518
4520,4519
4521,4519
4522,4519
4523,4518
4524,4517
4525,4524
4526,4524
4527,4526
4528,4526
4529,4524
4530,4517
4531,4530
4532,4531
4533,4531
4534,4531
4535,4531
4536,4530
4537,4536
4538,4536
4539,4536
4540,4536
4541,4517
4542,4541
4543,4541
4544,4517
4545,4517
4546,4545
4547,4545
4548,4517
4549,4548
4550,4549
4551,4549
4552,4548
4553,4552
4554,4552
4555,4548
4556,4548
4557,4548
4558,4548
4559,4517
4560,4559
4561,4560
4562,4560
4563,4560
4564,4560
4565,4559
4566,4559
4567,4559
4568,4517
4569,
4570,4569
4571,4570
4572,4570
4573,4569
4574,4573
4575,4573
4576,4573
4577,4576
4578,4576
4579,4576
4580,4576
4581,4576
4582,4576
4583,4573
4584,4583
4585,4583
4586,4583
4587,4583
4588,4583
4589,4583
4590,4583
4591,4583
4592,4583
4593,4583
4594,4573
4595,4573
4596,4573
4597,4573
4598,4597
4599,4597
4600,4597
4601,4597
4602,4597
4603,4597
4604,4597
4605,4597
4606,4597
4607,4569
4608,4607
4609,4607
4610,4607
4611,4607
4612,4607
4613,4607
4614,4569
4615,4614
4616,4614
4617,4614
4618,4614
4619,4614
4620,4614
4621,4569
4622,4621
4623,4621
4624,4621
4625,4621
4626,
4627,4626
4628,4627
4629,4627
4630,4627
4631,4627
4632,4627
4633,4627
4634,4633
4635,4633
4636,4633
4637,4633
4638,4633
4639,4633
4640,4633
4641,4627
4642,4641
4643,4641
4644,4641
4645,4641
4646,4641
4647,4641
4648,4641
4649,4627
4650,4627
4651,4627
4652,4626
4653,4652
4654,4653
4655,4653
4656,4652
4657,4652
4658,4626
4659,4658
4660,4658
4661,4658
4662,4658
4663,4626
4664,4663
4665,4663
4666,4665
4667,4665
4668,4663
4669,4626
4670,4626
4671,4670
4672,4670
4673,4670
4674,4673
4675,4673
4676,4673
4677,4673
4678,4673
4679,4670
4680,4626
4681,4680
4682,4680
4683,4626
4684,4683
4685,4683
4686,4626
4687,4626
4688,4687
4689,4687
4690,4689
4691,4689
4692,4689
4693,4626
4694,
4695,4694
4696,4695
4697,4695
4698,4694
4699,4698
4700,4698
4701,4698
4702,4694
4703,4702
4704,4702
4705,4702
4706,4702
4707,4702
4708,4702
4709,4702
4710,4702
4711,4702
4712,4694
4713,4712
4714,4712
4715,4694
4716,4715
4717,4715
4718,4715
4719,4715
4720,4694
4721,4720
4722,4720
4723,4722
4724,4722
4725,4722
4726,4722
4727,4694
4728,4694
4729,4694
4730,4729
4731,4729
4732,4694
4733,4694
4734,4733
4735,4733
4736,4733
4737,4736
4738,4736
4739,4733
4740,4733
4741,4733
4742,4733
4743,
4744,4743
4745,4744
4746,4744
4747,4746
4748,4746
4749,4746
4750,4744
4751,4750
4752,4750
4753,4750
4754,4743
4755,4754
4756,4754
4757,4743
4758,4757
4759,4757
4760,4757
4761,4757
4762,4757
4763,4743
4764,4763
4765,4763
4766,4743
4767,4766
4768,4767
4769,4767
4770,4767
4771,4767
4772,4766
4773,4772
4774,4772
4775,4772
4776,4772
4777,4766
4778,4777
4779,4777
4780,4777
4781,4777
4782,4766
4783,4743
4784,4783
4785,4783
4786,4785
4787,4785
4788,4785
4789,4785
4790,4783
4791,4790
4792,4790
4793,4790
4794,4790
4795,4783
4796,4795
4797,4795
4798,4795
4799,4795
4800,4783
4801,
4802,4801
4803,4802
4804,4802
4805,4802
4806,4801
4807,4806
4808,4806
4809,4806
4810,4806
4811,4801
4812,4811
4813,4811
4814,4813
4815,4813
4816,4813
4817,4811
4818,4817
4819,4817
4820,4817
4821,4817
4822,4811
4823,4822
4824,4822
4825,4822
4826,4822
4827,4801
4828,4827
4829,4828
4830,4828
4831,4827
4832,4831
4833,4831
4834,4831
4835,4827
4836,4835
4837,4835
4838,4835
4839,4835
4840,4827
4841,4840
4842,4840
4843,4840
4844,4840
4845,4840
4846,4827
4847,4846
4848,4846
4849,4846
4850,4846
4851,4827
4852,4851
4853,4851
4854,4851
4855,4851
4856,4801
4857,4856
4858,4856
4859,4856
4860,4801
4861,4860
4862,4860
4863,4860
4864,4801
4865,4864
4866,4865
4867,4865
4868,4865
4869,4864
4870,4869
4871,4869
4872,4869
4873,4864
4874,4873
4875,4873
4876,4801
4877,4876
4878,4877
4879,4877
4880,4876
4881,4880
4882,4880
4883,4880
4884,4876
4885,4884
4886,4884
4887,4884
4888,4876
4889,4888
4890,4888
4891,4888
4892,4801
4893,4892
4894,4892
4895,4801
4896,4895
4897,4896
4898,4896
4899,4896
4900,4895
4901,4895
4902,4895
4903,4801
4904,4903
4905,4903
4906,4903
4907,4903
4908,4903
4909,4903
4910,4903
4911,4903
4912,4903
4913,4903
4914,4903
4915,4903
4916,4801
4917,4916
4918,4917
4919,4917
4920,4917
4921,4916
4922,4916
4923,4922
4924,4922
4925,4916
4926,4925
4927,4925
4928,4801
4929,4928
4930,4928
4931,4928
4932,4928
4933,4928
4934,4928
4935,4801
4936,4935
4937,4935
4938,4935
4939,4801
4940,4939
4941,4939
4942,4939
4943,4939
4944,4943
4945,4943
4946,4943
4947,4943
4948,4943
4949,4939
4950,4939
4951,4950
4952,4950
4953,4950
4954,4950
4955,4950
4956,4950
4957,4950
4958,4950
4959,4950
4960,4950
4961,4950
4962,4950
4963,4801
4964,4963
4965,4963
4966,4965
4967,4965
4968,4965
4969,4965
4970,4801
4971,4970
4972,4970
4973,4970
4974,4970
4975,4970
4976,4970
4977,4970
4978,4970
4979,4970
4980,4970
4981,
4982,4981
4983,4982
4984,4983
4985,4983
4986,4983
4987,4983
4988,4982
4989,4988
4990,4988
4991,4988
4992,4988
4993,4981
4994,4993
4995,4994
4996,4994
4997,4994
4998,4994
4999,4993
5000,4999
5001,4999
5002,4999
5003,4999
5004,4981
5005,5004
5006,5005
5007,5005
5008,5005
5009,5004
5010,5009
5011,5009
5012,5009
5013,5004
5014,5013
5015,5013
5016,5013
5017,5013
5018,5004
5019,5018
5020,5018
5021,5018
5022,5018
5023,4981
5024,5023
5025,5024
5026,5024
5027,5024
5028,5024
5029,5023
5030,5029
5031,5029
5032,5029
5033,5029
5034,5023
5035,5034
5036,5034
5037,5034
5038,5034
5039,5023
5040,5039
5041,5039
5042,5039
5043,5039
5044,5039
5045,5023
5046,5045
5047,5045
5048,5045
5049,5045
5050,5023
5051,5050
5052,5050
5053,5050
5054,5050
5055,4981
5056,5055
5057,5055
5058,5055
5059,4981
5060,5059
5061,5059
5062,5059
5063,5059
5064,5059
5065,4981
5066,5065
5067,5066
5068,5066
5069,5065
5070,5069
5071,5069
5072,5069
5073,5065
5074,5073
5075,5073
5076,4981
5077,5076
5078,5077
5079,5077
5080,5076
5081,5080
5082,5080
5083,5080
5084,5076
5085,5084
5086,5084
5087,5084
5088,4981
5089,5088
5090,5088
5091,5088
5092,5088
5093,5088
5094,5088
5095,5088
5096,5088
5097,5088
5098,5088
5099,5088
5100,5088
5101,4981
5102,5101
5103,5101
5104,5101
5105,5101
5106,5101
5107,5101
5108,5101
5109,5101
5110,5101
5111,5101
5112,5101
5113,5101
5114,5101
5115,4981
5116,5115
5117,5116
5118,5116
5119,5115
5120,5115
5121,5120
5122,5120
5123,5120
5124,5120
5125,5120
5126,5120
5127,5120
5128,5120
5129,5120
5130,5115
5131,5130
5132,5130
5133,5130
5134,4981
5135,5134
5136,5134
5137,5134
5138,5134
5139,5134
5140,5134
5141,4981
5142,5141
5143,5141
5144,4981
5145,5144
5146,5144
5147,5144
5148,5144
5149,5144
5150,4981
5151,5150
5152,5150
5153,5150
5154,4981
5155,4981
5156,5155
5157,5155
5158,5155
5159,5155
5160,5155
5161,5155
5162,5155
5163,5155
5164,
5165,5164
5166,5165
5167,5165
5168,5165
5169,5165
5170,5165
5171,5165
5172,5165
5173,5165
5174,5165
5175,5164
5176,5175
5177,5175
5178,5177
5179,5177
5180,5177
5181,5175
5182,5181
5183,5181
5184,5181
5185,5175
5186,5175
5187,5186
5188,5186
5189,5186
5190,5186
5191,5186
5192,5175
5193,5175
5194,5193
5195,5193
5196,5193
5197,5193
5198,5193
5199,5193
5200,5193
5201,5193
5202,5164
5203,5202
5204,5203
5205,5203
5206,5203
5207,5203
5208,5203
5209,5203
5210,5202
5211,5210
5212,5210
5213,5210
5214,5210
5215,5210
5216,5210
5217,5210
5218,5210
5219,5210
5220,5164
5221,5220
5222,5221
5223,5221
5224,5221
5225,5221
5226,5220
5227,5226
5228,5226
5229,5226
5230,5226
5231,5164
5232,5231
5233,5231
5234,5231
5235,5234
5236,5234
5237,5234
5238,5234
5239,5234
5240,5234
5241,5234
5242,5231
5243,5164
5244,5243
5245,5244
5246,5244
5247,5243
5248,5247
5249,5247
5250,5243
5251,5243
5252,5243
5253,5164
5254,5253
5255,5253
5256,5253
5257,5253
5258,5253
5259,5253
5260,5253
5261,5253
5262,5253
5263,5253
5264,5253
5265,5253
5266,5253
5267,5253
5268,5253
5269,5253
5270,5164
5271,5164
5272,5164
5273,5272
5274,5272
5275,
5276,5275
5277,5276
5278,5276
5279,5278
5280,5278
5281,5278
5282,5278
5283,5278
5284,5278
5285,5278
5286,5275
5287,5286
5288,5287
5289,5287
5290,5286
5291,5286
5292,5291
5293,5291
5294,5291
5295,5291
5296,5291
5297,5291
5298,5275
5299,5298
5300,5299
5301,5299
5302,5298
5303,5298
5304,5298
5305,5304
5306,5304
5307,5298
5308,5307
5309,5307
5310,5275
5311,5310
5312,5311
5313,5311
5314,5311
5315,5311
5316,5311
5317,5311
5318,5310
5319,5275
5320,5319
5321,5319
5322,5319
5323,5319
5324,5319
5325,5275
5326,5325
5327,5325
5328,5325
5329,5325
5330,5325
5331,5325
5332,5325
5333,
5334,5333
5335,5333
5336,5333
5337,5333
5338,5337
5339,5337
5340,5333
5341,5340
5342,5340
5343,5342
5344,5342
5345,5342
5346,5342
5347,5342
5348,5342
5349,5333
5350,
5351,5350
5352,5351
5353,5351
5354,5353
5355,5353
5356,5350
5357,5350
5358,5357
5359,5357
5360,
5361,5360
5362,5360
5363,5362
5364,5362
5365,5360
5366,5360
5367,5366
5368,5367
5369,5367
5370,5366
5371,5366
5372,
5373,5372
5374,5372
5375,5374
5376,5374
5377,5376
5378,5376
5379,5376
5380,5374
5381,5380
5382,5380
5383,5380
5384,5380
5385,5372
5386,5372
5387,5386
5388,5386
5389,5388
5390,5388
5391,5388
5392,5386
5393,5372
5394,5393
5395,5393
5396,5393
5397,5372
5398,5397
5399,5397
5400,5397
5401,5397
5402,5397
5403,5372
5404,5403
5405,5403
5406,5372
5407,5372
5408,5407
5409,5408
5410,5408
5411,5407
5412,5372
5413,5412
5414,5413
5415,5413
5416,5412
5417,5416
5418,5416
5419,5372
5420,5419
5421,5419
5422,5421
5423,5421
5424,5421
5425,5372
5426,5425
5427,5425
5428,5425
5429,5425
5430,5425
5431,5430
5432,5430
5433,5430
5434,5430
5435,5430
5436,5430
5437,5430
5438,5372
5439,5438
5440,5438
5441,5438
5442,5438
5443,5442
5444,5442
5445,5442
5446,5442
5447,5442
5448,5442
5449,5372
5450,5449
5451,5449
5452,5372
5453,5452
5454,5452
5455,5452
5456,5455
5457,5455
5458,
5459,5458
5460,5458
5461,5460
5462,5460
5463,5460
5464,5458
5465,5464
5466,5464
5467,5464
5468,5458
5469,5468
5470,5468
5471,5458
5472,5471
5473,5471
5474,5458
5475,5458
5476,5475
5477,5475
5478,5458
5479,5478
5480,5478
5481,5458
5482,5481
5483,5482
5484,5482
5485,5482
5486,5481
5487,5458
5488,5487
5489,5487
5490,5458
5491,5490
5492,5490
5493,5458
5494,5458
5495,5494
5496,5494
5497,5458
5498,5497
5499,5497
5500,
5501,5500
5502,5500
5503,5502
5504,5502
5505,5502
5506,5505
5507,5505
5508,5505
5509,5500
5510,5509
5511,5510
5512,5510
5513,5509
5514,5509
5515,5500
5516,5515
5517,5515
5518,5500
5519,5518
5520,5518
5521,5520
5522,5520
5523,5518
5524,5500
5525,5500
5526,5525
5527,5526
5528,5526
5529,5526
5530,5526
5531,5526
5532,5526
5533,5525
5534,5533
5535,5533
5536,5533
5537,5533
5538,5533
5539,5533
5540,5500
5541,5500
5542,5541
5543,5541
5544,5541
5545,5541
5546,5545
5547,5545
5548,5500
5549,5548
5550,5548
5551,5548
5552,5551
5553,5551
5554,5500
5555,5554
5556,5554
5557,5554
5558,5500
5559,5558
5560,5558
5561,5560
5562,5560
5563,5558
5564,5563
5565,5563
5566,5558
5567,5566
5568,5566
5569,5566
5570,5558
5571,5570
5572,5570
5573,5570
5574,5570
5575,5500
5576,5575
5577,5575
5578,5500
5579,5578
5580,5578
5581,5500
5582,5581
5583,5581
5584,5500
5585,5584
5586,5584
5587,5584
5588,5500
5589,5588
5590,5588
5591,5588
5592,5500
5593,5592
5594,5593
5595,5593
5596,5593
5597,5592
5598,5597
5599,5597
5600,5597
5601,5597
5602,5597
5603,5592
5604,5592
5605,5604
5606,5604
5607,5604
5608,5592
5609,5592
5610,5592
5611,5500
5612,5611
5613,5611
5614,
5615,5614
5616,5615
5617,5615
5618,5617
5619,5617
5620,5614
5621,5620
5622,5620
5623,5622
5624,5622
5625,5620
5626,5625
5627,5625
5628,5614
5629,5628
5630,5628
5631,5630
5632,5630
5633,5614
5634,5633
5635,5633
5636,5633
5637,5614
5638,5637
5639,5637
5640,5614
5641,5640
5642,5640
5643,5642
5644,5642
5645,5614
5646,5614
5647,5646
5648,5647
5649,5647
5650,5647
5651,5646
5652,5614
5653,5614
5654,5653
5655,5654
5656,5654
5657,5653
5658,5657
5659,5657
5660,5653
5661,5660
5662,5660
5663,5653
5664,5663
5665,5663
5666,5614
5667,5614
5668,5667
5669,5667
5670,5669
5671,5669
5672,5669
5673,5614
5674,5673
5675,5674
5676,5674
5677,5673
5678,5614
5679,5678
5680,5679
5681,5679
5682,5678
5683,5614
5684,5683
5685,5683
5686,5614
5687,5686
5688,5686
5689,5614
5690,5689
5691,5690
5692,5690
5693,5689
5694,5614
5695,5694
5696,5694
5697,
5698,5697
5699,5698
5700,5698
5701,5698
5702,5697
5703,5702
5704,5703
5705,5703
5706,5702
5707,5706
5708,5706
5709,5702
5710,5702
5711,5710
5712,5710
5713,5702
5714,5702
5715,5702
5716,5702
5717,5702
5718,5717
5719,5717
5720,5717
5721,5717
5722,5697
5723,5722
5724,5722
5725,5697
5726,5725
5727,5725
5728,5727
5729,5727
5730,5725
5731,5725
5732,5731
5733,5731
5734,5725
5735,5697
5736,5735
5737,5735
5738,5737
5739,5737
5740,5697
5741,5740
5742,5740
5743,5697
5744,5743
5745,5744
5746,5744
5747,5744
5748,5743
5749,5697
5750,5749
5751,5749
5752,5751
5753,5751
5754,5751
5755,5749
5756,5755
5757,5755
5758,5755
5759,5755
5760,5749
5761,5749
5762,5761
5763,5761
5764,5761
5765,5761
5766,5749
5767,5697
5768,5767
5769,5768
5770,5768
5771,5768
5772,5768
5773,5767
5774,5773
5775,5773
5776,5773
5777,5773
5778,5767
5779,5697
5780,5779
5781,5780
5782,5780
5783,5779
5784,5779
5785,5779
5786,5785
5787,5785
5788,5779
5789,5779
5790,5789
5791,5789
5792,5779
5793,5779
5794,5697
5795,5794
5796,5795
5797,5795
5798,5795
5799,5794
5800,5799
5801,5799
5802,5794
5803,5697
5804,5803
5805,5803
5806,5803
5807,5803
5808,5803
5809,5803
5810,5697
5811,5810
5812,5810
5813,5810
5814,5813
5815,5813
5816,5697
5817,5816
5818,5816
5819,5816
5820,5816
5821,5820
5822,5820
5823,5697
5824,5823
5825,5823
5826,5823
5827,5823
5828,5823
5829,5823
5830,5823
5831,5697
5832,5831
5833,5831
5834,5833
5835,5833
5836,5831
5837,5836
5838,5836
5839,5836
5840,5831
5841,5831
5842,5831
5843,5842
5844,5842
5845,5831
5846,5845
5847,5845
5848,5697
5849,5848
5850,5848
5851,5848
5852,5848
5853,5697
5854,5853
5855,5853
5856,5855
5857,5855
5858,5697
5859,5858
5860,5859
5861,5859
5862,5859
5863,5859
5864,5858
5865,5864
5866,5864
5867,5864
5868,5864
5869,5858
5870,5869
5871,5869
5872,5869
5873,5869
5874,5869
5875,5858
5876,5697
5877,5876
5878,5877
5879,5877
5880,5876
5881,5876
5882,5697
5883,5697
5884,5883
5885,5884
5886,5884
5887,5883
5888,5883
5889,5883
5890,5697
5891,5697
5892,5891
5893,5891
5894,5697
5895,5894
5896,5895
5897,5895
5898,5894
5899,5894
5900,5894
5901,5894
5902,5901
5903,5901
5904,5901
5905,5697
5906,5905
5907,5906
5908,5906
5909,5905
5910,5905
5911,5910
5912,5910
5913,5910
5914,5697
5915,5914
5916,5914
5917,5914
5918,5914
5919,5914
5920,5914
5921,5914
5922,5914
5923,5697
5924,5923
5925,5923
5926,5923
5927,5923
5928,5923
5929,5923
5930,5923
5931,5923
5932,5923
5933,5923
5934,5923
5935,5923
5936,5923
5937,5923
5938,5923
5939,5923
5940,5923
5941,5923
5942,5923
5943,5697
5944,5943
5945,5943
5946,5943
5947,5943
5948,
5949,5948
5950,5949
5951,5949
5952,5948
5953,5952
5954,5952
5955,5952
5956,5952
5957,5948
5958,5948
5959,5958
5960,5959
5961,5959
5962,5958
5963,5962
5964,5962
5965,5962
5966,5962
5967,5958
5968,5967
5969,5967
5970,5958
5971,5970
5972,5970
5973,5958
5974,5973
5975,5973
5976,5958
5977,5948
5978,5977
5979,5978
5980,5978
5981,5978
5982,5977
5983,5977
5984,5983
5985,5983
5986,5977
5987,5948
5988,5987
5989,5988
5990,5988
5991,5987
5992,5991
5993,5991
5994,5987
5995,5987
5996,5987
5997,5987
5998,5997
5999,5997
6000,5987
6001,5948
6002,6001
6003,6002
6004,6002
6005,6001
6006,6005
6007,6005
6008,6005
6009,6005
6010,6001
6011,6010
6012,6010
6013,6010
6014,6010
6015,5948
6016,6015
6017,6015
6018,6015
6019,6015
6020,6015
6021,5948
6022,5948
6023,6022
6024,6022
6025,6024
6026,6024
6027,5948
6028,5948
6029,6028
6030,6028
6031,5948
6032,5948
6033,6032
6034,6033
6035,6033
6036,6033
6037,6032
6038,6032
6039,6038
6040,6038
6041,6032
6042,6041
6043,6041
6044,6041
6045,6032
6046,5948
6047,6046
6048,6047
6049,6047
6050,6047
6051,6046
6052,6046
6053,6052
6054,6052
6055,6052
6056,6046
6057,5948
6058,5948
6059,6058
6060,6058
6061,5948
6062,6061
6063,6062
6064,6062
6065,6062
6066,6062
6067,6062
6068,6062
6069,6062
6070,6061
6071,6070
6072,6070
6073,6070
6074,6070
6075,6070
6076,5948
6077,6076
6078,6076
6079,5948
6080,6079
6081,6079
6082,6079
6083,5948
6084,6083
6085,6084
6086,6084
6087,6084
6088,6083
6089,6088
6090,6088
6091,6088
6092,6083
6093,5948
6094,6093
6095,6094
6096,6094
6097,6093
6098,5948
6099,6098
6100,6098
6101,6100
6102,6100
6103,6100
6104,6100
6105,6100
6106,5948
6107,6106
6108,6106
6109,6108
6110,6108
6111,6106
6112,5948
6113,6112
6114,6112
6115,6114
6116,6114
6117,5948
6118,6117
6119,6118
6120,6118
6121,6117
6122,6117
6123,6117
6124,6117
6125,
6126,6125
6127,6125
6128,6125
6129,6128
6130,6129
6131,6129
6132,6129
6133,6129
6134,6128
6135,6134
6136,6134
6137,6134
6138,6125
6139,6125
6140,6125
6141,6140
6142,6140
6143,6125
6144,6143
6145,6143
6146,6145
6147,6145
6148,6125
6149,6148
6150,6149
6151,6149
6152,6148
6153,6152
6154,6152
6155,6152
6156,6125
6157,6156
6158,6157
6159,6157
6160,6156
6161,6160
6162,6160
6163,6156
6164,6163
6165,6163
6166,6156
6167,6156
6168,6125
6169,6168
6170,6169
6171,6169
6172,6168
6173,6172
6174,6172
6175,6125
6176,6175
6177,6175
6178,6177
6179,6177
6180,6177
6181,6125
6182,6181
6183,6181
6184,6125
6185,6125
6186,6185
6187,6185
6188,6187
6189,6187
6190,6185
6191,6190
6192,6190
6193,6125
6194,6193
6195,6193
6196,6125
6197,6196
6198,6196
6199,6198
6200,6198
6201,
6202,6201
6203,6202
6204,6202
6205,6201
6206,6205
6207,6205
6208,6201
6209,6201
6210,6201
6211,6210
6212,6211
6213,6211
6214,6210
6215,6214
6216,6214
6217,6201
6218,6217
6219,6217
6220,6201
6221,6220
6222,6221
6223,6221
6224,6220
6225,6201
6226,6225
6227,6225
6228,
6229,6228
6230,6229
6231,6229
6232,6228
6233,6228
6234,6233
6235,6233
6236,6228
6237,6236
6238,6236
6239,6238
6240,6238
6241,6228
6242,6241
6243,6242
6244,6242
6245,6241
6246,6245
6247,6245
6248,6228
6249,6248
6250,6249
6251,6249
6252,6248
6253,6252
6254,6252
6255,6228
6256,6255
6257,6256
6258,6256
6259,6255
6260,6228
6261,6260
6262,6260
6263,6228
6264,6228
6265,6264
6266,6264
6267,6228
6268,6228
6269,6268
6270,6268
6271,6228
6272,6228
6273,6272
6274,6272
6275,6228
6276,6275
6277,6275
6278,6228
6279,6278
6280,6278
6281,6280
6282,6280
6283,
6284,6283
6285,6284
6286,6284
6287,6286
6288,6286
6289,6283
6290,6283
6291,6290
6292,6291
6293,6291
6294,6290
6295,6283
6296,6295
6297,6295
6298,
6299,6298
6300,6299
6301,6300
6302,6300
6303,6299
6304,6298
6305,6298
6306,6305
6307,6305
6308,6298
6309,6298
6310,6298
6311,6310
6312,6310
6313,
6314,6313
6315,6314
6316,6314
6317,6313
6318,6313
6319,6313
6320,
6321,6320
6322,6321
6323,6321
6324,6323
6325,6323
6326,6323
6327,6323
6328,6320
6329,6328
6330,6328
6331,6330
6332,6330
6333,6330
6334,6330
6335,6330
6336,6320
6337,6336
6338,6336
6339,6336
6340,6320
6341,6340
6342,6341
6343,6341
6344,6340
6345,6340
6346,6340
6347,6320
6348,6347
6349,6347
6350,6347
6351,6320
6352,6320
6353,6352
6354,6352
6355,6352
6356,6320
6357,6356
6358,6356
6359,6356
6360,6320
6361,6360
6362,6360
6363,6360
6364,6320
6365,6364
6366,6364
6367,6364
6368,6320
6369,6320
6370,6369
6371,6370
6372,6370
6373,6370
6374,6369
6375,6374
6376,6374
6377,6374
6378,6369
6379,6378
6380,6378
6381,6378
6382,6369
6383,6382
6384,6382
6385,6320
6386,
6387,6386
6388,6387
6389,6387
6390,6387
6391,6387
6392,6387
6393,6387
6394,6386
6395,6394
6396,6394
6397,6394
6398,6397
6399,6397
6400,6394
6401,6394
6402,6401
6403,6401
6404,6386
6405,6404
6406,6404
6407,6404
6408,6404
6409,6386
6410,6409
6411,6410
6412,6410
6413,6409
6414,6386
6415,6414
6416,6414
6417,6414
6418,6414
6419,6414
6420,6419
6421,6419
6422,6414
6423,6414
6424,6414
6425,6386
6426,6386
6427,6426
6428,6427
6429,6427
6430,6426
6431,6426
6432,6426
6433,6426
6434,6426
6435,6426
6436,6426
6437,6426
6438,6386
6439,6438
6440,6438
6441,6438
6442,6438
6443,6438
6444,6438
6445,6438
6446,6386
6447,6386
6448,6386
6449,6448
6450,6448
6451,6450
6452,6450
6453,6450
6454,6450
6455,6450
6456,6450
6457,6450
6458,6450
6459,6450
6460,6450
6461,6450
6462,6386
6463,6462
6464,6462
6465,6462
6466,6386
6467,6386
6468,6467
6469,6467
6470,6467
6471,6386
6472,6471
6473,6471
6474,6471
6475,6474
6476,6474
6477,
6478,6477
6479,6478
6480,6478
6481,6478
6482,6478
6483,6478
6484,6478
6485,6478
6486,6477
6487,6486
6488,6486
6489,6486
6490,6486
6491,6490
6492,6490
6493,6490
6494,6486
6495,6486
6496,6477
6497,6477
6498,6477
6499,6498
6500,6498
6501,6498
6502,6477
6503,6502
6504,6502
6505,6504
6506,6504
6507,6502
6508,6477
6509,6508
6510,6508
6511,6477
6512,6511
6513,6511
6514,6511
6515,6477
6516,6515
6517,6515
6518,6477
6519,6477
6520,6519
6521,6519
6522,6519
6523,6519
6524,
6525,6524
6526,6525
6527,6525
6528,6525
6529,6525
6530,6524
6531,6530
6532,6531
6533,6531
6534,6531
6535,6530
6536,6530
6537,6524
6538,6537
6539,6537
6540,6524
6541,6540
6542,6540
6543,6540
6544,6524
6545,6544
6546,6544
6547,6524
6548,6547
6549,6547
6550,6549
6551,6549
6552,6547
6553,6524
6554,6553
6555,6553
6556,6555
6557,6555
6558,6553
6559,6558
6560,6558
6561,6558
6562,6558
6563,6558
6564,6558
6565,6558
6566,6558
6567,6558
6568,6553
6569,6553
6570,6553
6571,6553
6572,6553
6573,6524
6574,6573
6575,6573
6576,6573
6577,6573
6578,6573
6579,6573
6580,6524
6581,6580
6582,6580
6583,6582
6584,6582
6585,6582
6586,6582
6587,6582
6588,6582
6589,6524
6590,6589
6591,6590
6592,6590
6593,6590
6594,6589
6595,6524
6596,6595
6597,6596
6598,6596
6599,6595
6600,6599
6601,6599
6602,6595
6603,6602
6604,6602
6605,6595
6606,6605
6607,6605
6608,6524
6609,6608
6610,6608
6611,6610
6612,6610
6613,6608
6614,6613
6615,6613
6616,6613
6617,6613
6618,6608
6619,6608
6620,6608
6621,6608
6622,6524
6623,6622
6624,6623
6625,6623
6626,6622
6627,6622
6628,6622
6629,6622
6630,6622
6631,6622
6632,6622
6633,6622
6634,6622
6635,6622
6636,6622
6637,6622
6638,6622
6639,6622
6640,6622
6641,6640
6642,6640
6643,6640
6644,6640
6645,6622
6646,6645
6647,6645
6648,6645
6649,6645
6650,6645
6651,6524
6652,6651
6653,6651
6654,6651
6655,6651
6656,6651
6657,6651
6658,6651
6659,6651
6660,6659
6661,6659
6662,6659
6663,6659
6664,6651
6665,6651
6666,6651
6667,6651
6668,6651
6669,6651
6670,6651
6671,6651
6672,6651
6673,6651
6674,6651
6675,6651
6676,6524
6677,6676
6678,6676
6679,6676
6680,6679
6681,6679
6682,6679
6683,6676
6684,6524
6685,6684
6686,6684
6687,6684
6688,6684
6689,6524
6690,6689
6691,6689
6692,6689
6693,6689
6694,6524
6695,6694
6696,6694
6697,6696
6698,6696
6699,6694
6700,6694
6701,6694
6702,6694
6703,6702
6704,6702
6705,6694
6706,6705
6707,6705
6708,6524
6709,6708
6710,6709
6711,6709
6712,6708
6713,6708
6714,6713
6715,6713
6716,6713
6717,6713
6718,6713
6719,6708
6720,6708
6721,6708
6722,6708
6723,6708
6724,6708
6725,6724
6726,6724
6727,6724
6728,6724
6729,6724
6730,6724
6731,6708
6732,6524
6733,6732
6734,6732
6735,6734
6736,6734
6737,6524
6738,6737
6739,6738
6740,6738
6741,6738
6742,6737
6743,6742
6744,6742
6745,6742
6746,6742
6747,6742
6748,6742
6749,6737
6750,6749
6751,6749
6752,6737
6753,6752
6754,6752
6755,6524
6756,6755
6757,6756
6758,6756
6759,6755
6760,6755
6761,6755
6762,6755
6763,6755
6764,6755
6765,6755
6766,6755
6767,6524
6768,6767
6769,6767
6770,6767
6771,6767
6772,6771
6773,6771
6774,6771
6775,6767
6776,6524
6777,6776
6778,6776
6779,6776
6780,6776
6781,6776
6782,6776
6783,6782
6784,6782
6785,6782
6786,6782
6787,6782
6788,6776
6789,6776
6790,6776
6791,6524
6792,6791
6793,6792
6794,6792
6795,6791
6796,6795
6797,6795
6798,6791
6799,6798
6800,6798
6801,6798
6802,6524
6803,6802
6804,6803
6805,6803
6806,6803
6807,6802
6808,6802
6809,6802
6810,6809
6811,6809
6812,6802
6813,6812
6814,6812
6815,6524
6816,6815
6817,6815
6818,6815
6819,6524
6820,6819
6821,6819
6822,6819
6823,6822
6824,6822
6825,6822
6826,6822
6827,6819
6828,6819
6829,6819
6830,6524
6831,6830
6832,6831
6833,6831
6834,6830
6835,6830
6836,6830
6837,6830
6838,6837
6839,6837
6840,6837
6841,6837
6842,6837
6843,6837
6844,6837
6845,6837
6846,6837
6847,6524
6848,6847
6849,6847
6850,6847
6851,6850
6852,6850
6853,6847
6854,6853
6855,6853
6856,6847
6857,6847
6858,6857
6859,6857
6860,6857
6861,6857
6862,6524
6863,6862
6864,6862
6865,6862
6866,6865
6867,6865
6868,6862
6869,6868
6870,6868
6871,6868
6872,6868
6873,6868
6874,6868
6875,6524
6876,6875
6877,6875
6878,6877
6879,6877
6880,6875
6881,6875
6882,6875
6883,6875
6884,6524
6885,6884
6886,6885
6887,6885
6888,6884
6889,6884
6890,6884
6891,6884
6892,6884
6893,6884
6894,6893
6895,6893
6896,6893
6897,6893
6898,6893
6899,6893
6900,6884
6901,6884
6902,6884
6903,6884
6904,6524
6905,6904
6906,6904
6907,6904
6908,6524
6909,6908
6910,6908
6911,6524
6912,6911
6913,6911
6914,6913
6915,6913
6916,6911
6917,6911
6918,6911
6919,6911
6920,6919
6921,6919
6922,6524
6923,6922
6924,6922
6925,6922
6926,6524
6927,6926
6928,6926
6929,6926
6930,6926
6931,6926
6932,6926
6933,6926
6934,6926
6935,6926
6936,6926
6937,6926
6938,6926
6939,6524
6940,6939
6941,6939
6942,6939
6943,6939
6944,6943
6945,6943
6946,6524
6947,6946
6948,6946
6949,6524
6950,6949
6951,6949
6952,6949
6953,6949
6954,6949
6955,6949
6956,6949
6957,6949
6958,6949
6959,6949
6960,6949
6961,6949
6962,6524
6963,6962
6964,6962
6965,6962
6966,6524
6967,6966
6968,6967
6969,6967
6970,6967
6971,6967
6972,6967
6973,6967
6974,6967
6975,6967
6976,6967
6977,6967
6978,6966
6979,6978
6980,6978
6981,6978
6982,6966
6983,6982
6984,6982
6985,6982
6986,6982
6987,6524
6988,6524
6989,6988
6990,6989
6991,6989
6992,6989
6993,6989
6994,6988
6995,6988
6996,6988
6997,6988
6998,6524
6999,6998
7000,6998
7001,7000
7002,7000
7003,6998
7004,6524
7005,7004
7006,7005
7007,7005
7008,7004
7009,7004
7010,6524
7011,7010
7012,7011
7013,7011
7014,7010
7015,7010
7016,7015
7017,7015
7018,7015
7019,7015
7020,7010
7021,7020
7022,7020
7023,7010
7024,7023
7025,7023
7026,6524
7027,6524
7028,7027
7029,7028
7030,7028
7031,7028
7032,7027
7033,7027
7034,6524
7035,7034
7036,7034
7037,7036
7038,7036
7039,7034
7040,7034
7041,7034
7042,7034
7043,7034
7044,6524
7045,7044
7046,7044
7047,7046
7048,7046
7049,7044
7050,7044
7051,6524
7052,7051
7053,7051
7054,7051
7055,7051
7056,6524
7057,7056
7058,7056
7059,7056
7060,7056
7061,6524
7062,7061
7063,7061
7064,7063
7065,7063
7066,7061
7067,7061
7068,6524
7069,7068
7070,7068
7071,7068
7072,7068
7073,7068
7074,7068
7075,6524
7076,7075
7077,7075
7078,7075
7079,6524
7080,7079
7081,7080
7082,7080
7083,7079
7084,7083
7085,7083
7086,6524
7087,7086
7088,7086
7089,7088
7090,7088
7091,7088
7092,7088
7093,7086
7094,7093
7095,7093
7096,7086
7097,7086
7098,7097
7099,7097
7100,7086
7101,7100
7102,7100
7103,7086
7104,6524
7105,7104
7106,7105
7107,7105
7108,7104
7109,7108
7110,7108
7111,7104
7112,7111
7113,7111
7114,7111
7115,7111
7116,7104
7117,7104
7118,7104
7119,7104
7120,6524
7121,7120
7122,7120
7123,7120
7124,7120
7125,7120
7126,6524
7127,7126
7128,7126
7129,7126
7130,7126
7131,7130
7132,7130
7133,7130
7134,7130
7135,7126
7136,7135
7137,7135
7138,7135
7139,7135
7140,7126
7141,7140
7142,7140
7143,7140
7144,7140
7145,7126
7146,7145
7147,7145
7148,6524
7149,7148
7150,7148
7151,7148
7152,7148
7153,6524
7154,7153
7155,7153
7156,7153
7157,6524
7158,7157
7159,7157
7160,7159
7161,7159
7162,7159
7163,7159
7164,7159
7165,7159
7166,7159
7167,6524
7168,7167
7169,7167
7170,7167
7171,7167
7172,7171
7173,7171
7174,7171
7175,7171
7176,7171
7177,7171
7178,6524
7179,7178
7180,7179
7181,7179
7182,7178
7183,7182
7184,7182
7185,7182
7186,7178
7187,7186
7188,7186
7189,7178
7190,7189
7191,7189
7192,7189
7193,7189
7194,7189
7195,6524
7196,7195
7197,7195
7198,7195
7199,7195
7200,7195
7201,7195
7202,6524
7203,6524
7204,7203
7205,7203
7206,7205
7207,7205
7208,7203
7209,7203
7210,7203
7211,6524
7212,7211
7213,7211
7214,7213
7215,7213
7216,7211
7217,7211
7218,7211
7219,7211
7220,7211
7221,6524
7222,7221
7223,7221
7224,7221
7225,7221
7226,7221
7227,6524
7228,7227
7229,7227
7230,7229
7231,7229
7232,7227
7233,7227
7234,7227
7235,6524
7236,7235
7237,7235
7238,7235
7239,7238
7240,7238
7241,7238
7242,7235
7243,7235
7244,6524
7245,7244
7246,7244
7247,7246
7248,7246
7249,7244
7250,6524
7251,7250
7252,7251
7253,7251
7254,7250
7255,7254
7256,7254
7257,7250
7258,6524
7259,7258
7260,7258
7261,7258
7262,7258
7263,7258
7264,7263
7265,7263
7266,7258
7267,7258
7268,6524
7269,7268
7270,7268
7271,6524
7272,7271
7273,7271
7274,7271
7275,7271
7276,7271
7277,7271
7278,7271
7279,7271
7280,7271
7281,7271
7282,7281
7283,7281
7284,7271
7285,7284
7286,7284
7287,7284
7288,7284
7289,7284
7290,7271
7291,6524
7292,7291
7293,7291
7294,7291
7295,7291
7296,7295
7297,7295
7298,7291
7299,7291
7300,7291
7301,7300
7302,7300
7303,6524
7304,7303
7305,7303
7306,7303
7307,7303
7308,7303
7309,7303
7310,7303
7311,7303
7312,7303
7313,7303
7314,6524
7315,7314
7316,7314
7317,7314
7318,7314
7319,7314
7320,7314
7321,7314
7322,7314
7323,7314
7324,7314
7325,7314
7326,7314
7327,7314
7328,7314
7329,7314
7330,7329
7331,7329
7332,7329
7333,7329
7334,7329
7335,7329
7336,6524
7337,7336
7338,7336
7339,7336
7340,7336
7341,7336
7342,7336
7343,7336
7344,7336
7345,7336
7346,7336
7347,7336
7348,7336
7349,7336
7350,7336
7351,7336
7352,7336
7353,7336
7354,7336
7355,7336
7356,7336
7357,7336
7358,7336
7359,7336
7360,6524
7361,7360
7362,7360
7363,7360
7364,7360
7365,7360
7366,7360
7367,7360
7368,6524
7369,7368
7370,7368
7371,7368
7372,7368
7373,7368
7374,7368
7375,7368
7376,7368
7377,7368
7378,7368
7379,7368
7380,7368
7381,7368
7382,7368
7383,7368
7384,7368
7385,7368
7386,7368
7387,7368
7388,7368
7389,7368
7390,7368
7391,7368
7392,7368
7393,7368
7394,7368
7395,7368
7396,7368
7397,7368
7398,7368
7399,6524
7400,7399
7401,7399
7402,
7403,7402
7404,7403
7405,7403
7406,7403
7407,7406
7408,7406
7409,7406
7410,7406
7411,7403
7412,7403
7413,7412
7414,7412
7415,7412
7416,7403
7417,7416
7418,7416
7419,7416
7420,7416
7421,7402
7422,7421
7423,7422
7424,7422
7425,7422
7426,7422
7427,7422
7428,7421
7429,7421
7430,7429
7431,7429
7432,7429
7433,7429
7434,7429
7435,7429
7436,7421
7437,7402
7438,7402
7439,7438
7440,7438
7441,7440
7442,7440
7443,7440
7444,7438
7445,7444
7446,7444
7447,7444
7448,7444
7449,7438
7450,7438
7451,7438
7452,7438
7453,7438
7454,7438
7455,7438
7456,7438
7457,7438
7458,7402
7459,7458
7460,7459
7461,7459
7462,7458
7463,7458
7464,7402
7465,7464
7466,7464
7467,7464
7468,7464
7469,7464
7470,7464
7471,7464
7472,7402
7473,7472
7474,7472
7475,7472
7476,7472
7477,7472
7478,7472
7479,7472
7480,7472
7481,7472
7482,7472
7483,7472
7484,7472
7485,7402
7486,7485
7487,7486
7488,7486
7489,7485
7490,7485
7491,7402
7492,7491
7493,7491
7494,7491
7495,7491
7496,7491
7497,7402
7498,7497
7499,7497
7500,7497
7501,7497
7502,7402
7503,7502
7504,7502
7505,7502
7506,7502
7507,7502
7508,7502
7509,7502
7510,7502
7511,7502
7512,7502
7513,7502
7514,7402
7515,7514
7516,7514
7517,7514
7518,7514
7519,7514
7520,7514
7521,7514
7522,7402
7523,7522
7524,7522
7525,7402
7526,7525
7527,7525
7528,7525
7529,7525
7530,7525
7531,7402
7532,7531
7533,7532
7534,7532
7535,7532
7536,7532
7537,7531
7538,7537
7539,7537
7540,7537
7541,7537
7542,7531
7543,7542
7544,7542
7545,7542
7546,7542
7547,7531
7548,7531
7549,7531
7550,7531
7551,7402
7552,7551
7553,7551
7554,7553
7555,7553
7556,7551
7557,7556
7558,7556
7559,7556
7560,7551
7561,7551
7562,7551
7563,7551
7564,7563
7565,7563
7566,7563
7567,7551
7568,7551
7569,7402
7570,7569
7571,7570
7572,7570
7573,7570
7574,7569
7575,7574
7576,7574
7577,7574
7578,7574
7579,7574
7580,7569
7581,7569
7582,7569
7583,7402
7584,7583
7585,7583
7586,7583
7587,7583
7588,7587
7589,7587
7590,7587
7591,7587
7592,7587
7593,7583
7594,7583
7595,7583
7596,7583
7597,7583
7598,7583
7599,7583
7600,7583
7601,7402
7602,7601
7603,7601
7604,7601
7605,7601
7606,7601
7607,7601
7608,7607
7609,7607
7610,7607
7611,7607
7612,7607
7613,7607
7614,7607
7615,7607
7616,7607
7617,7607
7618,7607
7619,7607
7620,7607
7621,7402
7622,7621
7623,7621
7624,7402
7625,7624
7626,7624
7627,7402
7628,7627
7629,7628
7630,7628
7631,7627
7632,7631
7633,7631
7634,7627
7635,7634
7636,7634
7637,7634
7638,7627
7639,7402
7640,7639
7641,7639
7642,7639
7643,7639
7644,7639
7645,7402
7646,7645
7647,7645
7648,7647
7649,7647
7650,7402
7651,7650
7652,7651
7653,7651
7654,7651
7655,7650
7656,7655
7657,7655
7658,7650
7659,7658
7660,7658
7661,7658
7662,7402
7663,7662
7664,7663
7665,7663
7666,7662
7667,7666
7668,7666
7669,7662
7670,7669
7671,7669
7672,7662
7673,7672
7674,7672
7675,7672
7676,7672
7677,7672
7678,7402
7679,7678
7680,7678
7681,7678
7682,7678
7683,7678
7684,7678
7685,7678
7686,7678
7687,7678
7688,7402
7689,7688
7690,7688
7691,7688
7692,7402
7693,7692
7694,7692
7695,7692
7696,7692
7697,7692
7698,7692
7699,7692
7700,7692
7701,7692
7702,7692
7703,7402
7704,7703
7705,7703
7706,7705
7707,7705
7708,7705
7709,7705
7710,7705
7711,7705
7712,7703
7713,7703
7714,7402
7715,7714
7716,7714
7717,7716
7718,7716
7719,7714
7720,7719
7721,7719
7722,7714
7723,7714
7724,7402
7725,7402
7726,7725
7727,7725
7728,7727
7729,7727
7730,7725
7731,7725
7732,7725
7733,7725
7734,7725
7735,7402
7736,7735
7737,7735
7738,7735
7739,7735
7740,7739
7741,7739
7742,7735
7743,7735
7744,7735
7745,7735
7746,7735
7747,7735
7748,7735
7749,7748
7750,7748
7751,7748
7752,7748
7753,7735
7754,7735
7755,7735
7756,7735
7757,7735
7758,7735
7759,7735
7760,7735
7761,7735
7762,7735
7763,7735
7764,7735
7765,7735
7766,7402
7767,7766
7768,7766
7769,7766
7770,7766
7771,7766
7772,7766
7773,7402
7774,7773
7775,7773
7776,7773
7777,7773
7778,7773
7779,7773
7780,7773
7781,7773
7782,7773
7783,7773
7784,7773
7785,7773
7786,7773
7787,7402
7788,7787
7789,7787
7790,7787
7791,7787
7792,7791
7793,7791
7794,7791
7795,7787
7796,7795
7797,7795
7798,7795
7799,7787
7800,7799
7801,7799
7802,7787
7803,7402
7804,7803
7805,7804
7806,7804
7807,7803
7808,7803
7809,7803
7810,7803
7811,7810
7812,7810
7813,7803
7814,7813
7815,7813
7816,7803
7817,7816
7818,7816
7819,7402
7820,7819
7821,7819
7822,7821
7823,7821
7824,7819
7825,7819
7826,7819
7827,7819
7828,7819
7829,7402
7830,7829
7831,7830
7832,7830
7833,7830
7834,7830
7835,7829
7836,7402
7837,7836
7838,7836
7839,7836
7840,7836
7841,7836
7842,7836
7843,7836
7844,7836
7845,7402
7846,7845
7847,7846
7848,7846
7849,7845
7850,7845
7851,7845
7852,7851
7853,7851
7854,7851
7855,7851
7856,7851
7857,7851
7858,7851
7859,7851
7860,7851
7861,7851
7862,7851
7863,7851
7864,7845
7865,7845
7866,7845
7867,7845
7868,7402
7869,7868
7870,7869
7871,7869
7872,7868
7873,7868
7874,7402
7875,7874
7876,7874
7877,7874
7878,7402
7879,7878
7880,7878
7881,7878
7882,7402
7883,7882
7884,7882
7885,7882
7886,7882
7887,7882
7888,7882
7889,
7890,7889
7891,7890
7892,7890
7893,7889
7894,7893
7895,7893
7896,7889
7897,7896
7898,7896
7899,7889
7900,7889
7901,7889
7902,7901
7903,7901
7904,7901
7905,7904
7906,7904
7907,7904
7908,7889
7909,7908
7910,7909
7911,7909
7912,7909
7913,7908
7914,7913
7915,7913
7916,7908
7917,7908
7918,7917
7919,7917
7920,7889
7921,7889
7922,
7923,7922
7924,7923
7925,7923
7926,7923
7927,7923
7928,7923
7929,7923
7930,7923
7931,7923
7932,7923
7933,7922
7934,7933
7935,7933
7936,7933
7937,7933
7938,7933
7939,7933
7940,7922
7941,7940
7942,7940
7943,7942
7944,7942
7945,7942
7946,7942
7947,7942
7948,7942
7949,7942
7950,7942
7951,7942
7952,7942
7953,7942
7954,7942
7955,7942
7956,7942
7957,7942
7958,7942
7959,7942
7960,7942
7961,7942
7962,7942
7963,7942
7964,7942
7965,7942
7966,7942
7967,7940
7968,7967
7969,7967
7970,7967
7971,7967
7972,7967
7973,7967
7974,7967
7975,7967
7976,7967
7977,7967
7978,7967
7979,7967
7980,7967
7981,7967
7982,7967
7983,7967
7984,7967
7985,7967
7986,7940
7987,7940
7988,7940
7989,7940
7990,7940
7991,7940
7992,7922
7993,7992
7994,7992
7995,7994
7996,7994
7997,7994
7998,7994
7999,7994
8000,7992
8001,8000
8002,8000
8003,8000
8004,8000
8005,7992
8006,7992
8007,7992
8008,7922
8009,8008
8010,8008
8011,8008
8012,8008
8013,8008
8014,7922
8015,8014
8016,8014
8017,8014
8018,8014
8019,7922
8020,8019
8021,8019
8022,8019
8023,8019
8024,8019
8025,8019
8026,8019
8027,8019
8028,7922
8029,8028
8030,8028
8031,8028
8032,8028
8033,8032
8034,8032
8035,8032
8036,8032
8037,8032
8038,8032
8039,8032
8040,8032
8041,8028
8042,8028
8043,8028
8044,8028
8045,8028
8046,8028
8047,8028
8048,8028
8049,8028
8050,8028
8051,8028
8052,8028
8053,8028
8054,8028
8055,8028
8056,8028
8057,8028
8058,8028
8059,8028
8060,8028
8061,8028
8062,8028
8063,8028
8064,8028
8065,8028
8066,8028
8067,8028
8068,8028
8069,8028
8070,8028
8071,8028
8072,8028
8073,8028
8074,8028
8075,8028
8076,8028
8077,8028
8078,8028
8079,8028
8080,8028
8081,8028
8082,8028
8083,8028
8084,8028
8085,8028
8086,8028
8087,8028
8088,8028
8089,8028
8090,8089
8091,8089
8092,8089
8093,8089
8094,8089
8095,8089
8096,8089
8097,8089
8098,8089
8099,8089
8100,8089
8101,8089
8102,8089
8103,8089
8104,8089
8105,8089
8106,8089
8107,8089
8108,8089
8109,8089
8110,8089
8111,8089
8112,8089
8113,8089
8114,8089
8115,8089
8116,8089
8117,8089
8118,8089
8119,8089
8120,8089
8121,8089
8122,8089
8123,8089
8124,8089
8125,8089
8126,8089
8127,8089
8128,8089
8129,8089
8130,8089
8131,8089
8132,8089
8133,8089
8134,7922
8135,8134
8136,8135
8137,8135
8138,8134
8139,7922
8140,7922
8141,8140
8142,8140
8143,8140
8144,8140
8145,8140
8146,8140
8147,7922
8148,7922
8149,8148
8150,8148
8151,7922
8152,8151
8153,8151
8154,8151
8155,8151
8156,8151
8157,8156
8158,8156
8159,8156
8160,8156
8161,8156
8162,8156
8163,8156
8164,7922
8165,7922
8166,8165
8167,8165
8168,8165
8169,8168
8170,8168
8171,8165
8172,8165
8173,8165
8174,
8175,8174
8176,8174
8177,8176
8178,8177
8179,8177
8180,8176
8181,8176
8182,8176
8183,8176
8184,8174
8185,8184
8186,8184
8187,8184
8188,8184
8189,8174
8190,8174
8191,8190
8192,8190
8193,8192
8194,8192
8195,
8196,8195
8197,8196
8198,8196
8199,8196
8200,8196
8201,8196
8202,8196
8203,8196
8204,8196
8205,8196
8206,8196
8207,8196
8208,8196
8209,8195
8210,8209
8211,8209
8212,8195
8213,8212
8214,8212
8215,8214
8216,8214
8217,8214
8218,8214
8219,8214
8220,8214
8221,8214
8222,8214
8223,8214
8224,8195
8225,8224
8226,8224
8227,8195
8228,8227
8229,8227
8230,8227
8231,8227
8232,8227
8233,8227
8234,8227
8235,8227
8236,8227
8237,8195
8238,8237
8239,8237
8240,8237
8241,8237
8242,8237
8243,8237
8244,8195
8245,8244
8246,8244
8247,8195
8248,
8249,8248
8250,8249
8251,8249
8252,8249
8253,8249
8254,8249
8255,8249
8256,8249
8257,8249
8258,8249
8259,8249
8260,8248
8261,8260
8262,8261
8263,8261
8264,8260
8265,8260
8266,8248
8267,8266
8268,8267
8269,8267
8270,8266
8271,8248
8272,8271
8273,8271
8274,8248
8275,8274
8276,8274
8277,8274
8278,8248
8279,8278
8280,8278
8281,8278
8282,8278
8283,8278
8284,8278
8285,8284
8286,8284
8287,8284
8288,8284
8289,8278
8290,8289
8291,8289
8292,8278
8293,8292
8294,8292
8295,8248
8296,8295
8297,8295
8298,8295
8299,8298
8300,8298
8301,8248
8302,8301
8303,8301
8304,8301
8305,8301
8306,8248
8307,8306
8308,8306
8309,8306
8310,8306
8311,8306
8312,8306
8313,8306
8314,8306
8315,8306
8316,8306
8317,8248
8318,8317
8319,8317
8320,8317
8321,8317
8322,8248
8323,8322
8324,8322
8325,8248
8326,8325
8327,8325
8328,8325
8329,8325
8330,8248
8331,8330
8332,8330
8333,8330
8334,8330
8335,8248
8336,8335
8337,8335
8338,8335
8339,8335
8340,8335
8341,8335
8342,8248
8343,8248
8344,8343
8345,8343
8346,8343
8347,8343
8348,8343
8349,8343
8350,8343
8351,8343
8352,8343
8353,8248
8354,8353
8355,8354
8356,8354
8357,8354
8358,8354
8359,8354
8360,8353
8361,8353
8362,8361
8363,8361
8364,8361
8365,8353
8366,8365
8367,8365
8368,8353
8369,8353
8370,8248
8371,8370
8372,8370
8373,8248
8374,8248
8375,8374
8376,8374
8377,8374
8378,8374
8379,8374
8380,8374
8381,8374
8382,8374
8383,8374
8384,8383
8385,8383
8386,8374
8387,8386
8388,8386
8389,8374
8390,8374
8391,8374
8392,8248
8393,8392
8394,8393
8395,8393
8396,8393
8397,8393
8398,8392
8399,8398
8400,8398
8401,8392
8402,8392
8403,8248
8404,8248
8405,8404
8406,8404
8407,8404
8408,8248
8409,8408
8410,8409
8411,8409
8412,8408
8413,8408
8414,8248
8415,8414
8416,8414
8417,8414
8418,8414
8419,8414
8420,8414
8421,8414
8422,8414
8423,8414
8424,8414
8425,8248
8426,8425
8427,8425
8428,8425
8429,8425
8430,8425
8431,8425
8432,8248
8433,8432
8434,8432
8435,8432
8436,8432
8437,8432
8438,8432
8439,8432
8440,8432
8441,8248
8442,8441
8443,8441
8444,8441
8445,8441
8446,8441
8447,8441
8448,8441
8449,8441
8450,8441
8451,8248
8452,8451
8453,8451
8454,8451
8455,8454
8456,8454
8457,8454
8458,8454
8459,8451
8460,8451
8461,8460
8462,8460
8463,8460
8464,8451
8465,8248
8466,8465
8467,8465
8468,8465
8469,8465
8470,8465
8471,8465
8472,8465
8473,8472
8474,8472
8475,8465
8476,8465
8477,8248
8478,8477
8479,8477
8480,8477
8481,8480
8482,8480
8483,8480
8484,8480
8485,8480
8486,8480
8487,8477
8488,8477
8489,8477
8490,8248
8491,
8492,8491
8493,8492
8494,8493
8495,8493
8496,8492
8497,8496
8498,8496
8499,8492
8500,8499
8501,8499
8502,8491
8503,8502
8504,8503
8505,8503
8506,8503
8507,8502
8508,8507
8509,8507
8510,8502
8511,8510
8512,8510
8513,8491
8514,8513
8515,8513
8516,8491
8517,8491
8518,8517
8519,8518
8520,8518
8521,8517
8522,8521
8523,8521
8524,8517
8525,8524
8526,8524
8527,8491
8528,8527
8529,8527
8530,8491
8531,8491
8532,8531
8533,8532
8534,8532
8535,8532
8536,8531
8537,8531
8538,8491
8539,8538
8540,8538
8541,8491
8542,8541
8543,8542
8544,8542
8545,8542
8546,8541
8547,8541
8548,8541
8549,8491
8550,8549
8551,8549
8552,8549
8553,8549
8554,8491
8555,8554
8556,8554
8557,8491
8558,8557
8559,8557
8560,8557
8561,8491
8562,8561
8563,8561
8564,8561
8565,8561
8566,
8567,8566
8568,8567
8569,8567
8570,8567
8571,8566
8572,8571
8573,8571
8574,8566
8575,8574
8576,8574
8577,8566
8578,8566
8579,8578
8580,8578
8581,8566
8582,8581
8583,8581
8584,8566
8585,8584
8586,8584
8587,8586
8588,8586
8589,8586
8590,8586
8591,
8592,8591
8593,8592
8594,8592
8595,8592
8596,8591
8597,8591
8598,8597
8599,8597
8600,8597
8601,8597
8602,8591
8603,8591
8604,8603
8605,8603
8606,8603
8607,8603
8608,8603
8609,8608
8610,8608
8611,8591
8612,8611
8613,8612
8614,8612
8615,8611
8616,8611
8617,8591
8618,
8619,8618
8620,8619
8621,8619
8622,8619
8623,8619
8624,8619
8625,8624
8626,8624
8627,8619
8628,8627
8629,8627
8630,8619
8631,8630
8632,8630
8633,8619
8634,8619
8635,8619
8636,8619
8637,8619
8638,8618
8639,8638
8640,8638
8641,8618
8642,8641
8643,8641
8644,8641
8645,8641
8646,8641
8647,8641
8648,8641
8649,8641
8650,8649
8651,8649
8652,8641
8653,8618
8654,8653
8655,8653
8656,8655
8657,8655
8658,8653
8659,8653
8660,8618
8661,8660
8662,8660
8663,8660
8664,8660
8665,8660
8666,8660
8667,8660
8668,8660
8669,8660
8670,8669
8671,8669
8672,8669
8673,8618
8674,
8675,8674
8676,8675
8677,8675
8678,8675
8679,8675
8680,8675
8681,8675
8682,8675
8683,8675
8684,8675
8685,8675
8686,8675
8687,8674
8688,8687
8689,8687
8690,8687
8691,8687
8692,8687
8693,8687
8694,8687
8695,8687
8696,8687
8697,8674
8698,8697
8699,8697
8700,8674
8701,8700
8702,8701
8703,8701
8704,8701
8705,8700
8706,8705
8707,8705
8708,8700
8709,8708
8710,8708
8711,8708
8712,8700
8713,8700
8714,8713
8715,8713
8716,8700
8717,8716
8718,8716
8719,8716
8720,8700
8721,8700
8722,8721
8723,8721
8724,8721
8725,8721
8726,8674
8727,8726
8728,8726
8729,8726
8730,8726
8731,8674
8732,8731
8733,8731
8734,
8735,8734
8736,8735
8737,8735
8738,8734
8739,8738
8740,8738
8741,8734
8742,8741
8743,8741
8744,8743
8745,8743
8746,8741
8747,8741
8748,8741
8749,8741
8750,8734
8751,8734
8752,8734
8753,8752
8754,8752
8755,8754
8756,8754
8757,8754
8758,8752
8759,8734
8760,8759
8761,8760
8762,8760
8763,8759
8764,8734
8765,8764
8766,8764
8767,8764
8768,8764
8769,8764
8770,8764
8771,8764
8772,8764
8773,8764
8774,8773
8775,8773
8776,8734
8777,8776
8778,8776
8779,8776
8780,8734
8781,8734
8782,8734
8783,8782
8784,8782
8785,8734
8786,8785
8787,8785
8788,8785
8789,8785
8790,8785
8791,8785
8792,8734
8793,8734
8794,8793
8795,8794
8796,8794
8797,8793
8798,8734
8799,8798
8800,8798
8801,8734
8802,8734
8803,8734
8804,8803
8805,8803
8806,8803
8807,8803
8808,8803
8809,8803
8810,8803
8811,8803
8812,8803
8813,8803
8814,8803
8815,
8816,8815
8817,8816
8818,8816
8819,8815
8820,8815
8821,8815
8822,8815
8823,8815
